DEPTH = 16384;
WIDTH = 12;
ADDRESS_RADIX = DEC;
DATA_RADIX = DEC;
CONTENT
BEGIN
0 : 4095;
1 : 3686;
2 : 1468;
3 : 210;
4 : 190;
5 : 519;
6 : 545;
7 : 487;
8 : 452;
9 : 462;
10 : 436;
11 : 438;
12 : 474;
13 : 501;
14 : 501;
15 : 489;
16 : 474;
17 : 501;
18 : 516;
19 : 547;
20 : 552;
21 : 584;
22 : 618;
23 : 648;
24 : 670;
25 : 711;
26 : 773;
27 : 851;
28 : 945;
29 : 1058;
30 : 1206;
31 : 1334;
32 : 1485;
33 : 1631;
34 : 1758;
35 : 1840;
36 : 1846;
37 : 1715;
38 : 1526;
39 : 1270;
40 : 1023;
41 : 836;
42 : 691;
43 : 603;
44 : 534;
45 : 509;
46 : 481;
47 : 477;
48 : 474;
49 : 486;
50 : 472;
51 : 466;
52 : 489;
53 : 477;
54 : 502;
55 : 494;
56 : 477;
57 : 502;
58 : 517;
59 : 539;
60 : 580;
61 : 570;
62 : 594;
63 : 587;
64 : 577;
65 : 575;
66 : 565;
67 : 560;
68 : 540;
69 : 525;
70 : 525;
71 : 524;
72 : 512;
73 : 501;
74 : 479;
75 : 461;
76 : 462;
77 : 522;
78 : 676;
79 : 735;
80 : 660;
81 : 723;
82 : 748;
83 : 715;
84 : 620;
85 : 605;
86 : 552;
87 : 502;
88 : 438;
89 : 401;
90 : 386;
91 : 365;
92 : 365;
93 : 363;
94 : 371;
95 : 351;
96 : 351;
97 : 365;
98 : 345;
99 : 237;
100 : 0;
101 : 476;
102 : 1267;
103 : 3416;
104 : 3948;
105 : 2299;
106 : 333;
107 : 132;
108 : 461;
109 : 623;
110 : 555;
111 : 511;
112 : 506;
113 : 506;
114 : 474;
115 : 472;
116 : 477;
117 : 511;
118 : 524;
119 : 532;
120 : 519;
121 : 530;
122 : 557;
123 : 0;
124 : 0;
125 : 0;
126 : 0;
127 : 0;
128 : 0;
129 : 0;
130 : 0;
131 : 0;
132 : 0;
133 : 0;
134 : 0;
135 : 0;
136 : 0;
137 : 0;
138 : 0;
139 : 0;
140 : 0;
141 : 0;
142 : 0;
143 : 0;
144 : 0;
145 : 0;
146 : 0;
147 : 0;
148 : 0;
149 : 0;
150 : 0;
151 : 0;
152 : 0;
153 : 0;
154 : 0;
155 : 0;
156 : 0;
157 : 0;
158 : 0;
159 : 0;
160 : 0;
161 : 0;
162 : 0;
163 : 0;
164 : 0;
165 : 0;
166 : 0;
167 : 0;
168 : 0;
169 : 0;
170 : 0;
171 : 0;
172 : 0;
173 : 0;
174 : 0;
175 : 0;
176 : 0;
177 : 0;
178 : 0;
179 : 0;
180 : 0;
181 : 0;
182 : 0;
183 : 0;
184 : 0;
185 : 0;
186 : 0;
187 : 0;
188 : 4095;
189 : 3254;
190 : 1537;
191 : 478;
192 : 0;
193 : 704;
194 : 1162;
195 : 1202;
196 : 1334;
197 : 1413;
198 : 1481;
199 : 1484;
200 : 1499;
201 : 1506;
202 : 1532;
203 : 1547;
204 : 1565;
205 : 1575;
206 : 1633;
207 : 1643;
208 : 1711;
209 : 1815;
210 : 1874;
211 : 1998;
212 : 2132;
213 : 2291;
214 : 2474;
215 : 2598;
216 : 2676;
217 : 2755;
218 : 2778;
219 : 2704;
220 : 2545;
221 : 2276;
222 : 1975;
223 : 1795;
224 : 1549;
225 : 1438;
226 : 1309;
227 : 1256;
228 : 1210;
229 : 1200;
230 : 1195;
231 : 1197;
232 : 1142;
233 : 1142;
234 : 1149;
235 : 1149;
236 : 1170;
237 : 1124;
238 : 1126;
239 : 1121;
240 : 1164;
241 : 1132;
242 : 1126;
243 : 1137;
244 : 1144;
245 : 1157;
246 : 1144;
247 : 1119;
248 : 1099;
249 : 1101;
250 : 1096;
251 : 1053;
252 : 1033;
253 : 1035;
254 : 1053;
255 : 1023;
256 : 1028;
257 : 1028;
258 : 1023;
259 : 990;
260 : 987;
261 : 997;
262 : 1002;
263 : 980;
264 : 990;
265 : 977;
266 : 992;
267 : 987;
268 : 944;
269 : 952;
270 : 934;
271 : 972;
272 : 995;
273 : 997;
274 : 995;
275 : 1101;
276 : 1078;
277 : 1190;
278 : 1132;
279 : 1139;
280 : 1030;
281 : 1050;
282 : 1033;
283 : 1007;
284 : 1010;
285 : 975;
286 : 904;
287 : 944;
288 : 964;
289 : 1007;
290 : 1000;
291 : 1025;
292 : 1058;
293 : 1048;
294 : 1420;
295 : 1706;
296 : 2117;
297 : 3560;
298 : 4031;
299 : 2274;
300 : 990;
301 : 126;
302 : 182;
303 : 931;
304 : 1099;
305 : 1152;
306 : 1296;
307 : 1334;
308 : 1357;
309 : 1390;
310 : 1428;
311 : 1420;
312 : 1410;
313 : 1433;
314 : 1471;
315 : 1501;
316 : 1542;
317 : 1580;
318 : 1628;
319 : 1706;
320 : 0;
321 : 0;
322 : 0;
323 : 0;
324 : 0;
325 : 0;
326 : 0;
327 : 0;
328 : 0;
329 : 0;
330 : 0;
331 : 0;
332 : 0;
333 : 0;
334 : 0;
335 : 0;
336 : 0;
337 : 0;
338 : 0;
339 : 0;
340 : 0;
341 : 0;
342 : 0;
343 : 0;
344 : 0;
345 : 0;
346 : 0;
347 : 0;
348 : 0;
349 : 0;
350 : 0;
351 : 0;
352 : 0;
353 : 0;
354 : 0;
355 : 0;
356 : 0;
357 : 0;
358 : 0;
359 : 0;
360 : 0;
361 : 0;
362 : 0;
363 : 0;
364 : 0;
365 : 0;
366 : 0;
367 : 0;
368 : 0;
369 : 0;
370 : 0;
371 : 0;
372 : 0;
373 : 0;
374 : 0;
375 : 0;
376 : 3722;
377 : 3241;
378 : 1732;
379 : 764;
380 : 0;
381 : 32;
382 : 258;
383 : 315;
384 : 306;
385 : 316;
386 : 316;
387 : 357;
388 : 376;
389 : 389;
390 : 394;
391 : 429;
392 : 442;
393 : 466;
394 : 477;
395 : 491;
396 : 509;
397 : 541;
398 : 597;
399 : 625;
400 : 669;
401 : 718;
402 : 775;
403 : 838;
404 : 938;
405 : 1035;
406 : 1130;
407 : 1238;
408 : 1315;
409 : 1367;
410 : 1416;
411 : 1427;
412 : 1421;
413 : 1368;
414 : 1255;
415 : 1124;
416 : 973;
417 : 845;
418 : 752;
419 : 665;
420 : 594;
421 : 553;
422 : 514;
423 : 491;
424 : 474;
425 : 461;
426 : 450;
427 : 463;
428 : 453;
429 : 446;
430 : 457;
431 : 457;
432 : 475;
433 : 491;
434 : 496;
435 : 493;
436 : 482;
437 : 503;
438 : 509;
439 : 514;
440 : 507;
441 : 516;
442 : 520;
443 : 499;
444 : 520;
445 : 517;
446 : 527;
447 : 517;
448 : 509;
449 : 512;
450 : 541;
451 : 530;
452 : 520;
453 : 506;
454 : 517;
455 : 503;
456 : 493;
457 : 499;
458 : 493;
459 : 517;
460 : 502;
461 : 507;
462 : 498;
463 : 510;
464 : 526;
465 : 538;
466 : 539;
467 : 552;
468 : 559;
469 : 555;
470 : 559;
471 : 551;
472 : 552;
473 : 552;
474 : 556;
475 : 576;
476 : 569;
477 : 576;
478 : 577;
479 : 591;
480 : 592;
481 : 591;
482 : 590;
483 : 594;
484 : 609;
485 : 606;
486 : 619;
487 : 606;
488 : 601;
489 : 605;
490 : 611;
491 : 620;
492 : 668;
493 : 771;
494 : 856;
495 : 884;
496 : 1039;
497 : 1057;
498 : 1065;
499 : 1070;
500 : 952;
501 : 899;
502 : 870;
503 : 694;
504 : 574;
505 : 531;
506 : 519;
507 : 513;
508 : 516;
509 : 527;
510 : 461;
511 : 553;
512 : 937;
513 : 2419;
514 : 4055;
515 : 4095;
516 : 2763;
517 : 1361;
518 : 538;
519 : 318;
520 : 549;
521 : 685;
522 : 680;
523 : 689;
524 : 689;
525 : 696;
526 : 712;
527 : 729;
528 : 752;
529 : 763;
530 : 782;
531 : 796;
532 : 825;
533 : 852;
534 : 869;
535 : 899;
536 : 932;
537 : 978;
538 : 1019;
539 : 1042;
540 : 1106;
541 : 0;
542 : 0;
543 : 0;
544 : 0;
545 : 0;
546 : 0;
547 : 0;
548 : 0;
549 : 0;
550 : 0;
551 : 0;
552 : 0;
553 : 0;
554 : 0;
555 : 0;
556 : 0;
557 : 0;
558 : 0;
559 : 0;
560 : 0;
561 : 0;
562 : 0;
563 : 0;
564 : 4095;
565 : 1961;
566 : 232;
567 : 262;
568 : 332;
569 : 297;
570 : 227;
571 : 199;
572 : 223;
573 : 170;
574 : 200;
575 : 210;
576 : 202;
577 : 188;
578 : 204;
579 : 220;
580 : 203;
581 : 188;
582 : 225;
583 : 219;
584 : 260;
585 : 270;
586 : 341;
587 : 388;
588 : 474;
589 : 537;
590 : 627;
591 : 729;
592 : 860;
593 : 953;
594 : 1089;
595 : 1173;
596 : 1252;
597 : 1299;
598 : 1248;
599 : 1083;
600 : 916;
601 : 784;
602 : 576;
603 : 457;
604 : 378;
605 : 284;
606 : 302;
607 : 228;
608 : 262;
609 : 228;
610 : 218;
611 : 221;
612 : 256;
613 : 261;
614 : 261;
615 : 281;
616 : 275;
617 : 265;
618 : 267;
619 : 283;
620 : 265;
621 : 268;
622 : 263;
623 : 247;
624 : 268;
625 : 272;
626 : 231;
627 : 246;
628 : 212;
629 : 212;
630 : 205;
631 : 200;
632 : 185;
633 : 237;
634 : 213;
635 : 161;
636 : 181;
637 : 171;
638 : 193;
639 : 191;
640 : 178;
641 : 175;
642 : 165;
643 : 151;
644 : 193;
645 : 174;
646 : 162;
647 : 165;
648 : 153;
649 : 160;
650 : 181;
651 : 153;
652 : 143;
653 : 127;
654 : 141;
655 : 121;
656 : 149;
657 : 124;
658 : 143;
659 : 171;
660 : 153;
661 : 145;
662 : 123;
663 : 158;
664 : 148;
665 : 116;
666 : 144;
667 : 158;
668 : 130;
669 : 176;
670 : 143;
671 : 148;
672 : 156;
673 : 245;
674 : 295;
675 : 291;
676 : 363;
677 : 437;
678 : 463;
679 : 496;
680 : 533;
681 : 421;
682 : 332;
683 : 242;
684 : 141;
685 : 113;
686 : 137;
687 : 114;
688 : 77;
689 : 91;
690 : 101;
691 : 95;
692 : 103;
693 : 0;
694 : 43;
695 : 1125;
696 : 2699;
697 : 3843;
698 : 3154;
699 : 575;
700 : 249;
701 : 356;
702 : 0;
703 : 0;
704 : 0;
705 : 0;
706 : 0;
707 : 0;
708 : 0;
709 : 0;
710 : 0;
711 : 0;
712 : 0;
713 : 0;
714 : 0;
715 : 0;
716 : 0;
717 : 0;
718 : 0;
719 : 0;
720 : 0;
721 : 0;
722 : 0;
723 : 0;
724 : 0;
725 : 0;
726 : 0;
727 : 0;
728 : 0;
729 : 0;
730 : 0;
731 : 0;
732 : 0;
733 : 0;
734 : 0;
735 : 0;
736 : 0;
737 : 0;
738 : 0;
739 : 0;
740 : 0;
741 : 0;
742 : 0;
743 : 0;
744 : 0;
745 : 0;
746 : 0;
747 : 0;
748 : 0;
749 : 0;
750 : 0;
751 : 0;
752 : 4095;
753 : 3551;
754 : 824;
755 : 406;
756 : 578;
757 : 495;
758 : 444;
759 : 394;
760 : 382;
761 : 412;
762 : 355;
763 : 385;
764 : 392;
765 : 394;
766 : 366;
767 : 388;
768 : 366;
769 : 388;
770 : 401;
771 : 418;
772 : 408;
773 : 395;
774 : 444;
775 : 523;
776 : 525;
777 : 610;
778 : 705;
779 : 835;
780 : 908;
781 : 1041;
782 : 1166;
783 : 1266;
784 : 1350;
785 : 1409;
786 : 1473;
787 : 1365;
788 : 1196;
789 : 1037;
790 : 887;
791 : 702;
792 : 567;
793 : 474;
794 : 435;
795 : 423;
796 : 348;
797 : 341;
798 : 364;
799 : 335;
800 : 330;
801 : 352;
802 : 332;
803 : 314;
804 : 363;
805 : 394;
806 : 421;
807 : 360;
808 : 387;
809 : 433;
810 : 415;
811 : 360;
812 : 411;
813 : 391;
814 : 428;
815 : 375;
816 : 368;
817 : 389;
818 : 403;
819 : 348;
820 : 348;
821 : 375;
822 : 312;
823 : 340;
824 : 317;
825 : 343;
826 : 308;
827 : 303;
828 : 342;
829 : 302;
830 : 302;
831 : 285;
832 : 299;
833 : 297;
834 : 277;
835 : 286;
836 : 341;
837 : 256;
838 : 296;
839 : 290;
840 : 322;
841 : 308;
842 : 267;
843 : 330;
844 : 300;
845 : 265;
846 : 328;
847 : 294;
848 : 286;
849 : 268;
850 : 308;
851 : 261;
852 : 261;
853 : 286;
854 : 271;
855 : 282;
856 : 274;
857 : 255;
858 : 283;
859 : 267;
860 : 289;
861 : 261;
862 : 273;
863 : 346;
864 : 432;
865 : 364;
866 : 416;
867 : 512;
868 : 563;
869 : 584;
870 : 652;
871 : 512;
872 : 449;
873 : 336;
874 : 259;
875 : 204;
876 : 179;
877 : 145;
878 : 162;
879 : 162;
880 : 162;
881 : 181;
882 : 165;
883 : 158;
884 : 0;
885 : 831;
886 : 2416;
887 : 3810;
888 : 4036;
889 : 1209;
890 : 267;
891 : 431;
892 : 416;
893 : 341;
894 : 0;
895 : 0;
896 : 0;
897 : 0;
898 : 0;
899 : 0;
900 : 0;
901 : 0;
902 : 0;
903 : 0;
904 : 0;
905 : 0;
906 : 0;
907 : 0;
908 : 0;
909 : 0;
910 : 0;
911 : 0;
912 : 0;
913 : 0;
914 : 0;
915 : 0;
916 : 0;
917 : 0;
918 : 0;
919 : 0;
920 : 0;
921 : 0;
922 : 0;
923 : 0;
924 : 0;
925 : 0;
926 : 0;
927 : 0;
928 : 0;
929 : 0;
930 : 0;
931 : 0;
932 : 0;
933 : 0;
934 : 0;
935 : 0;
936 : 0;
937 : 0;
938 : 0;
939 : 0;
940 : 3886;
941 : 2069;
942 : 17;
943 : 92;
944 : 243;
945 : 439;
946 : 452;
947 : 455;
948 : 477;
949 : 483;
950 : 463;
951 : 541;
952 : 532;
953 : 544;
954 : 562;
955 : 619;
956 : 646;
957 : 637;
958 : 737;
959 : 765;
960 : 820;
961 : 921;
962 : 982;
963 : 1124;
964 : 1176;
965 : 1284;
966 : 1379;
967 : 1422;
968 : 1450;
969 : 1392;
970 : 1297;
971 : 1096;
972 : 915;
973 : 737;
974 : 639;
975 : 552;
976 : 466;
977 : 437;
978 : 428;
979 : 361;
980 : 383;
981 : 414;
982 : 397;
983 : 395;
984 : 388;
985 : 395;
986 : 390;
987 : 379;
988 : 406;
989 : 422;
990 : 424;
991 : 434;
992 : 433;
993 : 405;
994 : 404;
995 : 425;
996 : 427;
997 : 411;
998 : 379;
999 : 376;
1000 : 409;
1001 : 371;
1002 : 370;
1003 : 401;
1004 : 394;
1005 : 358;
1006 : 402;
1007 : 369;
1008 : 349;
1009 : 368;
1010 : 382;
1011 : 340;
1012 : 377;
1013 : 339;
1014 : 337;
1015 : 399;
1016 : 501;
1017 : 475;
1018 : 489;
1019 : 573;
1020 : 397;
1021 : 493;
1022 : 463;
1023 : 379;
1024 : 357;
1025 : 341;
1026 : 347;
1027 : 296;
1028 : 325;
1029 : 353;
1030 : 324;
1031 : 304;
1032 : 341;
1033 : 101;
1034 : 70;
1035 : 850;
1036 : 2170;
1037 : 4095;
1038 : 3787;
1039 : 1807;
1040 : 0;
1041 : 92;
1042 : 305;
1043 : 450;
1044 : 502;
1045 : 414;
1046 : 465;
1047 : 444;
1048 : 485;
1049 : 469;
1050 : 539;
1051 : 547;
1052 : 583;
1053 : 630;
1054 : 623;
1055 : 667;
1056 : 679;
1057 : 788;
1058 : 820;
1059 : 893;
1060 : 984;
1061 : 1094;
1062 : 1257;
1063 : 1320;
1064 : 1364;
1065 : 1434;
1066 : 1469;
1067 : 1421;
1068 : 0;
1069 : 0;
1070 : 0;
1071 : 0;
1072 : 0;
1073 : 0;
1074 : 0;
1075 : 0;
1076 : 0;
1077 : 0;
1078 : 0;
1079 : 0;
1080 : 0;
1081 : 0;
1082 : 0;
1083 : 0;
1084 : 0;
1085 : 0;
1086 : 0;
1087 : 0;
1088 : 0;
1089 : 0;
1090 : 0;
1091 : 0;
1092 : 0;
1093 : 0;
1094 : 0;
1095 : 0;
1096 : 0;
1097 : 0;
1098 : 0;
1099 : 0;
1100 : 0;
1101 : 0;
1102 : 0;
1103 : 0;
1104 : 0;
1105 : 0;
1106 : 0;
1107 : 0;
1108 : 0;
1109 : 0;
1110 : 0;
1111 : 0;
1112 : 0;
1113 : 0;
1114 : 0;
1115 : 0;
1116 : 0;
1117 : 0;
1118 : 0;
1119 : 0;
1120 : 0;
1121 : 0;
1122 : 0;
1123 : 0;
1124 : 0;
1125 : 0;
1126 : 0;
1127 : 0;
1128 : 4095;
1129 : 1997;
1130 : 468;
1131 : 0;
1132 : 123;
1133 : 266;
1134 : 249;
1135 : 208;
1136 : 218;
1137 : 211;
1138 : 241;
1139 : 229;
1140 : 238;
1141 : 278;
1142 : 269;
1143 : 291;
1144 : 320;
1145 : 330;
1146 : 375;
1147 : 385;
1148 : 459;
1149 : 550;
1150 : 580;
1151 : 632;
1152 : 746;
1153 : 818;
1154 : 968;
1155 : 1079;
1156 : 1189;
1157 : 1271;
1158 : 1352;
1159 : 1374;
1160 : 1324;
1161 : 1133;
1162 : 945;
1163 : 748;
1164 : 604;
1165 : 490;
1166 : 407;
1167 : 379;
1168 : 330;
1169 : 326;
1170 : 313;
1171 : 308;
1172 : 308;
1173 : 318;
1174 : 308;
1175 : 319;
1176 : 315;
1177 : 304;
1178 : 316;
1179 : 323;
1180 : 329;
1181 : 348;
1182 : 312;
1183 : 308;
1184 : 358;
1185 : 343;
1186 : 336;
1187 : 333;
1188 : 329;
1189 : 341;
1190 : 336;
1191 : 319;
1192 : 322;
1193 : 326;
1194 : 313;
1195 : 320;
1196 : 313;
1197 : 306;
1198 : 315;
1199 : 339;
1200 : 299;
1201 : 311;
1202 : 318;
1203 : 305;
1204 : 315;
1205 : 304;
1206 : 305;
1207 : 278;
1208 : 302;
1209 : 292;
1210 : 276;
1211 : 308;
1212 : 309;
1213 : 274;
1214 : 304;
1215 : 298;
1216 : 288;
1217 : 311;
1218 : 304;
1219 : 301;
1220 : 316;
1221 : 299;
1222 : 305;
1223 : 315;
1224 : 332;
1225 : 325;
1226 : 297;
1227 : 315;
1228 : 347;
1229 : 301;
1230 : 323;
1231 : 343;
1232 : 322;
1233 : 336;
1234 : 311;
1235 : 413;
1236 : 473;
1237 : 500;
1238 : 567;
1239 : 598;
1240 : 627;
1241 : 637;
1242 : 529;
1243 : 524;
1244 : 466;
1245 : 402;
1246 : 351;
1247 : 306;
1248 : 292;
1249 : 285;
1250 : 242;
1251 : 11;
1252 : 161;
1253 : 1000;
1254 : 2467;
1255 : 4071;
1256 : 2993;
1257 : 1474;
1258 : 242;
1259 : 91;
1260 : 280;
1261 : 367;
1262 : 339;
1263 : 329;
1264 : 323;
1265 : 334;
1266 : 353;
1267 : 348;
1268 : 355;
1269 : 386;
1270 : 416;
1271 : 426;
1272 : 480;
1273 : 484;
1274 : 532;
1275 : 561;
1276 : 612;
1277 : 648;
1278 : 720;
1279 : 794;
1280 : 0;
1281 : 0;
1282 : 0;
1283 : 0;
1284 : 0;
1285 : 0;
1286 : 0;
1287 : 0;
1288 : 0;
1289 : 0;
1290 : 0;
1291 : 0;
1292 : 0;
1293 : 0;
1294 : 0;
1295 : 0;
1296 : 0;
1297 : 0;
1298 : 0;
1299 : 0;
1300 : 0;
1301 : 0;
1302 : 0;
1303 : 0;
1304 : 0;
1305 : 0;
1306 : 0;
1307 : 0;
1308 : 0;
1309 : 0;
1310 : 0;
1311 : 0;
1312 : 0;
1313 : 0;
1314 : 0;
1315 : 0;
1316 : 4095;
1317 : 1885;
1318 : 500;
1319 : 38;
1320 : 514;
1321 : 900;
1322 : 1094;
1323 : 1076;
1324 : 1065;
1325 : 1122;
1326 : 1154;
1327 : 1154;
1328 : 1214;
1329 : 1210;
1330 : 1234;
1331 : 1268;
1332 : 1296;
1333 : 1306;
1334 : 1292;
1335 : 1321;
1336 : 1406;
1337 : 1499;
1338 : 1564;
1339 : 1626;
1340 : 1691;
1341 : 1800;
1342 : 1936;
1343 : 2042;
1344 : 2153;
1345 : 2269;
1346 : 2378;
1347 : 2416;
1348 : 2425;
1349 : 2405;
1350 : 2318;
1351 : 2151;
1352 : 1950;
1353 : 1765;
1354 : 1582;
1355 : 1419;
1356 : 1297;
1357 : 1225;
1358 : 1198;
1359 : 1147;
1360 : 1109;
1361 : 1076;
1362 : 1074;
1363 : 1065;
1364 : 1067;
1365 : 1069;
1366 : 1065;
1367 : 1060;
1368 : 1062;
1369 : 1055;
1370 : 1056;
1371 : 1080;
1372 : 1055;
1373 : 1055;
1374 : 1011;
1375 : 984;
1376 : 978;
1377 : 973;
1378 : 968;
1379 : 962;
1380 : 989;
1381 : 989;
1382 : 995;
1383 : 991;
1384 : 984;
1385 : 971;
1386 : 997;
1387 : 991;
1388 : 920;
1389 : 906;
1390 : 895;
1391 : 877;
1392 : 910;
1393 : 906;
1394 : 873;
1395 : 855;
1396 : 862;
1397 : 877;
1398 : 862;
1399 : 859;
1400 : 861;
1401 : 890;
1402 : 902;
1403 : 893;
1404 : 888;
1405 : 888;
1406 : 866;
1407 : 844;
1408 : 842;
1409 : 844;
1410 : 822;
1411 : 835;
1412 : 837;
1413 : 839;
1414 : 877;
1415 : 879;
1416 : 859;
1417 : 928;
1418 : 1089;
1419 : 998;
1420 : 1007;
1421 : 890;
1422 : 877;
1423 : 817;
1424 : 846;
1425 : 797;
1426 : 779;
1427 : 772;
1428 : 779;
1429 : 797;
1430 : 783;
1431 : 779;
1432 : 808;
1433 : 786;
1434 : 754;
1435 : 880;
1436 : 1506;
1437 : 2363;
1438 : 3669;
1439 : 3833;
1440 : 1546;
1441 : 313;
1442 : 0;
1443 : 505;
1444 : 861;
1445 : 1036;
1446 : 1087;
1447 : 1113;
1448 : 1136;
1449 : 1143;
1450 : 1122;
1451 : 1132;
1452 : 1111;
1453 : 1116;
1454 : 1149;
1455 : 1151;
1456 : 1160;
1457 : 1198;
1458 : 1234;
1459 : 1325;
1460 : 1363;
1461 : 1435;
1462 : 0;
1463 : 0;
1464 : 0;
1465 : 0;
1466 : 0;
1467 : 0;
1468 : 0;
1469 : 0;
1470 : 0;
1471 : 0;
1472 : 0;
1473 : 0;
1474 : 0;
1475 : 0;
1476 : 0;
1477 : 0;
1478 : 0;
1479 : 0;
1480 : 0;
1481 : 0;
1482 : 0;
1483 : 0;
1484 : 0;
1485 : 0;
1486 : 0;
1487 : 0;
1488 : 0;
1489 : 0;
1490 : 0;
1491 : 0;
1492 : 0;
1493 : 0;
1494 : 0;
1495 : 0;
1496 : 0;
1497 : 0;
1498 : 0;
1499 : 0;
1500 : 0;
1501 : 0;
1502 : 0;
1503 : 0;
1504 : 4095;
1505 : 3092;
1506 : 553;
1507 : 0;
1508 : 1170;
1509 : 1357;
1510 : 1051;
1511 : 1057;
1512 : 1037;
1513 : 1135;
1514 : 971;
1515 : 806;
1516 : 959;
1517 : 789;
1518 : 1011;
1519 : 671;
1520 : 657;
1521 : 1002;
1522 : 884;
1523 : 968;
1524 : 979;
1525 : 896;
1526 : 855;
1527 : 896;
1528 : 1048;
1529 : 1063;
1530 : 1144;
1531 : 1172;
1532 : 1164;
1533 : 1443;
1534 : 1472;
1535 : 1573;
1536 : 1680;
1537 : 1403;
1538 : 1458;
1539 : 1097;
1540 : 1118;
1541 : 801;
1542 : 890;
1543 : 708;
1544 : 786;
1545 : 625;
1546 : 752;
1547 : 608;
1548 : 677;
1549 : 775;
1550 : 559;
1551 : 876;
1552 : 628;
1553 : 740;
1554 : 619;
1555 : 685;
1556 : 674;
1557 : 633;
1558 : 619;
1559 : 835;
1560 : 720;
1561 : 662;
1562 : 783;
1563 : 792;
1564 : 645;
1565 : 628;
1566 : 887;
1567 : 533;
1568 : 913;
1569 : 887;
1570 : 1080;
1571 : 1360;
1572 : 1244;
1573 : 1195;
1574 : 1524;
1575 : 1530;
1576 : 1213;
1577 : 780;
1578 : 832;
1579 : 780;
1580 : 633;
1581 : 394;
1582 : 533;
1583 : 417;
1584 : 518;
1585 : 383;
1586 : 455;
1587 : 299;
1588 : 639;
1589 : 221;
1590 : 1262;
1591 : 3458;
1592 : 2544;
1593 : 665;
1594 : 132;
1595 : 959;
1596 : 1017;
1597 : 674;
1598 : 694;
1599 : 582;
1600 : 815;
1601 : 636;
1602 : 631;
1603 : 602;
1604 : 631;
1605 : 559;
1606 : 812;
1607 : 449;
1608 : 602;
1609 : 0;
1610 : 0;
1611 : 0;
1612 : 0;
1613 : 0;
1614 : 0;
1615 : 0;
1616 : 0;
1617 : 0;
1618 : 0;
1619 : 0;
1620 : 0;
1621 : 0;
1622 : 0;
1623 : 0;
1624 : 0;
1625 : 0;
1626 : 0;
1627 : 0;
1628 : 0;
1629 : 0;
1630 : 0;
1631 : 0;
1632 : 0;
1633 : 0;
1634 : 0;
1635 : 0;
1636 : 0;
1637 : 0;
1638 : 0;
1639 : 0;
1640 : 0;
1641 : 0;
1642 : 0;
1643 : 0;
1644 : 0;
1645 : 0;
1646 : 0;
1647 : 0;
1648 : 0;
1649 : 0;
1650 : 0;
1651 : 0;
1652 : 0;
1653 : 0;
1654 : 0;
1655 : 0;
1656 : 0;
1657 : 0;
1658 : 0;
1659 : 0;
1660 : 0;
1661 : 0;
1662 : 0;
1663 : 0;
1664 : 0;
1665 : 0;
1666 : 0;
1667 : 0;
1668 : 0;
1669 : 0;
1670 : 0;
1671 : 0;
1672 : 0;
1673 : 0;
1674 : 0;
1675 : 0;
1676 : 0;
1677 : 0;
1678 : 0;
1679 : 0;
1680 : 0;
1681 : 0;
1682 : 0;
1683 : 0;
1684 : 0;
1685 : 0;
1686 : 0;
1687 : 0;
1688 : 0;
1689 : 0;
1690 : 0;
1691 : 0;
1692 : 4095;
1693 : 2891;
1694 : 1323;
1695 : 416;
1696 : 56;
1697 : 911;
1698 : 1170;
1699 : 1210;
1700 : 1330;
1701 : 1435;
1702 : 1479;
1703 : 1514;
1704 : 1509;
1705 : 1532;
1706 : 1573;
1707 : 1568;
1708 : 1563;
1709 : 1614;
1710 : 1660;
1711 : 1711;
1712 : 1772;
1713 : 1852;
1714 : 1931;
1715 : 2043;
1716 : 2209;
1717 : 2378;
1718 : 2541;
1719 : 2643;
1720 : 2787;
1721 : 2856;
1722 : 2884;
1723 : 2820;
1724 : 2692;
1725 : 2419;
1726 : 2120;
1727 : 1890;
1728 : 1675;
1729 : 1522;
1730 : 1412;
1731 : 1364;
1732 : 1323;
1733 : 1307;
1734 : 1277;
1735 : 1302;
1736 : 1287;
1737 : 1274;
1738 : 1292;
1739 : 1307;
1740 : 1307;
1741 : 1269;
1742 : 1279;
1743 : 1307;
1744 : 1315;
1745 : 1325;
1746 : 1336;
1747 : 1323;
1748 : 1313;
1749 : 1287;
1750 : 1330;
1751 : 1318;
1752 : 1295;
1753 : 1287;
1754 : 1297;
1755 : 1231;
1756 : 1208;
1757 : 1221;
1758 : 1249;
1759 : 1215;
1760 : 1210;
1761 : 1213;
1762 : 1187;
1763 : 1159;
1764 : 1228;
1765 : 1192;
1766 : 1190;
1767 : 1167;
1768 : 1144;
1769 : 1172;
1770 : 1149;
1771 : 1175;
1772 : 1134;
1773 : 1144;
1774 : 1134;
1775 : 1159;
1776 : 1157;
1777 : 1118;
1778 : 1139;
1779 : 1210;
1780 : 1205;
1781 : 1264;
1782 : 1290;
1783 : 1208;
1784 : 1182;
1785 : 1126;
1786 : 1134;
1787 : 1116;
1788 : 1106;
1789 : 1044;
1790 : 950;
1791 : 973;
1792 : 996;
1793 : 1032;
1794 : 1034;
1795 : 1047;
1796 : 1009;
1797 : 1034;
1798 : 1448;
1799 : 1701;
1800 : 2143;
1801 : 3678;
1802 : 3796;
1803 : 1793;
1804 : 878;
1805 : 0;
1806 : 112;
1807 : 891;
1808 : 1024;
1809 : 1070;
1810 : 1131;
1811 : 1244;
1812 : 1215;
1813 : 1244;
1814 : 1208;
1815 : 1295;
1816 : 1307;
1817 : 1272;
1818 : 1328;
1819 : 1405;
1820 : 1410;
1821 : 1456;
1822 : 1491;
1823 : 1560;
1824 : 0;
1825 : 0;
1826 : 0;
1827 : 0;
1828 : 0;
1829 : 0;
1830 : 0;
1831 : 0;
1832 : 0;
1833 : 0;
1834 : 0;
1835 : 0;
1836 : 0;
1837 : 0;
1838 : 0;
1839 : 0;
1840 : 0;
1841 : 0;
1842 : 0;
1843 : 0;
1844 : 0;
1845 : 0;
1846 : 0;
1847 : 0;
1848 : 0;
1849 : 0;
1850 : 0;
1851 : 0;
1852 : 0;
1853 : 0;
1854 : 0;
1855 : 0;
1856 : 0;
1857 : 0;
1858 : 0;
1859 : 0;
1860 : 0;
1861 : 0;
1862 : 0;
1863 : 0;
1864 : 0;
1865 : 0;
1866 : 0;
1867 : 0;
1868 : 0;
1869 : 0;
1870 : 0;
1871 : 0;
1872 : 0;
1873 : 0;
1874 : 0;
1875 : 0;
1876 : 0;
1877 : 0;
1878 : 0;
1879 : 0;
1880 : 3969;
1881 : 2684;
1882 : 710;
1883 : 0;
1884 : 247;
1885 : 782;
1886 : 1018;
1887 : 1064;
1888 : 1088;
1889 : 1074;
1890 : 1078;
1891 : 1138;
1892 : 1159;
1893 : 1174;
1894 : 1197;
1895 : 1205;
1896 : 1238;
1897 : 1296;
1898 : 1339;
1899 : 1405;
1900 : 1458;
1901 : 1477;
1902 : 1528;
1903 : 1625;
1904 : 1707;
1905 : 1826;
1906 : 1934;
1907 : 2039;
1908 : 2180;
1909 : 2282;
1910 : 2371;
1911 : 2440;
1912 : 2450;
1913 : 2442;
1914 : 2357;
1915 : 2192;
1916 : 2015;
1917 : 1807;
1918 : 1623;
1919 : 1470;
1920 : 1355;
1921 : 1252;
1922 : 1205;
1923 : 1154;
1924 : 1147;
1925 : 1116;
1926 : 1112;
1927 : 1105;
1928 : 1107;
1929 : 1124;
1930 : 1109;
1931 : 1123;
1932 : 1143;
1933 : 1169;
1934 : 1179;
1935 : 1222;
1936 : 1207;
1937 : 1234;
1938 : 1238;
1939 : 1227;
1940 : 1241;
1941 : 1241;
1942 : 1224;
1943 : 1222;
1944 : 1186;
1945 : 1195;
1946 : 1188;
1947 : 1197;
1948 : 1174;
1949 : 1195;
1950 : 1202;
1951 : 1171;
1952 : 1147;
1953 : 1141;
1954 : 1131;
1955 : 1124;
1956 : 1123;
1957 : 1140;
1958 : 1157;
1959 : 1166;
1960 : 1154;
1961 : 1148;
1962 : 1135;
1963 : 1117;
1964 : 1117;
1965 : 1093;
1966 : 1121;
1967 : 1105;
1968 : 1081;
1969 : 1097;
1970 : 1097;
1971 : 1102;
1972 : 1088;
1973 : 1069;
1974 : 1092;
1975 : 1073;
1976 : 1066;
1977 : 1062;
1978 : 1085;
1979 : 1068;
1980 : 1076;
1981 : 1050;
1982 : 1105;
1983 : 1245;
1984 : 1260;
1985 : 1243;
1986 : 1191;
1987 : 1124;
1988 : 1104;
1989 : 1109;
1990 : 1073;
1991 : 1045;
1992 : 1069;
1993 : 1078;
1994 : 1090;
1995 : 1114;
1996 : 1145;
1997 : 1133;
1998 : 1102;
1999 : 1064;
2000 : 1117;
2001 : 1666;
2002 : 2468;
2003 : 3594;
2004 : 4095;
2005 : 1998;
2006 : 684;
2007 : 245;
2008 : 698;
2009 : 1064;
2010 : 1248;
2011 : 1231;
2012 : 1221;
2013 : 1274;
2014 : 1305;
2015 : 1305;
2016 : 1362;
2017 : 1358;
2018 : 1381;
2019 : 1413;
2020 : 1439;
2021 : 1449;
2022 : 1436;
2023 : 1463;
2024 : 1544;
2025 : 1632;
2026 : 0;
2027 : 0;
2028 : 0;
2029 : 0;
2030 : 0;
2031 : 0;
2032 : 0;
2033 : 0;
2034 : 0;
2035 : 0;
2036 : 0;
2037 : 0;
2038 : 0;
2039 : 0;
2040 : 0;
2041 : 0;
2042 : 0;
2043 : 0;
2044 : 0;
2045 : 0;
2046 : 0;
2047 : 0;
2048 : 0;
2049 : 0;
2050 : 0;
2051 : 0;
2052 : 0;
2053 : 0;
2054 : 0;
2055 : 0;
2056 : 0;
2057 : 0;
2058 : 0;
2059 : 0;
2060 : 0;
2061 : 0;
2062 : 0;
2063 : 0;
2064 : 0;
2065 : 0;
2066 : 0;
2067 : 0;
2068 : 4095;
2069 : 789;
2070 : 94;
2071 : 193;
2072 : 112;
2073 : 386;
2074 : 471;
2075 : 487;
2076 : 519;
2077 : 528;
2078 : 521;
2079 : 531;
2080 : 538;
2081 : 556;
2082 : 571;
2083 : 575;
2084 : 590;
2085 : 595;
2086 : 640;
2087 : 644;
2088 : 677;
2089 : 654;
2090 : 699;
2091 : 725;
2092 : 770;
2093 : 796;
2094 : 815;
2095 : 877;
2096 : 908;
2097 : 958;
2098 : 970;
2099 : 1017;
2100 : 1046;
2101 : 1063;
2102 : 1051;
2103 : 1010;
2104 : 982;
2105 : 911;
2106 : 856;
2107 : 825;
2108 : 758;
2109 : 706;
2110 : 651;
2111 : 618;
2112 : 592;
2113 : 588;
2114 : 561;
2115 : 547;
2116 : 537;
2117 : 540;
2118 : 530;
2119 : 506;
2120 : 542;
2121 : 550;
2122 : 578;
2123 : 592;
2124 : 606;
2125 : 632;
2126 : 640;
2127 : 637;
2128 : 644;
2129 : 656;
2130 : 663;
2131 : 642;
2132 : 652;
2133 : 633;
2134 : 625;
2135 : 609;
2136 : 597;
2137 : 588;
2138 : 582;
2139 : 576;
2140 : 535;
2141 : 506;
2142 : 552;
2143 : 528;
2144 : 523;
2145 : 530;
2146 : 509;
2147 : 519;
2148 : 514;
2149 : 507;
2150 : 507;
2151 : 538;
2152 : 585;
2153 : 664;
2154 : 804;
2155 : 827;
2156 : 772;
2157 : 759;
2158 : 889;
2159 : 853;
2160 : 778;
2161 : 772;
2162 : 737;
2163 : 571;
2164 : 461;
2165 : 426;
2166 : 419;
2167 : 388;
2168 : 360;
2169 : 359;
2170 : 360;
2171 : 343;
2172 : 354;
2173 : 376;
2174 : 357;
2175 : 343;
2176 : 238;
2177 : 461;
2178 : 887;
2179 : 2278;
2180 : 3747;
2181 : 3671;
2182 : 392;
2183 : 0;
2184 : 122;
2185 : 79;
2186 : 310;
2187 : 381;
2188 : 426;
2189 : 426;
2190 : 428;
2191 : 424;
2192 : 447;
2193 : 462;
2194 : 454;
2195 : 468;
2196 : 495;
2197 : 506;
2198 : 525;
2199 : 519;
2200 : 535;
2201 : 552;
2202 : 602;
2203 : 621;
2204 : 656;
2205 : 675;
2206 : 716;
2207 : 778;
2208 : 813;
2209 : 0;
2210 : 0;
2211 : 0;
2212 : 0;
2213 : 0;
2214 : 0;
2215 : 0;
2216 : 0;
2217 : 0;
2218 : 0;
2219 : 0;
2220 : 0;
2221 : 0;
2222 : 0;
2223 : 0;
2224 : 0;
2225 : 0;
2226 : 0;
2227 : 0;
2228 : 0;
2229 : 0;
2230 : 0;
2231 : 0;
2232 : 0;
2233 : 0;
2234 : 0;
2235 : 0;
2236 : 0;
2237 : 0;
2238 : 0;
2239 : 0;
2240 : 0;
2241 : 0;
2242 : 0;
2243 : 0;
2244 : 0;
2245 : 0;
2246 : 0;
2247 : 0;
2248 : 0;
2249 : 0;
2250 : 0;
2251 : 0;
2252 : 0;
2253 : 0;
2254 : 0;
2255 : 0;
2256 : 4095;
2257 : 3750;
2258 : 786;
2259 : 609;
2260 : 688;
2261 : 946;
2262 : 990;
2263 : 1034;
2264 : 941;
2265 : 1059;
2266 : 902;
2267 : 958;
2268 : 1111;
2269 : 1088;
2270 : 1182;
2271 : 1130;
2272 : 1179;
2273 : 1044;
2274 : 1359;
2275 : 1334;
2276 : 1514;
2277 : 1501;
2278 : 1730;
2279 : 1732;
2280 : 2054;
2281 : 2320;
2282 : 2276;
2283 : 2519;
2284 : 2438;
2285 : 2804;
2286 : 2689;
2287 : 2659;
2288 : 2492;
2289 : 2219;
2290 : 2054;
2291 : 1641;
2292 : 1364;
2293 : 1224;
2294 : 1061;
2295 : 1054;
2296 : 720;
2297 : 833;
2298 : 693;
2299 : 784;
2300 : 614;
2301 : 651;
2302 : 656;
2303 : 624;
2304 : 641;
2305 : 734;
2306 : 565;
2307 : 671;
2308 : 666;
2309 : 567;
2310 : 683;
2311 : 671;
2312 : 796;
2313 : 693;
2314 : 712;
2315 : 759;
2316 : 766;
2317 : 656;
2318 : 798;
2319 : 648;
2320 : 511;
2321 : 641;
2322 : 648;
2323 : 562;
2324 : 501;
2325 : 712;
2326 : 540;
2327 : 673;
2328 : 707;
2329 : 570;
2330 : 567;
2331 : 749;
2332 : 752;
2333 : 705;
2334 : 860;
2335 : 1071;
2336 : 1150;
2337 : 931;
2338 : 725;
2339 : 688;
2340 : 255;
2341 : 189;
2342 : 356;
2343 : 103;
2344 : 228;
2345 : 363;
2346 : 120;
2347 : 2;
2348 : 390;
2349 : 1165;
2350 : 2236;
2351 : 3600;
2352 : 3967;
2353 : 523;
2354 : 0;
2355 : 167;
2356 : 597;
2357 : 577;
2358 : 405;
2359 : 634;
2360 : 557;
2361 : 580;
2362 : 700;
2363 : 562;
2364 : 425;
2365 : 592;
2366 : 494;
2367 : 737;
2368 : 764;
2369 : 754;
2370 : 980;
2371 : 1032;
2372 : 1334;
2373 : 0;
2374 : 0;
2375 : 0;
2376 : 0;
2377 : 0;
2378 : 0;
2379 : 0;
2380 : 0;
2381 : 0;
2382 : 0;
2383 : 0;
2384 : 0;
2385 : 0;
2386 : 0;
2387 : 0;
2388 : 0;
2389 : 0;
2390 : 0;
2391 : 0;
2392 : 0;
2393 : 0;
2394 : 0;
2395 : 0;
2396 : 0;
2397 : 0;
2398 : 0;
2399 : 0;
2400 : 0;
2401 : 0;
2402 : 0;
2403 : 0;
2404 : 0;
2405 : 0;
2406 : 0;
2407 : 0;
2408 : 0;
2409 : 0;
2410 : 0;
2411 : 0;
2412 : 0;
2413 : 0;
2414 : 0;
2415 : 0;
2416 : 0;
2417 : 0;
2418 : 0;
2419 : 0;
2420 : 0;
2421 : 0;
2422 : 0;
2423 : 0;
2424 : 0;
2425 : 0;
2426 : 0;
2427 : 0;
2428 : 0;
2429 : 0;
2430 : 0;
2431 : 0;
2432 : 0;
2433 : 0;
2434 : 0;
2435 : 0;
2436 : 0;
2437 : 0;
2438 : 0;
2439 : 0;
2440 : 0;
2441 : 0;
2442 : 0;
2443 : 0;
2444 : 3790;
2445 : 3239;
2446 : 1879;
2447 : 992;
2448 : 584;
2449 : 736;
2450 : 781;
2451 : 754;
2452 : 763;
2453 : 750;
2454 : 758;
2455 : 774;
2456 : 776;
2457 : 788;
2458 : 799;
2459 : 822;
2460 : 833;
2461 : 840;
2462 : 863;
2463 : 897;
2464 : 939;
2465 : 978;
2466 : 1028;
2467 : 1078;
2468 : 1140;
2469 : 1193;
2470 : 1249;
2471 : 1313;
2472 : 1364;
2473 : 1391;
2474 : 1402;
2475 : 1410;
2476 : 1378;
2477 : 1300;
2478 : 1190;
2479 : 1077;
2480 : 978;
2481 : 905;
2482 : 842;
2483 : 800;
2484 : 774;
2485 : 745;
2486 : 749;
2487 : 740;
2488 : 742;
2489 : 742;
2490 : 745;
2491 : 751;
2492 : 741;
2493 : 741;
2494 : 746;
2495 : 764;
2496 : 745;
2497 : 750;
2498 : 755;
2499 : 762;
2500 : 752;
2501 : 749;
2502 : 748;
2503 : 751;
2504 : 744;
2505 : 736;
2506 : 733;
2507 : 737;
2508 : 743;
2509 : 726;
2510 : 723;
2511 : 801;
2512 : 847;
2513 : 886;
2514 : 867;
2515 : 906;
2516 : 976;
2517 : 991;
2518 : 999;
2519 : 934;
2520 : 829;
2521 : 724;
2522 : 698;
2523 : 670;
2524 : 636;
2525 : 630;
2526 : 632;
2527 : 621;
2528 : 618;
2529 : 623;
2530 : 625;
2531 : 631;
2532 : 632;
2533 : 548;
2534 : 0;
2535 : 93;
2536 : 1118;
2537 : 2637;
2538 : 4095;
2539 : 2910;
2540 : 1702;
2541 : 768;
2542 : 630;
2543 : 753;
2544 : 773;
2545 : 740;
2546 : 740;
2547 : 746;
2548 : 755;
2549 : 764;
2550 : 762;
2551 : 771;
2552 : 787;
2553 : 804;
2554 : 811;
2555 : 825;
2556 : 0;
2557 : 0;
2558 : 0;
2559 : 0;
2560 : 0;
2561 : 0;
2562 : 0;
2563 : 0;
2564 : 0;
2565 : 0;
2566 : 0;
2567 : 0;
2568 : 0;
2569 : 0;
2570 : 0;
2571 : 0;
2572 : 0;
2573 : 0;
2574 : 0;
2575 : 0;
2576 : 0;
2577 : 0;
2578 : 0;
2579 : 0;
2580 : 0;
2581 : 0;
2582 : 0;
2583 : 0;
2584 : 0;
2585 : 0;
2586 : 0;
2587 : 0;
2588 : 0;
2589 : 0;
2590 : 0;
2591 : 0;
2592 : 0;
2593 : 0;
2594 : 0;
2595 : 0;
2596 : 0;
2597 : 0;
2598 : 0;
2599 : 0;
2600 : 0;
2601 : 0;
2602 : 0;
2603 : 0;
2604 : 0;
2605 : 0;
2606 : 0;
2607 : 0;
2608 : 0;
2609 : 0;
2610 : 0;
2611 : 0;
2612 : 0;
2613 : 0;
2614 : 0;
2615 : 0;
2616 : 0;
2617 : 0;
2618 : 0;
2619 : 0;
2620 : 0;
2621 : 0;
2622 : 0;
2623 : 0;
2624 : 0;
2625 : 0;
2626 : 0;
2627 : 0;
2628 : 0;
2629 : 0;
2630 : 0;
2631 : 0;
2632 : 4095;
2633 : 2640;
2634 : 1265;
2635 : 312;
2636 : 136;
2637 : 966;
2638 : 1160;
2639 : 1202;
2640 : 1302;
2641 : 1351;
2642 : 1422;
2643 : 1443;
2644 : 1459;
2645 : 1451;
2646 : 1472;
2647 : 1517;
2648 : 1540;
2649 : 1582;
2650 : 1538;
2651 : 1627;
2652 : 1685;
2653 : 1758;
2654 : 1871;
2655 : 1984;
2656 : 2107;
2657 : 2228;
2658 : 2370;
2659 : 2488;
2660 : 2572;
2661 : 2635;
2662 : 2693;
2663 : 2730;
2664 : 2659;
2665 : 2436;
2666 : 2218;
2667 : 2008;
2668 : 1811;
2669 : 1659;
2670 : 1530;
2671 : 1425;
2672 : 1399;
2673 : 1349;
2674 : 1323;
2675 : 1309;
2676 : 1323;
2677 : 1275;
2678 : 1278;
2679 : 1328;
2680 : 1265;
2681 : 1294;
2682 : 1283;
2683 : 1278;
2684 : 1291;
2685 : 1239;
2686 : 1283;
2687 : 1254;
2688 : 1296;
2689 : 1286;
2690 : 1249;
2691 : 1275;
2692 : 1233;
2693 : 1254;
2694 : 1218;
2695 : 1236;
2696 : 1244;
2697 : 1215;
2698 : 1215;
2699 : 1233;
2700 : 1207;
2701 : 1183;
2702 : 1225;
2703 : 1183;
2704 : 1120;
2705 : 1178;
2706 : 1173;
2707 : 1144;
2708 : 1139;
2709 : 1147;
2710 : 1186;
2711 : 1160;
2712 : 1155;
2713 : 1162;
2714 : 1139;
2715 : 1131;
2716 : 1165;
2717 : 1120;
2718 : 1118;
2719 : 1139;
2720 : 1144;
2721 : 1144;
2722 : 1165;
2723 : 1139;
2724 : 1236;
2725 : 1325;
2726 : 1459;
2727 : 1514;
2728 : 1677;
2729 : 1708;
2730 : 1661;
2731 : 1559;
2732 : 1708;
2733 : 1504;
2734 : 1354;
2735 : 1165;
2736 : 1110;
2737 : 1120;
2738 : 1136;
2739 : 1094;
2740 : 1086;
2741 : 1136;
2742 : 1113;
2743 : 1152;
2744 : 1157;
2745 : 1669;
2746 : 1774;
2747 : 2244;
2748 : 3740;
2749 : 3761;
2750 : 1748;
2751 : 808;
2752 : 0;
2753 : 320;
2754 : 979;
2755 : 1076;
2756 : 1155;
2757 : 1218;
2758 : 1267;
2759 : 1254;
2760 : 1317;
2761 : 0;
2762 : 0;
2763 : 0;
2764 : 0;
2765 : 0;
2766 : 0;
2767 : 0;
2768 : 0;
2769 : 0;
2770 : 0;
2771 : 0;
2772 : 0;
2773 : 0;
2774 : 0;
2775 : 0;
2776 : 0;
2777 : 0;
2778 : 0;
2779 : 0;
2780 : 0;
2781 : 0;
2782 : 0;
2783 : 0;
2784 : 0;
2785 : 0;
2786 : 0;
2787 : 0;
2788 : 0;
2789 : 0;
2790 : 0;
2791 : 0;
2792 : 0;
2793 : 0;
2794 : 0;
2795 : 0;
2796 : 0;
2797 : 0;
2798 : 0;
2799 : 0;
2800 : 0;
2801 : 0;
2802 : 0;
2803 : 0;
2804 : 0;
2805 : 0;
2806 : 0;
2807 : 0;
2808 : 0;
2809 : 0;
2810 : 0;
2811 : 0;
2812 : 0;
2813 : 0;
2814 : 0;
2815 : 0;
2816 : 0;
2817 : 0;
2818 : 0;
2819 : 0;
2820 : 3967;
2821 : 2082;
2822 : 541;
2823 : 270;
2824 : 2;
2825 : 182;
2826 : 226;
2827 : 179;
2828 : 118;
2829 : 94;
2830 : 99;
2831 : 105;
2832 : 85;
2833 : 157;
2834 : 176;
2835 : 174;
2836 : 190;
2837 : 243;
2838 : 301;
2839 : 398;
2840 : 359;
2841 : 342;
2842 : 348;
2843 : 359;
2844 : 381;
2845 : 436;
2846 : 492;
2847 : 503;
2848 : 577;
2849 : 655;
2850 : 727;
2851 : 765;
2852 : 812;
2853 : 810;
2854 : 749;
2855 : 677;
2856 : 633;
2857 : 541;
2858 : 392;
2859 : 298;
2860 : 174;
2861 : 96;
2862 : 124;
2863 : 116;
2864 : 63;
2865 : 0;
2866 : 30;
2867 : 13;
2868 : 91;
2869 : 124;
2870 : 188;
2871 : 82;
2872 : 171;
2873 : 293;
2874 : 265;
2875 : 248;
2876 : 237;
2877 : 185;
2878 : 235;
2879 : 190;
2880 : 154;
2881 : 165;
2882 : 215;
2883 : 146;
2884 : 212;
2885 : 204;
2886 : 171;
2887 : 160;
2888 : 132;
2889 : 171;
2890 : 116;
2891 : 82;
2892 : 66;
2893 : 80;
2894 : 127;
2895 : 146;
2896 : 135;
2897 : 171;
2898 : 226;
2899 : 218;
2900 : 273;
2901 : 304;
2902 : 373;
2903 : 381;
2904 : 384;
2905 : 373;
2906 : 362;
2907 : 326;
2908 : 373;
2909 : 547;
2910 : 619;
2911 : 666;
2912 : 729;
2913 : 602;
2914 : 467;
2915 : 439;
2916 : 434;
2917 : 436;
2918 : 423;
2919 : 353;
2920 : 409;
2921 : 508;
2922 : 530;
2923 : 458;
2924 : 461;
2925 : 423;
2926 : 345;
2927 : 49;
2928 : 207;
2929 : 832;
2930 : 1935;
2931 : 3788;
2932 : 4095;
2933 : 2142;
2934 : 754;
2935 : 577;
2936 : 406;
2937 : 600;
2938 : 622;
2939 : 561;
2940 : 508;
2941 : 541;
2942 : 575;
2943 : 619;
2944 : 611;
2945 : 644;
2946 : 694;
2947 : 674;
2948 : 718;
2949 : 782;
2950 : 893;
2951 : 931;
2952 : 945;
2953 : 1023;
2954 : 1000;
2955 : 1025;
2956 : 0;
2957 : 0;
2958 : 0;
2959 : 0;
2960 : 0;
2961 : 0;
2962 : 0;
2963 : 0;
2964 : 0;
2965 : 0;
2966 : 0;
2967 : 0;
2968 : 0;
2969 : 0;
2970 : 0;
2971 : 0;
2972 : 0;
2973 : 0;
2974 : 0;
2975 : 0;
2976 : 0;
2977 : 0;
2978 : 0;
2979 : 0;
2980 : 0;
2981 : 0;
2982 : 0;
2983 : 0;
2984 : 0;
2985 : 0;
2986 : 0;
2987 : 0;
2988 : 0;
2989 : 0;
2990 : 0;
2991 : 0;
2992 : 0;
2993 : 0;
2994 : 0;
2995 : 0;
2996 : 0;
2997 : 0;
2998 : 0;
2999 : 0;
3000 : 0;
3001 : 0;
3002 : 0;
3003 : 0;
3004 : 0;
3005 : 0;
3006 : 0;
3007 : 0;
3008 : 3778;
3009 : 2749;
3010 : 946;
3011 : 20;
3012 : 310;
3013 : 282;
3014 : 230;
3015 : 221;
3016 : 198;
3017 : 212;
3018 : 248;
3019 : 246;
3020 : 262;
3021 : 275;
3022 : 253;
3023 : 271;
3024 : 262;
3025 : 289;
3026 : 335;
3027 : 314;
3028 : 328;
3029 : 405;
3030 : 426;
3031 : 453;
3032 : 478;
3033 : 497;
3034 : 510;
3035 : 570;
3036 : 633;
3037 : 747;
3038 : 868;
3039 : 948;
3040 : 1117;
3041 : 1258;
3042 : 1338;
3043 : 1425;
3044 : 1475;
3045 : 1406;
3046 : 1240;
3047 : 1051;
3048 : 816;
3049 : 665;
3050 : 490;
3051 : 399;
3052 : 332;
3053 : 305;
3054 : 241;
3055 : 287;
3056 : 278;
3057 : 255;
3058 : 243;
3059 : 250;
3060 : 264;
3061 : 223;
3062 : 278;
3063 : 264;
3064 : 278;
3065 : 303;
3066 : 312;
3067 : 316;
3068 : 339;
3069 : 348;
3070 : 357;
3071 : 355;
3072 : 332;
3073 : 339;
3074 : 373;
3075 : 394;
3076 : 371;
3077 : 380;
3078 : 355;
3079 : 342;
3080 : 399;
3081 : 369;
3082 : 332;
3083 : 307;
3084 : 319;
3085 : 326;
3086 : 321;
3087 : 401;
3088 : 355;
3089 : 364;
3090 : 380;
3091 : 351;
3092 : 357;
3093 : 362;
3094 : 376;
3095 : 353;
3096 : 323;
3097 : 319;
3098 : 323;
3099 : 319;
3100 : 355;
3101 : 428;
3102 : 503;
3103 : 608;
3104 : 615;
3105 : 588;
3106 : 624;
3107 : 745;
3108 : 674;
3109 : 544;
3110 : 585;
3111 : 503;
3112 : 392;
3113 : 373;
3114 : 300;
3115 : 300;
3116 : 296;
3117 : 278;
3118 : 282;
3119 : 275;
3120 : 303;
3121 : 253;
3122 : 0;
3123 : 9;
3124 : 834;
3125 : 3262;
3126 : 4095;
3127 : 2998;
3128 : 1048;
3129 : 214;
3130 : 487;
3131 : 572;
3132 : 478;
3133 : 403;
3134 : 394;
3135 : 426;
3136 : 417;
3137 : 405;
3138 : 410;
3139 : 437;
3140 : 433;
3141 : 469;
3142 : 478;
3143 : 440;
3144 : 426;
3145 : 449;
3146 : 462;
3147 : 442;
3148 : 492;
3149 : 474;
3150 : 535;
3151 : 558;
3152 : 622;
3153 : 642;
3154 : 743;
3155 : 0;
3156 : 0;
3157 : 0;
3158 : 0;
3159 : 0;
3160 : 0;
3161 : 0;
3162 : 0;
3163 : 0;
3164 : 0;
3165 : 0;
3166 : 0;
3167 : 0;
3168 : 0;
3169 : 0;
3170 : 0;
3171 : 0;
3172 : 0;
3173 : 0;
3174 : 0;
3175 : 0;
3176 : 0;
3177 : 0;
3178 : 0;
3179 : 0;
3180 : 0;
3181 : 0;
3182 : 0;
3183 : 0;
3184 : 0;
3185 : 0;
3186 : 0;
3187 : 0;
3188 : 0;
3189 : 0;
3190 : 0;
3191 : 0;
3192 : 0;
3193 : 0;
3194 : 0;
3195 : 0;
3196 : 4016;
3197 : 1470;
3198 : 247;
3199 : 38;
3200 : 380;
3201 : 760;
3202 : 824;
3203 : 902;
3204 : 904;
3205 : 890;
3206 : 923;
3207 : 923;
3208 : 947;
3209 : 942;
3210 : 931;
3211 : 966;
3212 : 966;
3213 : 952;
3214 : 980;
3215 : 1045;
3216 : 1116;
3217 : 1178;
3218 : 1220;
3219 : 1311;
3220 : 1389;
3221 : 1465;
3222 : 1527;
3223 : 1548;
3224 : 1612;
3225 : 1581;
3226 : 1574;
3227 : 1577;
3228 : 1503;
3229 : 1437;
3230 : 1361;
3231 : 1261;
3232 : 1185;
3233 : 1114;
3234 : 1045;
3235 : 1011;
3236 : 980;
3237 : 997;
3238 : 964;
3239 : 952;
3240 : 947;
3241 : 966;
3242 : 969;
3243 : 954;
3244 : 969;
3245 : 988;
3246 : 985;
3247 : 1011;
3248 : 1011;
3249 : 1035;
3250 : 995;
3251 : 1016;
3252 : 1064;
3253 : 1049;
3254 : 1023;
3255 : 997;
3256 : 1014;
3257 : 1021;
3258 : 1342;
3259 : 1282;
3260 : 1301;
3261 : 1344;
3262 : 1513;
3263 : 1617;
3264 : 1672;
3265 : 1406;
3266 : 1361;
3267 : 1142;
3268 : 1016;
3269 : 919;
3270 : 866;
3271 : 831;
3272 : 838;
3273 : 812;
3274 : 793;
3275 : 800;
3276 : 781;
3277 : 831;
3278 : 812;
3279 : 1128;
3280 : 1622;
3281 : 2028;
3282 : 3111;
3283 : 4095;
3284 : 1460;
3285 : 173;
3286 : 0;
3287 : 489;
3288 : 743;
3289 : 826;
3290 : 859;
3291 : 847;
3292 : 881;
3293 : 819;
3294 : 893;
3295 : 852;
3296 : 950;
3297 : 950;
3298 : 961;
3299 : 976;
3300 : 0;
3301 : 0;
3302 : 0;
3303 : 0;
3304 : 0;
3305 : 0;
3306 : 0;
3307 : 0;
3308 : 0;
3309 : 0;
3310 : 0;
3311 : 0;
3312 : 0;
3313 : 0;
3314 : 0;
3315 : 0;
3316 : 0;
3317 : 0;
3318 : 0;
3319 : 0;
3320 : 0;
3321 : 0;
3322 : 0;
3323 : 0;
3324 : 0;
3325 : 0;
3326 : 0;
3327 : 0;
3328 : 0;
3329 : 0;
3330 : 0;
3331 : 0;
3332 : 0;
3333 : 0;
3334 : 0;
3335 : 0;
3336 : 0;
3337 : 0;
3338 : 0;
3339 : 0;
3340 : 0;
3341 : 0;
3342 : 0;
3343 : 0;
3344 : 0;
3345 : 0;
3346 : 0;
3347 : 0;
3348 : 0;
3349 : 0;
3350 : 0;
3351 : 0;
3352 : 0;
3353 : 0;
3354 : 0;
3355 : 0;
3356 : 0;
3357 : 0;
3358 : 0;
3359 : 0;
3360 : 0;
3361 : 0;
3362 : 0;
3363 : 0;
3364 : 0;
3365 : 0;
3366 : 0;
3367 : 0;
3368 : 0;
3369 : 0;
3370 : 0;
3371 : 0;
3372 : 0;
3373 : 0;
3374 : 0;
3375 : 0;
3376 : 0;
3377 : 0;
3378 : 0;
3379 : 0;
3380 : 0;
3381 : 0;
3382 : 0;
3383 : 0;
3384 : 4095;
3385 : 2808;
3386 : 1330;
3387 : 966;
3388 : 1055;
3389 : 907;
3390 : 895;
3391 : 881;
3392 : 839;
3393 : 853;
3394 : 901;
3395 : 917;
3396 : 911;
3397 : 982;
3398 : 994;
3399 : 1031;
3400 : 1096;
3401 : 1146;
3402 : 1217;
3403 : 1274;
3404 : 1361;
3405 : 1484;
3406 : 1636;
3407 : 1768;
3408 : 1871;
3409 : 1877;
3410 : 1932;
3411 : 1934;
3412 : 1863;
3413 : 1719;
3414 : 1535;
3415 : 1316;
3416 : 1171;
3417 : 1079;
3418 : 1011;
3419 : 940;
3420 : 885;
3421 : 847;
3422 : 891;
3423 : 855;
3424 : 885;
3425 : 879;
3426 : 889;
3427 : 883;
3428 : 881;
3429 : 905;
3430 : 887;
3431 : 839;
3432 : 851;
3433 : 832;
3434 : 834;
3435 : 806;
3436 : 820;
3437 : 830;
3438 : 964;
3439 : 996;
3440 : 1009;
3441 : 1243;
3442 : 1213;
3443 : 1258;
3444 : 1221;
3445 : 1112;
3446 : 796;
3447 : 741;
3448 : 592;
3449 : 531;
3450 : 531;
3451 : 503;
3452 : 498;
3453 : 500;
3454 : 529;
3455 : 470;
3456 : 337;
3457 : 0;
3458 : 444;
3459 : 1764;
3460 : 3618;
3461 : 3504;
3462 : 2011;
3463 : 717;
3464 : 537;
3465 : 677;
3466 : 585;
3467 : 577;
3468 : 592;
3469 : 596;
3470 : 592;
3471 : 642;
3472 : 626;
3473 : 628;
3474 : 677;
3475 : 709;
3476 : 0;
3477 : 0;
3478 : 0;
3479 : 0;
3480 : 0;
3481 : 0;
3482 : 0;
3483 : 0;
3484 : 0;
3485 : 0;
3486 : 0;
3487 : 0;
3488 : 0;
3489 : 0;
3490 : 0;
3491 : 0;
3492 : 0;
3493 : 0;
3494 : 0;
3495 : 0;
3496 : 0;
3497 : 0;
3498 : 0;
3499 : 0;
3500 : 0;
3501 : 0;
3502 : 0;
3503 : 0;
3504 : 0;
3505 : 0;
3506 : 0;
3507 : 0;
3508 : 0;
3509 : 0;
3510 : 0;
3511 : 0;
3512 : 0;
3513 : 0;
3514 : 0;
3515 : 0;
3516 : 0;
3517 : 0;
3518 : 0;
3519 : 0;
3520 : 0;
3521 : 0;
3522 : 0;
3523 : 0;
3524 : 0;
3525 : 0;
3526 : 0;
3527 : 0;
3528 : 0;
3529 : 0;
3530 : 0;
3531 : 0;
3532 : 0;
3533 : 0;
3534 : 0;
3535 : 0;
3536 : 0;
3537 : 0;
3538 : 0;
3539 : 0;
3540 : 0;
3541 : 0;
3542 : 0;
3543 : 0;
3544 : 0;
3545 : 0;
3546 : 0;
3547 : 0;
3548 : 0;
3549 : 0;
3550 : 0;
3551 : 0;
3552 : 0;
3553 : 0;
3554 : 0;
3555 : 0;
3556 : 0;
3557 : 0;
3558 : 0;
3559 : 0;
3560 : 0;
3561 : 0;
3562 : 0;
3563 : 0;
3564 : 0;
3565 : 0;
3566 : 0;
3567 : 0;
3568 : 0;
3569 : 0;
3570 : 0;
3571 : 0;
3572 : 3977;
3573 : 2069;
3574 : 216;
3575 : 15;
3576 : 290;
3577 : 629;
3578 : 703;
3579 : 647;
3580 : 767;
3581 : 792;
3582 : 761;
3583 : 876;
3584 : 833;
3585 : 787;
3586 : 894;
3587 : 851;
3588 : 930;
3589 : 866;
3590 : 953;
3591 : 998;
3592 : 1039;
3593 : 1133;
3594 : 1075;
3595 : 1169;
3596 : 1284;
3597 : 1475;
3598 : 1488;
3599 : 1674;
3600 : 1699;
3601 : 1821;
3602 : 1885;
3603 : 1944;
3604 : 1959;
3605 : 1870;
3606 : 1796;
3607 : 1615;
3608 : 1427;
3609 : 1421;
3610 : 1210;
3611 : 1123;
3612 : 1136;
3613 : 991;
3614 : 986;
3615 : 1024;
3616 : 927;
3617 : 953;
3618 : 1037;
3619 : 1009;
3620 : 925;
3621 : 983;
3622 : 1026;
3623 : 1054;
3624 : 1052;
3625 : 1019;
3626 : 1047;
3627 : 1026;
3628 : 1062;
3629 : 1057;
3630 : 1016;
3631 : 899;
3632 : 1001;
3633 : 935;
3634 : 960;
3635 : 968;
3636 : 996;
3637 : 975;
3638 : 884;
3639 : 889;
3640 : 998;
3641 : 1037;
3642 : 1190;
3643 : 1314;
3644 : 1630;
3645 : 1370;
3646 : 1291;
3647 : 1373;
3648 : 1340;
3649 : 1274;
3650 : 1177;
3651 : 1060;
3652 : 884;
3653 : 792;
3654 : 802;
3655 : 662;
3656 : 728;
3657 : 685;
3658 : 685;
3659 : 713;
3660 : 695;
3661 : 685;
3662 : 466;
3663 : 504;
3664 : 1090;
3665 : 2214;
3666 : 2915;
3667 : 4095;
3668 : 1554;
3669 : 0;
3670 : 7;
3671 : 412;
3672 : 552;
3673 : 621;
3674 : 703;
3675 : 726;
3676 : 728;
3677 : 769;
3678 : 779;
3679 : 718;
3680 : 779;
3681 : 744;
3682 : 858;
3683 : 858;
3684 : 942;
3685 : 947;
3686 : 978;
3687 : 1004;
3688 : 1118;
3689 : 0;
3690 : 0;
3691 : 0;
3692 : 0;
3693 : 0;
3694 : 0;
3695 : 0;
3696 : 0;
3697 : 0;
3698 : 0;
3699 : 0;
3700 : 0;
3701 : 0;
3702 : 0;
3703 : 0;
3704 : 0;
3705 : 0;
3706 : 0;
3707 : 0;
3708 : 0;
3709 : 0;
3710 : 0;
3711 : 0;
3712 : 0;
3713 : 0;
3714 : 0;
3715 : 0;
3716 : 0;
3717 : 0;
3718 : 0;
3719 : 0;
3720 : 0;
3721 : 0;
3722 : 0;
3723 : 0;
3724 : 0;
3725 : 0;
3726 : 0;
3727 : 0;
3728 : 0;
3729 : 0;
3730 : 0;
3731 : 0;
3732 : 0;
3733 : 0;
3734 : 0;
3735 : 0;
3736 : 0;
3737 : 0;
3738 : 0;
3739 : 0;
3740 : 0;
3741 : 0;
3742 : 0;
3743 : 0;
3744 : 0;
3745 : 0;
3746 : 0;
3747 : 0;
3748 : 0;
3749 : 0;
3750 : 0;
3751 : 0;
3752 : 0;
3753 : 0;
3754 : 0;
3755 : 0;
3756 : 0;
3757 : 0;
3758 : 0;
3759 : 0;
3760 : 4024;
3761 : 3450;
3762 : 1725;
3763 : 0;
3764 : 491;
3765 : 1019;
3766 : 1339;
3767 : 1503;
3768 : 1463;
3769 : 1506;
3770 : 1508;
3771 : 1468;
3772 : 1589;
3773 : 1662;
3774 : 1568;
3775 : 1611;
3776 : 1626;
3777 : 1626;
3778 : 1652;
3779 : 1689;
3780 : 1715;
3781 : 1747;
3782 : 1745;
3783 : 1772;
3784 : 1747;
3785 : 1740;
3786 : 1810;
3787 : 1828;
3788 : 1873;
3789 : 1969;
3790 : 1936;
3791 : 2082;
3792 : 2092;
3793 : 2123;
3794 : 2259;
3795 : 2334;
3796 : 2314;
3797 : 2485;
3798 : 2440;
3799 : 2478;
3800 : 2415;
3801 : 2246;
3802 : 2125;
3803 : 2004;
3804 : 1883;
3805 : 1790;
3806 : 1702;
3807 : 1626;
3808 : 1561;
3809 : 1533;
3810 : 1536;
3811 : 1480;
3812 : 1432;
3813 : 1594;
3814 : 1561;
3815 : 1533;
3816 : 1594;
3817 : 1553;
3818 : 1636;
3819 : 1576;
3820 : 1664;
3821 : 1707;
3822 : 1679;
3823 : 1694;
3824 : 1664;
3825 : 1657;
3826 : 1639;
3827 : 1556;
3828 : 1538;
3829 : 1553;
3830 : 1591;
3831 : 1468;
3832 : 1558;
3833 : 1513;
3834 : 1556;
3835 : 1485;
3836 : 1521;
3837 : 1465;
3838 : 1432;
3839 : 1480;
3840 : 1455;
3841 : 1397;
3842 : 1470;
3843 : 1440;
3844 : 1417;
3845 : 1367;
3846 : 1387;
3847 : 1425;
3848 : 1427;
3849 : 1463;
3850 : 1465;
3851 : 1599;
3852 : 1772;
3853 : 1725;
3854 : 1863;
3855 : 1840;
3856 : 1815;
3857 : 1828;
3858 : 1820;
3859 : 1682;
3860 : 1717;
3861 : 1518;
3862 : 1566;
3863 : 1417;
3864 : 1485;
3865 : 1327;
3866 : 1412;
3867 : 1412;
3868 : 1390;
3869 : 1432;
3870 : 1503;
3871 : 1415;
3872 : 1458;
3873 : 1274;
3874 : 1757;
3875 : 3075;
3876 : 3989;
3877 : 4095;
3878 : 2110;
3879 : 342;
3880 : 423;
3881 : 1095;
3882 : 1422;
3883 : 1606;
3884 : 1788;
3885 : 1687;
3886 : 1704;
3887 : 1833;
3888 : 1883;
3889 : 1853;
3890 : 1891;
3891 : 1833;
3892 : 1833;
3893 : 1851;
3894 : 1793;
3895 : 1944;
3896 : 1908;
3897 : 1898;
3898 : 1949;
3899 : 1891;
3900 : 1949;
3901 : 0;
3902 : 0;
3903 : 0;
3904 : 0;
3905 : 0;
3906 : 0;
3907 : 0;
3908 : 0;
3909 : 0;
3910 : 0;
3911 : 0;
3912 : 0;
3913 : 0;
3914 : 0;
3915 : 0;
3916 : 0;
3917 : 0;
3918 : 0;
3919 : 0;
3920 : 0;
3921 : 0;
3922 : 0;
3923 : 0;
3924 : 0;
3925 : 0;
3926 : 0;
3927 : 0;
3928 : 0;
3929 : 0;
3930 : 0;
3931 : 0;
3932 : 0;
3933 : 0;
3934 : 0;
3935 : 0;
3936 : 0;
3937 : 0;
3938 : 0;
3939 : 0;
3940 : 0;
3941 : 0;
3942 : 0;
3943 : 0;
3944 : 0;
3945 : 0;
3946 : 0;
3947 : 0;
3948 : 4083;
3949 : 1602;
3950 : 904;
3951 : 161;
3952 : 221;
3953 : 665;
3954 : 916;
3955 : 967;
3956 : 1006;
3957 : 1018;
3958 : 1018;
3959 : 1033;
3960 : 1051;
3961 : 1069;
3962 : 1084;
3963 : 1108;
3964 : 1171;
3965 : 1138;
3966 : 1189;
3967 : 1195;
3968 : 1243;
3969 : 1249;
3970 : 1339;
3971 : 1342;
3972 : 1455;
3973 : 1473;
3974 : 1605;
3975 : 1641;
3976 : 1653;
3977 : 1668;
3978 : 1689;
3979 : 1734;
3980 : 1785;
3981 : 1704;
3982 : 1587;
3983 : 1458;
3984 : 1312;
3985 : 1237;
3986 : 1111;
3987 : 1021;
3988 : 976;
3989 : 958;
3990 : 961;
3991 : 952;
3992 : 943;
3993 : 961;
3994 : 937;
3995 : 916;
3996 : 979;
3997 : 931;
3998 : 952;
3999 : 934;
4000 : 895;
4001 : 970;
4002 : 934;
4003 : 940;
4004 : 901;
4005 : 859;
4006 : 895;
4007 : 892;
4008 : 856;
4009 : 853;
4010 : 844;
4011 : 772;
4012 : 844;
4013 : 790;
4014 : 778;
4015 : 796;
4016 : 829;
4017 : 844;
4018 : 868;
4019 : 826;
4020 : 835;
4021 : 820;
4022 : 928;
4023 : 1024;
4024 : 1144;
4025 : 1282;
4026 : 1419;
4027 : 1581;
4028 : 1264;
4029 : 1036;
4030 : 1012;
4031 : 907;
4032 : 727;
4033 : 617;
4034 : 596;
4035 : 602;
4036 : 575;
4037 : 593;
4038 : 665;
4039 : 635;
4040 : 659;
4041 : 700;
4042 : 659;
4043 : 700;
4044 : 976;
4045 : 1207;
4046 : 2105;
4047 : 4095;
4048 : 2884;
4049 : 862;
4050 : 533;
4051 : 0;
4052 : 389;
4053 : 754;
4054 : 958;
4055 : 961;
4056 : 1012;
4057 : 1006;
4058 : 1000;
4059 : 1012;
4060 : 1018;
4061 : 1057;
4062 : 1075;
4063 : 1105;
4064 : 1123;
4065 : 1087;
4066 : 0;
4067 : 0;
4068 : 0;
4069 : 0;
4070 : 0;
4071 : 0;
4072 : 0;
4073 : 0;
4074 : 0;
4075 : 0;
4076 : 0;
4077 : 0;
4078 : 0;
4079 : 0;
4080 : 0;
4081 : 0;
4082 : 0;
4083 : 0;
4084 : 0;
4085 : 0;
4086 : 0;
4087 : 0;
4088 : 0;
4089 : 0;
4090 : 0;
4091 : 0;
4092 : 0;
4093 : 0;
4094 : 0;
4095 : 0;
4096 : 0;
4097 : 0;
4098 : 0;
4099 : 0;
4100 : 0;
4101 : 0;
4102 : 0;
4103 : 0;
4104 : 0;
4105 : 0;
4106 : 0;
4107 : 0;
4108 : 0;
4109 : 0;
4110 : 0;
4111 : 0;
4112 : 0;
4113 : 0;
4114 : 0;
4115 : 0;
4116 : 0;
4117 : 0;
4118 : 0;
4119 : 0;
4120 : 0;
4121 : 0;
4122 : 0;
4123 : 0;
4124 : 0;
4125 : 0;
4126 : 0;
4127 : 0;
4128 : 0;
4129 : 0;
4130 : 0;
4131 : 0;
4132 : 0;
4133 : 0;
4134 : 0;
4135 : 0;
4136 : 4095;
4137 : 3293;
4138 : 973;
4139 : 300;
4140 : 399;
4141 : 720;
4142 : 752;
4143 : 715;
4144 : 734;
4145 : 730;
4146 : 730;
4147 : 753;
4148 : 746;
4149 : 765;
4150 : 771;
4151 : 777;
4152 : 791;
4153 : 777;
4154 : 823;
4155 : 819;
4156 : 856;
4157 : 918;
4158 : 916;
4159 : 996;
4160 : 1045;
4161 : 1131;
4162 : 1230;
4163 : 1324;
4164 : 1493;
4165 : 1611;
4166 : 1737;
4167 : 1885;
4168 : 1961;
4169 : 2012;
4170 : 1865;
4171 : 1640;
4172 : 1381;
4173 : 1133;
4174 : 999;
4175 : 841;
4176 : 743;
4177 : 694;
4178 : 634;
4179 : 640;
4180 : 620;
4181 : 612;
4182 : 600;
4183 : 590;
4184 : 637;
4185 : 609;
4186 : 602;
4187 : 629;
4188 : 596;
4189 : 640;
4190 : 637;
4191 : 645;
4192 : 650;
4193 : 625;
4194 : 642;
4195 : 612;
4196 : 609;
4197 : 623;
4198 : 574;
4199 : 597;
4200 : 579;
4201 : 567;
4202 : 560;
4203 : 532;
4204 : 534;
4205 : 549;
4206 : 515;
4207 : 520;
4208 : 519;
4209 : 568;
4210 : 593;
4211 : 678;
4212 : 724;
4213 : 690;
4214 : 736;
4215 : 690;
4216 : 629;
4217 : 612;
4218 : 550;
4219 : 535;
4220 : 506;
4221 : 440;
4222 : 425;
4223 : 378;
4224 : 403;
4225 : 395;
4226 : 370;
4227 : 389;
4228 : 359;
4229 : 414;
4230 : 400;
4231 : 376;
4232 : 308;
4233 : 0;
4234 : 346;
4235 : 1086;
4236 : 3096;
4237 : 3777;
4238 : 2159;
4239 : 404;
4240 : 105;
4241 : 247;
4242 : 535;
4243 : 503;
4244 : 553;
4245 : 539;
4246 : 525;
4247 : 565;
4248 : 536;
4249 : 574;
4250 : 593;
4251 : 606;
4252 : 630;
4253 : 604;
4254 : 653;
4255 : 663;
4256 : 676;
4257 : 722;
4258 : 734;
4259 : 828;
4260 : 884;
4261 : 970;
4262 : 0;
4263 : 0;
4264 : 0;
4265 : 0;
4266 : 0;
4267 : 0;
4268 : 0;
4269 : 0;
4270 : 0;
4271 : 0;
4272 : 0;
4273 : 0;
4274 : 0;
4275 : 0;
4276 : 0;
4277 : 0;
4278 : 0;
4279 : 0;
4280 : 0;
4281 : 0;
4282 : 0;
4283 : 0;
4284 : 0;
4285 : 0;
4286 : 0;
4287 : 0;
4288 : 0;
4289 : 0;
4290 : 0;
4291 : 0;
4292 : 0;
4293 : 0;
4294 : 0;
4295 : 0;
4296 : 0;
4297 : 0;
4298 : 0;
4299 : 0;
4300 : 0;
4301 : 0;
4302 : 0;
4303 : 0;
4304 : 0;
4305 : 0;
4306 : 0;
4307 : 0;
4308 : 0;
4309 : 0;
4310 : 0;
4311 : 0;
4312 : 0;
4313 : 0;
4314 : 0;
4315 : 0;
4316 : 0;
4317 : 0;
4318 : 0;
4319 : 0;
4320 : 0;
4321 : 0;
4322 : 0;
4323 : 0;
4324 : 4095;
4325 : 2430;
4326 : 1430;
4327 : 499;
4328 : 99;
4329 : 331;
4330 : 574;
4331 : 559;
4332 : 555;
4333 : 579;
4334 : 574;
4335 : 586;
4336 : 574;
4337 : 599;
4338 : 620;
4339 : 631;
4340 : 639;
4341 : 657;
4342 : 680;
4343 : 715;
4344 : 738;
4345 : 776;
4346 : 811;
4347 : 844;
4348 : 891;
4349 : 941;
4350 : 1002;
4351 : 1045;
4352 : 1061;
4353 : 1083;
4354 : 1093;
4355 : 1103;
4356 : 1082;
4357 : 1032;
4358 : 951;
4359 : 866;
4360 : 779;
4361 : 685;
4362 : 622;
4363 : 592;
4364 : 582;
4365 : 556;
4366 : 536;
4367 : 514;
4368 : 536;
4369 : 526;
4370 : 518;
4371 : 526;
4372 : 513;
4373 : 514;
4374 : 507;
4375 : 506;
4376 : 492;
4377 : 491;
4378 : 499;
4379 : 485;
4380 : 484;
4381 : 468;
4382 : 463;
4383 : 442;
4384 : 438;
4385 : 446;
4386 : 418;
4387 : 417;
4388 : 417;
4389 : 395;
4390 : 410;
4391 : 384;
4392 : 392;
4393 : 398;
4394 : 392;
4395 : 373;
4396 : 376;
4397 : 391;
4398 : 392;
4399 : 376;
4400 : 376;
4401 : 387;
4402 : 388;
4403 : 417;
4404 : 402;
4405 : 457;
4406 : 547;
4407 : 582;
4408 : 570;
4409 : 555;
4410 : 507;
4411 : 480;
4412 : 414;
4413 : 459;
4414 : 443;
4415 : 372;
4416 : 281;
4417 : 264;
4418 : 257;
4419 : 256;
4420 : 271;
4421 : 294;
4422 : 294;
4423 : 296;
4424 : 319;
4425 : 343;
4426 : 323;
4427 : 240;
4428 : 312;
4429 : 901;
4430 : 2633;
4431 : 4055;
4432 : 2093;
4433 : 1219;
4434 : 323;
4435 : 0;
4436 : 184;
4437 : 440;
4438 : 442;
4439 : 455;
4440 : 466;
4441 : 470;
4442 : 477;
4443 : 480;
4444 : 506;
4445 : 511;
4446 : 511;
4447 : 529;
4448 : 549;
4449 : 575;
4450 : 586;
4451 : 0;
4452 : 0;
4453 : 0;
4454 : 0;
4455 : 0;
4456 : 0;
4457 : 0;
4458 : 0;
4459 : 0;
4460 : 0;
4461 : 0;
4462 : 0;
4463 : 0;
4464 : 0;
4465 : 0;
4466 : 0;
4467 : 0;
4468 : 0;
4469 : 0;
4470 : 0;
4471 : 0;
4472 : 0;
4473 : 0;
4474 : 0;
4475 : 0;
4476 : 0;
4477 : 0;
4478 : 0;
4479 : 0;
4480 : 0;
4481 : 0;
4482 : 0;
4483 : 0;
4484 : 0;
4485 : 0;
4486 : 0;
4487 : 0;
4488 : 0;
4489 : 0;
4490 : 0;
4491 : 0;
4492 : 0;
4493 : 0;
4494 : 0;
4495 : 0;
4496 : 0;
4497 : 0;
4498 : 0;
4499 : 0;
4500 : 0;
4501 : 0;
4502 : 0;
4503 : 0;
4504 : 0;
4505 : 0;
4506 : 0;
4507 : 0;
4508 : 0;
4509 : 0;
4510 : 0;
4511 : 0;
4512 : 3727;
4513 : 4095;
4514 : 2593;
4515 : 935;
4516 : 126;
4517 : 682;
4518 : 1219;
4519 : 1336;
4520 : 1364;
4521 : 1432;
4522 : 1457;
4523 : 1463;
4524 : 1511;
4525 : 1536;
4526 : 1551;
4527 : 1599;
4528 : 1597;
4529 : 1620;
4530 : 1640;
4531 : 1708;
4532 : 1779;
4533 : 1843;
4534 : 1987;
4535 : 2066;
4536 : 2165;
4537 : 2312;
4538 : 2489;
4539 : 2647;
4540 : 2801;
4541 : 2936;
4542 : 2989;
4543 : 3065;
4544 : 3080;
4545 : 2951;
4546 : 2723;
4547 : 2449;
4548 : 2160;
4549 : 1871;
4550 : 1681;
4551 : 1572;
4552 : 1455;
4553 : 1402;
4554 : 1366;
4555 : 1333;
4556 : 1328;
4557 : 1341;
4558 : 1341;
4559 : 1295;
4560 : 1293;
4561 : 1298;
4562 : 1313;
4563 : 1326;
4564 : 1323;
4565 : 1308;
4566 : 1323;
4567 : 1336;
4568 : 1303;
4569 : 1318;
4570 : 1346;
4571 : 1343;
4572 : 1354;
4573 : 1356;
4574 : 1318;
4575 : 1305;
4576 : 1300;
4577 : 1283;
4578 : 1257;
4579 : 1283;
4580 : 1239;
4581 : 1212;
4582 : 1206;
4583 : 1199;
4584 : 1206;
4585 : 1176;
4586 : 1161;
4587 : 1186;
4588 : 1148;
4589 : 1168;
4590 : 1138;
4591 : 1133;
4592 : 1163;
4593 : 1133;
4594 : 1141;
4595 : 1151;
4596 : 1110;
4597 : 1130;
4598 : 1125;
4599 : 1113;
4600 : 1135;
4601 : 1143;
4602 : 1128;
4603 : 1135;
4604 : 1125;
4605 : 1125;
4606 : 1234;
4607 : 1404;
4608 : 1493;
4609 : 1506;
4610 : 1683;
4611 : 1703;
4612 : 1589;
4613 : 1643;
4614 : 1518;
4615 : 1293;
4616 : 1141;
4617 : 1014;
4618 : 973;
4619 : 935;
4620 : 991;
4621 : 991;
4622 : 991;
4623 : 976;
4624 : 1001;
4625 : 991;
4626 : 1386;
4627 : 1569;
4628 : 1980;
4629 : 3630;
4630 : 3833;
4631 : 2282;
4632 : 730;
4633 : 0;
4634 : 595;
4635 : 1097;
4636 : 1176;
4637 : 1255;
4638 : 1303;
4639 : 1343;
4640 : 1374;
4641 : 1369;
4642 : 1354;
4643 : 1392;
4644 : 1397;
4645 : 1485;
4646 : 1488;
4647 : 1523;
4648 : 1584;
4649 : 1643;
4650 : 1721;
4651 : 0;
4652 : 0;
4653 : 0;
4654 : 0;
4655 : 0;
4656 : 0;
4657 : 0;
4658 : 0;
4659 : 0;
4660 : 0;
4661 : 0;
4662 : 0;
4663 : 0;
4664 : 0;
4665 : 0;
4666 : 0;
4667 : 0;
4668 : 0;
4669 : 0;
4670 : 0;
4671 : 0;
4672 : 0;
4673 : 0;
4674 : 0;
4675 : 0;
4676 : 0;
4677 : 0;
4678 : 0;
4679 : 0;
4680 : 0;
4681 : 0;
4682 : 0;
4683 : 0;
4684 : 0;
4685 : 0;
4686 : 0;
4687 : 0;
4688 : 0;
4689 : 0;
4690 : 0;
4691 : 0;
4692 : 0;
4693 : 0;
4694 : 0;
4695 : 0;
4696 : 0;
4697 : 0;
4698 : 0;
4699 : 0;
4700 : 3960;
4701 : 2448;
4702 : 488;
4703 : 106;
4704 : 247;
4705 : 212;
4706 : 192;
4707 : 178;
4708 : 177;
4709 : 194;
4710 : 181;
4711 : 221;
4712 : 206;
4713 : 237;
4714 : 275;
4715 : 257;
4716 : 292;
4717 : 287;
4718 : 311;
4719 : 326;
4720 : 331;
4721 : 386;
4722 : 416;
4723 : 428;
4724 : 478;
4725 : 529;
4726 : 600;
4727 : 663;
4728 : 721;
4729 : 773;
4730 : 824;
4731 : 923;
4732 : 964;
4733 : 1017;
4734 : 1017;
4735 : 938;
4736 : 842;
4737 : 676;
4738 : 518;
4739 : 409;
4740 : 278;
4741 : 213;
4742 : 120;
4743 : 101;
4744 : 102;
4745 : 66;
4746 : 65;
4747 : 38;
4748 : 41;
4749 : 44;
4750 : 41;
4751 : 50;
4752 : 50;
4753 : 63;
4754 : 79;
4755 : 58;
4756 : 73;
4757 : 42;
4758 : 58;
4759 : 74;
4760 : 55;
4761 : 72;
4762 : 59;
4763 : 76;
4764 : 73;
4765 : 54;
4766 : 79;
4767 : 60;
4768 : 47;
4769 : 48;
4770 : 40;
4771 : 42;
4772 : 27;
4773 : 45;
4774 : 49;
4775 : 29;
4776 : 46;
4777 : 41;
4778 : 38;
4779 : 30;
4780 : 22;
4781 : 48;
4782 : 59;
4783 : 78;
4784 : 113;
4785 : 113;
4786 : 112;
4787 : 124;
4788 : 144;
4789 : 130;
4790 : 107;
4791 : 109;
4792 : 104;
4793 : 72;
4794 : 40;
4795 : 38;
4796 : 49;
4797 : 36;
4798 : 49;
4799 : 27;
4800 : 11;
4801 : 46;
4802 : 29;
4803 : 11;
4804 : 0;
4805 : 225;
4806 : 1423;
4807 : 2681;
4808 : 4095;
4809 : 3461;
4810 : 1313;
4811 : 177;
4812 : 151;
4813 : 194;
4814 : 140;
4815 : 101;
4816 : 119;
4817 : 108;
4818 : 121;
4819 : 153;
4820 : 155;
4821 : 189;
4822 : 188;
4823 : 203;
4824 : 227;
4825 : 220;
4826 : 245;
4827 : 244;
4828 : 261;
4829 : 302;
4830 : 314;
4831 : 373;
4832 : 0;
4833 : 0;
4834 : 0;
4835 : 0;
4836 : 0;
4837 : 0;
4838 : 0;
4839 : 0;
4840 : 0;
4841 : 0;
4842 : 0;
4843 : 0;
4844 : 0;
4845 : 0;
4846 : 0;
4847 : 0;
4848 : 0;
4849 : 0;
4850 : 0;
4851 : 0;
4852 : 0;
4853 : 0;
4854 : 0;
4855 : 0;
4856 : 0;
4857 : 0;
4858 : 0;
4859 : 0;
4860 : 0;
4861 : 0;
4862 : 0;
4863 : 0;
4864 : 0;
4865 : 0;
4866 : 0;
4867 : 0;
4868 : 0;
4869 : 0;
4870 : 0;
4871 : 0;
4872 : 0;
4873 : 0;
4874 : 0;
4875 : 0;
4876 : 0;
4877 : 0;
4878 : 0;
4879 : 0;
4880 : 0;
4881 : 0;
4882 : 0;
4883 : 0;
4884 : 0;
4885 : 0;
4886 : 0;
4887 : 0;
4888 : 4095;
4889 : 2675;
4890 : 300;
4891 : 64;
4892 : 180;
4893 : 440;
4894 : 479;
4895 : 487;
4896 : 445;
4897 : 481;
4898 : 478;
4899 : 499;
4900 : 489;
4901 : 522;
4902 : 578;
4903 : 595;
4904 : 549;
4905 : 635;
4906 : 673;
4907 : 730;
4908 : 752;
4909 : 858;
4910 : 941;
4911 : 996;
4912 : 1129;
4913 : 1249;
4914 : 1304;
4915 : 1349;
4916 : 1411;
4917 : 1405;
4918 : 1296;
4919 : 1130;
4920 : 996;
4921 : 799;
4922 : 658;
4923 : 583;
4924 : 477;
4925 : 499;
4926 : 377;
4927 : 424;
4928 : 398;
4929 : 366;
4930 : 382;
4931 : 377;
4932 : 372;
4933 : 382;
4934 : 386;
4935 : 427;
4936 : 365;
4937 : 338;
4938 : 391;
4939 : 402;
4940 : 375;
4941 : 398;
4942 : 367;
4943 : 417;
4944 : 353;
4945 : 405;
4946 : 377;
4947 : 370;
4948 : 429;
4949 : 298;
4950 : 378;
4951 : 329;
4952 : 310;
4953 : 335;
4954 : 328;
4955 : 350;
4956 : 297;
4957 : 349;
4958 : 284;
4959 : 320;
4960 : 302;
4961 : 331;
4962 : 302;
4963 : 303;
4964 : 339;
4965 : 392;
4966 : 417;
4967 : 438;
4968 : 485;
4969 : 385;
4970 : 419;
4971 : 384;
4972 : 329;
4973 : 342;
4974 : 284;
4975 : 283;
4976 : 232;
4977 : 323;
4978 : 266;
4979 : 227;
4980 : 254;
4981 : 241;
4982 : 91;
4983 : 40;
4984 : 478;
4985 : 1594;
4986 : 3260;
4987 : 3929;
4988 : 2296;
4989 : 82;
4990 : 0;
4991 : 117;
4992 : 382;
4993 : 335;
4994 : 403;
4995 : 343;
4996 : 381;
4997 : 416;
4998 : 426;
4999 : 424;
5000 : 446;
5001 : 441;
5002 : 492;
5003 : 527;
5004 : 532;
5005 : 618;
5006 : 644;
5007 : 698;
5008 : 780;
5009 : 858;
5010 : 0;
5011 : 0;
5012 : 0;
5013 : 0;
5014 : 0;
5015 : 0;
5016 : 0;
5017 : 0;
5018 : 0;
5019 : 0;
5020 : 0;
5021 : 0;
5022 : 0;
5023 : 0;
5024 : 0;
5025 : 0;
5026 : 0;
5027 : 0;
5028 : 0;
5029 : 0;
5030 : 0;
5031 : 0;
5032 : 0;
5033 : 0;
5034 : 0;
5035 : 0;
5036 : 0;
5037 : 0;
5038 : 0;
5039 : 0;
5040 : 0;
5041 : 0;
5042 : 0;
5043 : 0;
5044 : 0;
5045 : 0;
5046 : 0;
5047 : 0;
5048 : 0;
5049 : 0;
5050 : 0;
5051 : 0;
5052 : 0;
5053 : 0;
5054 : 0;
5055 : 0;
5056 : 0;
5057 : 0;
5058 : 0;
5059 : 0;
5060 : 0;
5061 : 0;
5062 : 0;
5063 : 0;
5064 : 0;
5065 : 0;
5066 : 0;
5067 : 0;
5068 : 0;
5069 : 0;
5070 : 0;
5071 : 0;
5072 : 0;
5073 : 0;
5074 : 0;
5075 : 0;
5076 : 3740;
5077 : 4095;
5078 : 1325;
5079 : 433;
5080 : 448;
5081 : 358;
5082 : 394;
5083 : 381;
5084 : 358;
5085 : 346;
5086 : 363;
5087 : 379;
5088 : 387;
5089 : 396;
5090 : 412;
5091 : 410;
5092 : 423;
5093 : 437;
5094 : 483;
5095 : 522;
5096 : 572;
5097 : 625;
5098 : 696;
5099 : 797;
5100 : 905;
5101 : 1041;
5102 : 1168;
5103 : 1281;
5104 : 1406;
5105 : 1521;
5106 : 1606;
5107 : 1621;
5108 : 1581;
5109 : 1457;
5110 : 1286;
5111 : 1103;
5112 : 946;
5113 : 785;
5114 : 661;
5115 : 609;
5116 : 557;
5117 : 503;
5118 : 474;
5119 : 476;
5120 : 479;
5121 : 487;
5122 : 481;
5123 : 485;
5124 : 487;
5125 : 497;
5126 : 499;
5127 : 483;
5128 : 466;
5129 : 487;
5130 : 478;
5131 : 460;
5132 : 437;
5133 : 421;
5134 : 408;
5135 : 425;
5136 : 410;
5137 : 400;
5138 : 352;
5139 : 350;
5140 : 365;
5141 : 338;
5142 : 321;
5143 : 294;
5144 : 315;
5145 : 325;
5146 : 319;
5147 : 309;
5148 : 298;
5149 : 267;
5150 : 269;
5151 : 270;
5152 : 255;
5153 : 243;
5154 : 243;
5155 : 249;
5156 : 239;
5157 : 278;
5158 : 253;
5159 : 344;
5160 : 346;
5161 : 439;
5162 : 495;
5163 : 563;
5164 : 592;
5165 : 503;
5166 : 464;
5167 : 435;
5168 : 354;
5169 : 209;
5170 : 193;
5171 : 145;
5172 : 156;
5173 : 172;
5174 : 156;
5175 : 0;
5176 : 567;
5177 : 1797;
5178 : 3224;
5179 : 3686;
5180 : 1877;
5181 : 381;
5182 : 396;
5183 : 191;
5184 : 236;
5185 : 228;
5186 : 222;
5187 : 226;
5188 : 228;
5189 : 239;
5190 : 239;
5191 : 228;
5192 : 239;
5193 : 253;
5194 : 238;
5195 : 263;
5196 : 280;
5197 : 348;
5198 : 371;
5199 : 0;
5200 : 0;
5201 : 0;
5202 : 0;
5203 : 0;
5204 : 0;
5205 : 0;
5206 : 0;
5207 : 0;
5208 : 0;
5209 : 0;
5210 : 0;
5211 : 0;
5212 : 0;
5213 : 0;
5214 : 0;
5215 : 0;
5216 : 0;
5217 : 0;
5218 : 0;
5219 : 0;
5220 : 0;
5221 : 0;
5222 : 0;
5223 : 0;
5224 : 0;
5225 : 0;
5226 : 0;
5227 : 0;
5228 : 0;
5229 : 0;
5230 : 0;
5231 : 0;
5232 : 0;
5233 : 0;
5234 : 0;
5235 : 0;
5236 : 0;
5237 : 0;
5238 : 0;
5239 : 0;
5240 : 0;
5241 : 0;
5242 : 0;
5243 : 0;
5244 : 0;
5245 : 0;
5246 : 0;
5247 : 0;
5248 : 0;
5249 : 0;
5250 : 0;
5251 : 0;
5252 : 0;
5253 : 0;
5254 : 0;
5255 : 0;
5256 : 0;
5257 : 0;
5258 : 0;
5259 : 0;
5260 : 0;
5261 : 0;
5262 : 0;
5263 : 0;
5264 : 3974;
5265 : 3389;
5266 : 1203;
5267 : 203;
5268 : 224;
5269 : 500;
5270 : 503;
5271 : 490;
5272 : 483;
5273 : 493;
5274 : 500;
5275 : 485;
5276 : 459;
5277 : 490;
5278 : 475;
5279 : 508;
5280 : 513;
5281 : 490;
5282 : 543;
5283 : 592;
5284 : 639;
5285 : 645;
5286 : 670;
5287 : 691;
5288 : 738;
5289 : 804;
5290 : 856;
5291 : 914;
5292 : 974;
5293 : 1056;
5294 : 1228;
5295 : 1337;
5296 : 1519;
5297 : 1705;
5298 : 1859;
5299 : 1979;
5300 : 1981;
5301 : 1877;
5302 : 1662;
5303 : 1410;
5304 : 1172;
5305 : 969;
5306 : 814;
5307 : 713;
5308 : 637;
5309 : 602;
5310 : 576;
5311 : 564;
5312 : 492;
5313 : 495;
5314 : 501;
5315 : 475;
5316 : 485;
5317 : 492;
5318 : 497;
5319 : 525;
5320 : 477;
5321 : 498;
5322 : 511;
5323 : 515;
5324 : 536;
5325 : 523;
5326 : 531;
5327 : 511;
5328 : 510;
5329 : 515;
5330 : 463;
5331 : 482;
5332 : 477;
5333 : 449;
5334 : 475;
5335 : 434;
5336 : 432;
5337 : 386;
5338 : 363;
5339 : 391;
5340 : 358;
5341 : 346;
5342 : 351;
5343 : 340;
5344 : 343;
5345 : 300;
5346 : 321;
5347 : 373;
5348 : 515;
5349 : 571;
5350 : 579;
5351 : 625;
5352 : 625;
5353 : 620;
5354 : 605;
5355 : 508;
5356 : 510;
5357 : 454;
5358 : 371;
5359 : 356;
5360 : 318;
5361 : 315;
5362 : 340;
5363 : 315;
5364 : 345;
5365 : 302;
5366 : 317;
5367 : 328;
5368 : 317;
5369 : 320;
5370 : 297;
5371 : 284;
5372 : 150;
5373 : 0;
5374 : 635;
5375 : 1775;
5376 : 4095;
5377 : 3812;
5378 : 1466;
5379 : 300;
5380 : 242;
5381 : 549;
5382 : 563;
5383 : 510;
5384 : 487;
5385 : 465;
5386 : 457;
5387 : 459;
5388 : 457;
5389 : 462;
5390 : 439;
5391 : 437;
5392 : 419;
5393 : 409;
5394 : 407;
5395 : 407;
5396 : 455;
5397 : 455;
5398 : 497;
5399 : 556;
5400 : 0;
5401 : 0;
5402 : 0;
5403 : 0;
5404 : 0;
5405 : 0;
5406 : 0;
5407 : 0;
5408 : 0;
5409 : 0;
5410 : 0;
5411 : 0;
5412 : 0;
5413 : 0;
5414 : 0;
5415 : 0;
5416 : 0;
5417 : 0;
5418 : 0;
5419 : 0;
5420 : 0;
5421 : 0;
5422 : 0;
5423 : 0;
5424 : 0;
5425 : 0;
5426 : 0;
5427 : 0;
5428 : 0;
5429 : 0;
5430 : 0;
5431 : 0;
5432 : 0;
5433 : 0;
5434 : 0;
5435 : 0;
5436 : 0;
5437 : 0;
5438 : 0;
5439 : 0;
5440 : 0;
5441 : 0;
5442 : 0;
5443 : 0;
5444 : 0;
5445 : 0;
5446 : 0;
5447 : 0;
5448 : 0;
5449 : 0;
5450 : 0;
5451 : 0;
5452 : 4095;
5453 : 2533;
5454 : 472;
5455 : 486;
5456 : 513;
5457 : 458;
5458 : 456;
5459 : 397;
5460 : 377;
5461 : 358;
5462 : 400;
5463 : 382;
5464 : 337;
5465 : 310;
5466 : 367;
5467 : 368;
5468 : 302;
5469 : 337;
5470 : 385;
5471 : 402;
5472 : 368;
5473 : 428;
5474 : 464;
5475 : 451;
5476 : 537;
5477 : 574;
5478 : 652;
5479 : 786;
5480 : 893;
5481 : 1001;
5482 : 1091;
5483 : 1183;
5484 : 1260;
5485 : 1359;
5486 : 1398;
5487 : 1393;
5488 : 1333;
5489 : 1162;
5490 : 944;
5491 : 850;
5492 : 673;
5493 : 531;
5494 : 504;
5495 : 418;
5496 : 420;
5497 : 405;
5498 : 347;
5499 : 396;
5500 : 368;
5501 : 384;
5502 : 419;
5503 : 411;
5504 : 411;
5505 : 417;
5506 : 403;
5507 : 410;
5508 : 424;
5509 : 404;
5510 : 399;
5511 : 411;
5512 : 399;
5513 : 422;
5514 : 378;
5515 : 367;
5516 : 425;
5517 : 461;
5518 : 529;
5519 : 634;
5520 : 721;
5521 : 734;
5522 : 719;
5523 : 554;
5524 : 479;
5525 : 395;
5526 : 335;
5527 : 251;
5528 : 246;
5529 : 194;
5530 : 225;
5531 : 242;
5532 : 180;
5533 : 151;
5534 : 196;
5535 : 182;
5536 : 154;
5537 : 0;
5538 : 620;
5539 : 1934;
5540 : 3487;
5541 : 4061;
5542 : 1533;
5543 : 253;
5544 : 357;
5545 : 385;
5546 : 322;
5547 : 265;
5548 : 224;
5549 : 212;
5550 : 242;
5551 : 224;
5552 : 242;
5553 : 249;
5554 : 269;
5555 : 227;
5556 : 243;
5557 : 258;
5558 : 262;
5559 : 270;
5560 : 291;
5561 : 307;
5562 : 329;
5563 : 392;
5564 : 450;
5565 : 485;
5566 : 571;
5567 : 690;
5568 : 788;
5569 : 905;
5570 : 996;
5571 : 1119;
5572 : 1220;
5573 : 1289;
5574 : 1341;
5575 : 1307;
5576 : 1187;
5577 : 1011;
5578 : 846;
5579 : 669;
5580 : 558;
5581 : 434;
5582 : 361;
5583 : 328;
5584 : 314;
5585 : 292;
5586 : 298;
5587 : 290;
5588 : 280;
5589 : 271;
5590 : 275;
5591 : 307;
5592 : 315;
5593 : 313;
5594 : 343;
5595 : 351;
5596 : 0;
5597 : 0;
5598 : 0;
5599 : 0;
5600 : 0;
5601 : 0;
5602 : 0;
5603 : 0;
5604 : 0;
5605 : 0;
5606 : 0;
5607 : 0;
5608 : 0;
5609 : 0;
5610 : 0;
5611 : 0;
5612 : 0;
5613 : 0;
5614 : 0;
5615 : 0;
5616 : 0;
5617 : 0;
5618 : 0;
5619 : 0;
5620 : 0;
5621 : 0;
5622 : 0;
5623 : 0;
5624 : 0;
5625 : 0;
5626 : 0;
5627 : 0;
5628 : 0;
5629 : 0;
5630 : 0;
5631 : 0;
5632 : 0;
5633 : 0;
5634 : 0;
5635 : 0;
5636 : 0;
5637 : 0;
5638 : 0;
5639 : 0;
5640 : 4095;
5641 : 3909;
5642 : 2334;
5643 : 1200;
5644 : 0;
5645 : 548;
5646 : 936;
5647 : 1244;
5648 : 1310;
5649 : 1278;
5650 : 1371;
5651 : 1373;
5652 : 1411;
5653 : 1468;
5654 : 1411;
5655 : 1477;
5656 : 1462;
5657 : 1507;
5658 : 1547;
5659 : 1504;
5660 : 1581;
5661 : 1568;
5662 : 1602;
5663 : 1652;
5664 : 1606;
5665 : 1699;
5666 : 1688;
5667 : 1790;
5668 : 1898;
5669 : 1868;
5670 : 1902;
5671 : 1741;
5672 : 1659;
5673 : 1587;
5674 : 1449;
5675 : 1460;
5676 : 1352;
5677 : 1348;
5678 : 1361;
5679 : 1291;
5680 : 1348;
5681 : 1316;
5682 : 1359;
5683 : 1390;
5684 : 1329;
5685 : 1382;
5686 : 1342;
5687 : 1424;
5688 : 1568;
5689 : 1648;
5690 : 1729;
5691 : 1811;
5692 : 1927;
5693 : 1856;
5694 : 1966;
5695 : 1957;
5696 : 1781;
5697 : 1731;
5698 : 1559;
5699 : 1327;
5700 : 1318;
5701 : 1223;
5702 : 1227;
5703 : 1244;
5704 : 1143;
5705 : 1200;
5706 : 1126;
5707 : 1138;
5708 : 1156;
5709 : 1056;
5710 : 1346;
5711 : 1936;
5712 : 3937;
5713 : 4015;
5714 : 2319;
5715 : 1227;
5716 : 3;
5717 : 464;
5718 : 973;
5719 : 1208;
5720 : 1306;
5721 : 1304;
5722 : 1369;
5723 : 1441;
5724 : 1395;
5725 : 1479;
5726 : 0;
5727 : 0;
5728 : 0;
5729 : 0;
5730 : 0;
5731 : 0;
5732 : 0;
5733 : 0;
5734 : 0;
5735 : 0;
5736 : 0;
5737 : 0;
5738 : 0;
5739 : 0;
5740 : 0;
5741 : 0;
5742 : 0;
5743 : 0;
5744 : 0;
5745 : 0;
5746 : 0;
5747 : 0;
5748 : 0;
5749 : 0;
5750 : 0;
5751 : 0;
5752 : 0;
5753 : 0;
5754 : 0;
5755 : 0;
5756 : 0;
5757 : 0;
5758 : 0;
5759 : 0;
5760 : 0;
5761 : 0;
5762 : 0;
5763 : 0;
5764 : 0;
5765 : 0;
5766 : 0;
5767 : 0;
5768 : 0;
5769 : 0;
5770 : 0;
5771 : 0;
5772 : 0;
5773 : 0;
5774 : 0;
5775 : 0;
5776 : 0;
5777 : 0;
5778 : 0;
5779 : 0;
5780 : 0;
5781 : 0;
5782 : 0;
5783 : 0;
5784 : 0;
5785 : 0;
5786 : 0;
5787 : 0;
5788 : 0;
5789 : 0;
5790 : 0;
5791 : 0;
5792 : 0;
5793 : 0;
5794 : 0;
5795 : 0;
5796 : 0;
5797 : 0;
5798 : 0;
5799 : 0;
5800 : 0;
5801 : 0;
5802 : 0;
5803 : 0;
5804 : 0;
5805 : 0;
5806 : 0;
5807 : 0;
5808 : 0;
5809 : 0;
5810 : 0;
5811 : 0;
5812 : 0;
5813 : 0;
5814 : 0;
5815 : 0;
5816 : 0;
5817 : 0;
5818 : 0;
5819 : 0;
5820 : 0;
5821 : 0;
5822 : 0;
5823 : 0;
5824 : 0;
5825 : 0;
5826 : 0;
5827 : 0;
5828 : 4095;
5829 : 3841;
5830 : 2134;
5831 : 561;
5832 : 0;
5833 : 883;
5834 : 1379;
5835 : 1421;
5836 : 1521;
5837 : 1607;
5838 : 1604;
5839 : 1649;
5840 : 1632;
5841 : 1638;
5842 : 1658;
5843 : 1721;
5844 : 1775;
5845 : 1806;
5846 : 1852;
5847 : 1912;
5848 : 1934;
5849 : 2009;
5850 : 2154;
5851 : 2242;
5852 : 2405;
5853 : 2604;
5854 : 2778;
5855 : 2972;
5856 : 3126;
5857 : 3257;
5858 : 3325;
5859 : 3368;
5860 : 3291;
5861 : 3043;
5862 : 2735;
5863 : 2390;
5864 : 2074;
5865 : 1798;
5866 : 1701;
5867 : 1595;
5868 : 1513;
5869 : 1478;
5870 : 1461;
5871 : 1456;
5872 : 1421;
5873 : 1416;
5874 : 1379;
5875 : 1339;
5876 : 1359;
5877 : 1353;
5878 : 1359;
5879 : 1379;
5880 : 1379;
5881 : 1399;
5882 : 1421;
5883 : 1410;
5884 : 1430;
5885 : 1430;
5886 : 1444;
5887 : 1436;
5888 : 1407;
5889 : 1430;
5890 : 1416;
5891 : 1416;
5892 : 1424;
5893 : 1427;
5894 : 1410;
5895 : 1393;
5896 : 1376;
5897 : 1359;
5898 : 1342;
5899 : 1421;
5900 : 1592;
5901 : 1718;
5902 : 1763;
5903 : 1823;
5904 : 2043;
5905 : 2043;
5906 : 2142;
5907 : 2100;
5908 : 1909;
5909 : 1678;
5910 : 1376;
5911 : 1288;
5912 : 1231;
5913 : 1242;
5914 : 1228;
5915 : 1188;
5916 : 1219;
5917 : 1188;
5918 : 1176;
5919 : 1481;
5920 : 1914;
5921 : 2114;
5922 : 3265;
5923 : 4075;
5924 : 3060;
5925 : 1097;
5926 : 153;
5927 : 293;
5928 : 1131;
5929 : 1308;
5930 : 1370;
5931 : 1439;
5932 : 1476;
5933 : 1535;
5934 : 1621;
5935 : 1641;
5936 : 1658;
5937 : 1715;
5938 : 1738;
5939 : 1744;
5940 : 1789;
5941 : 1872;
5942 : 1912;
5943 : 2031;
5944 : 2145;
5945 : 2191;
5946 : 0;
5947 : 0;
5948 : 0;
5949 : 0;
5950 : 0;
5951 : 0;
5952 : 0;
5953 : 0;
5954 : 0;
5955 : 0;
5956 : 0;
5957 : 0;
5958 : 0;
5959 : 0;
5960 : 0;
5961 : 0;
5962 : 0;
5963 : 0;
5964 : 0;
5965 : 0;
5966 : 0;
5967 : 0;
5968 : 0;
5969 : 0;
5970 : 0;
5971 : 0;
5972 : 0;
5973 : 0;
5974 : 0;
5975 : 0;
5976 : 0;
5977 : 0;
5978 : 0;
5979 : 0;
5980 : 0;
5981 : 0;
5982 : 0;
5983 : 0;
5984 : 0;
5985 : 0;
5986 : 0;
5987 : 0;
5988 : 0;
5989 : 0;
5990 : 0;
5991 : 0;
5992 : 0;
5993 : 0;
5994 : 0;
5995 : 0;
5996 : 0;
5997 : 0;
5998 : 0;
5999 : 0;
6000 : 0;
6001 : 0;
6002 : 0;
6003 : 0;
6004 : 0;
6005 : 0;
6006 : 0;
6007 : 0;
6008 : 0;
6009 : 0;
6010 : 0;
6011 : 0;
6012 : 0;
6013 : 0;
6014 : 0;
6015 : 0;
6016 : 3971;
6017 : 1494;
6018 : 505;
6019 : 146;
6020 : 54;
6021 : 370;
6022 : 537;
6023 : 730;
6024 : 769;
6025 : 803;
6026 : 824;
6027 : 854;
6028 : 859;
6029 : 862;
6030 : 903;
6031 : 894;
6032 : 923;
6033 : 909;
6034 : 904;
6035 : 951;
6036 : 974;
6037 : 964;
6038 : 966;
6039 : 980;
6040 : 994;
6041 : 1033;
6042 : 1047;
6043 : 1094;
6044 : 1109;
6045 : 1134;
6046 : 1192;
6047 : 1229;
6048 : 1275;
6049 : 1310;
6050 : 1346;
6051 : 1380;
6052 : 1374;
6053 : 1365;
6054 : 1342;
6055 : 1327;
6056 : 1205;
6057 : 1131;
6058 : 1080;
6059 : 1010;
6060 : 957;
6061 : 913;
6062 : 894;
6063 : 879;
6064 : 840;
6065 : 842;
6066 : 852;
6067 : 879;
6068 : 842;
6069 : 844;
6070 : 860;
6071 : 864;
6072 : 886;
6073 : 894;
6074 : 933;
6075 : 906;
6076 : 933;
6077 : 891;
6078 : 917;
6079 : 891;
6080 : 869;
6081 : 889;
6082 : 859;
6083 : 870;
6084 : 869;
6085 : 866;
6086 : 817;
6087 : 846;
6088 : 807;
6089 : 843;
6090 : 813;
6091 : 827;
6092 : 826;
6093 : 827;
6094 : 790;
6095 : 810;
6096 : 812;
6097 : 827;
6098 : 802;
6099 : 792;
6100 : 779;
6101 : 822;
6102 : 815;
6103 : 800;
6104 : 827;
6105 : 813;
6106 : 779;
6107 : 802;
6108 : 819;
6109 : 809;
6110 : 795;
6111 : 773;
6112 : 773;
6113 : 810;
6114 : 812;
6115 : 792;
6116 : 789;
6117 : 815;
6118 : 812;
6119 : 795;
6120 : 842;
6121 : 883;
6122 : 973;
6123 : 1023;
6124 : 1045;
6125 : 1122;
6126 : 1251;
6127 : 1159;
6128 : 1245;
6129 : 1205;
6130 : 1062;
6131 : 998;
6132 : 899;
6133 : 782;
6134 : 746;
6135 : 736;
6136 : 743;
6137 : 730;
6138 : 726;
6139 : 689;
6140 : 725;
6141 : 723;
6142 : 702;
6143 : 689;
6144 : 897;
6145 : 1610;
6146 : 2670;
6147 : 4095;
6148 : 1558;
6149 : 589;
6150 : 176;
6151 : 0;
6152 : 303;
6153 : 440;
6154 : 676;
6155 : 739;
6156 : 779;
6157 : 763;
6158 : 780;
6159 : 816;
6160 : 789;
6161 : 807;
6162 : 802;
6163 : 850;
6164 : 866;
6165 : 859;
6166 : 877;
6167 : 911;
6168 : 897;
6169 : 903;
6170 : 911;
6171 : 936;
6172 : 993;
6173 : 0;
6174 : 0;
6175 : 0;
6176 : 0;
6177 : 0;
6178 : 0;
6179 : 0;
6180 : 0;
6181 : 0;
6182 : 0;
6183 : 0;
6184 : 0;
6185 : 0;
6186 : 0;
6187 : 0;
6188 : 0;
6189 : 0;
6190 : 0;
6191 : 0;
6192 : 0;
6193 : 0;
6194 : 0;
6195 : 0;
6196 : 0;
6197 : 0;
6198 : 0;
6199 : 0;
6200 : 0;
6201 : 0;
6202 : 0;
6203 : 0;
6204 : 3719;
6205 : 2955;
6206 : 1447;
6207 : 849;
6208 : 564;
6209 : 437;
6210 : 292;
6211 : 239;
6212 : 197;
6213 : 147;
6214 : 151;
6215 : 134;
6216 : 162;
6217 : 158;
6218 : 139;
6219 : 146;
6220 : 186;
6221 : 184;
6222 : 196;
6223 : 184;
6224 : 189;
6225 : 225;
6226 : 227;
6227 : 298;
6228 : 340;
6229 : 399;
6230 : 433;
6231 : 420;
6232 : 570;
6233 : 654;
6234 : 706;
6235 : 751;
6236 : 778;
6237 : 786;
6238 : 774;
6239 : 742;
6240 : 684;
6241 : 567;
6242 : 455;
6243 : 333;
6244 : 238;
6245 : 177;
6246 : 129;
6247 : 75;
6248 : 80;
6249 : 76;
6250 : 96;
6251 : 99;
6252 : 79;
6253 : 58;
6254 : 82;
6255 : 88;
6256 : 76;
6257 : 74;
6258 : 61;
6259 : 71;
6260 : 69;
6261 : 74;
6262 : 79;
6263 : 88;
6264 : 78;
6265 : 106;
6266 : 130;
6267 : 150;
6268 : 145;
6269 : 121;
6270 : 123;
6271 : 127;
6272 : 145;
6273 : 138;
6274 : 139;
6275 : 142;
6276 : 123;
6277 : 136;
6278 : 146;
6279 : 166;
6280 : 159;
6281 : 170;
6282 : 160;
6283 : 190;
6284 : 181;
6285 : 192;
6286 : 203;
6287 : 212;
6288 : 221;
6289 : 217;
6290 : 214;
6291 : 234;
6292 : 192;
6293 : 178;
6294 : 168;
6295 : 165;
6296 : 175;
6297 : 172;
6298 : 159;
6299 : 165;
6300 : 133;
6301 : 130;
6302 : 139;
6303 : 142;
6304 : 128;
6305 : 146;
6306 : 184;
6307 : 197;
6308 : 198;
6309 : 205;
6310 : 222;
6311 : 317;
6312 : 384;
6313 : 373;
6314 : 337;
6315 : 355;
6316 : 318;
6317 : 298;
6318 : 173;
6319 : 139;
6320 : 96;
6321 : 87;
6322 : 71;
6323 : 42;
6324 : 29;
6325 : 42;
6326 : 56;
6327 : 76;
6328 : 106;
6329 : 107;
6330 : 0;
6331 : 32;
6332 : 683;
6333 : 1174;
6334 : 1885;
6335 : 3220;
6336 : 4095;
6337 : 2555;
6338 : 1298;
6339 : 719;
6340 : 736;
6341 : 548;
6342 : 453;
6343 : 404;
6344 : 379;
6345 : 372;
6346 : 338;
6347 : 323;
6348 : 314;
6349 : 298;
6350 : 295;
6351 : 315;
6352 : 341;
6353 : 361;
6354 : 379;
6355 : 399;
6356 : 434;
6357 : 472;
6358 : 488;
6359 : 528;
6360 : 594;
6361 : 649;
6362 : 0;
6363 : 0;
6364 : 0;
6365 : 0;
6366 : 0;
6367 : 0;
6368 : 0;
6369 : 0;
6370 : 0;
6371 : 0;
6372 : 0;
6373 : 0;
6374 : 0;
6375 : 0;
6376 : 0;
6377 : 0;
6378 : 0;
6379 : 0;
6380 : 0;
6381 : 0;
6382 : 0;
6383 : 0;
6384 : 0;
6385 : 0;
6386 : 0;
6387 : 0;
6388 : 0;
6389 : 0;
6390 : 0;
6391 : 0;
6392 : 3838;
6393 : 3253;
6394 : 1345;
6395 : 574;
6396 : 209;
6397 : 356;
6398 : 708;
6399 : 506;
6400 : 435;
6401 : 384;
6402 : 414;
6403 : 490;
6404 : 534;
6405 : 356;
6406 : 482;
6407 : 501;
6408 : 577;
6409 : 547;
6410 : 613;
6411 : 610;
6412 : 746;
6413 : 732;
6414 : 839;
6415 : 910;
6416 : 967;
6417 : 1250;
6418 : 1228;
6419 : 1414;
6420 : 1487;
6421 : 1700;
6422 : 1795;
6423 : 1882;
6424 : 1958;
6425 : 1942;
6426 : 1849;
6427 : 1740;
6428 : 1599;
6429 : 1367;
6430 : 1130;
6431 : 1076;
6432 : 896;
6433 : 735;
6434 : 716;
6435 : 632;
6436 : 659;
6437 : 536;
6438 : 615;
6439 : 615;
6440 : 593;
6441 : 523;
6442 : 574;
6443 : 577;
6444 : 659;
6445 : 534;
6446 : 490;
6447 : 482;
6448 : 444;
6449 : 430;
6450 : 512;
6451 : 629;
6452 : 476;
6453 : 531;
6454 : 536;
6455 : 637;
6456 : 566;
6457 : 539;
6458 : 610;
6459 : 512;
6460 : 512;
6461 : 539;
6462 : 523;
6463 : 490;
6464 : 544;
6465 : 555;
6466 : 444;
6467 : 640;
6468 : 514;
6469 : 482;
6470 : 520;
6471 : 569;
6472 : 580;
6473 : 542;
6474 : 577;
6475 : 648;
6476 : 781;
6477 : 888;
6478 : 1018;
6479 : 980;
6480 : 961;
6481 : 1177;
6482 : 1100;
6483 : 978;
6484 : 931;
6485 : 716;
6486 : 531;
6487 : 506;
6488 : 433;
6489 : 465;
6490 : 365;
6491 : 438;
6492 : 419;
6493 : 416;
6494 : 517;
6495 : 626;
6496 : 0;
6497 : 329;
6498 : 2435;
6499 : 4095;
6500 : 3432;
6501 : 1471;
6502 : 651;
6503 : 321;
6504 : 553;
6505 : 517;
6506 : 536;
6507 : 506;
6508 : 504;
6509 : 346;
6510 : 498;
6511 : 449;
6512 : 544;
6513 : 425;
6514 : 520;
6515 : 501;
6516 : 566;
6517 : 563;
6518 : 662;
6519 : 689;
6520 : 711;
6521 : 779;
6522 : 790;
6523 : 983;
6524 : 0;
6525 : 0;
6526 : 0;
6527 : 0;
6528 : 0;
6529 : 0;
6530 : 0;
6531 : 0;
6532 : 0;
6533 : 0;
6534 : 0;
6535 : 0;
6536 : 0;
6537 : 0;
6538 : 0;
6539 : 0;
6540 : 0;
6541 : 0;
6542 : 0;
6543 : 0;
6544 : 0;
6545 : 0;
6546 : 0;
6547 : 0;
6548 : 0;
6549 : 0;
6550 : 0;
6551 : 0;
6552 : 0;
6553 : 0;
6554 : 0;
6555 : 0;
6556 : 0;
6557 : 0;
6558 : 0;
6559 : 0;
6560 : 0;
6561 : 0;
6562 : 0;
6563 : 0;
6564 : 0;
6565 : 0;
6566 : 0;
6567 : 0;
6568 : 0;
6569 : 0;
6570 : 0;
6571 : 0;
6572 : 0;
6573 : 0;
6574 : 0;
6575 : 0;
6576 : 0;
6577 : 0;
6578 : 0;
6579 : 0;
6580 : 3599;
6581 : 4095;
6582 : 2460;
6583 : 932;
6584 : 712;
6585 : 623;
6586 : 827;
6587 : 843;
6588 : 820;
6589 : 825;
6590 : 812;
6591 : 791;
6592 : 809;
6593 : 793;
6594 : 746;
6595 : 730;
6596 : 730;
6597 : 775;
6598 : 788;
6599 : 841;
6600 : 843;
6601 : 859;
6602 : 896;
6603 : 906;
6604 : 919;
6605 : 977;
6606 : 956;
6607 : 1021;
6608 : 1103;
6609 : 1134;
6610 : 1241;
6611 : 1296;
6612 : 1357;
6613 : 1357;
6614 : 1396;
6615 : 1372;
6616 : 1299;
6617 : 1194;
6618 : 1047;
6619 : 911;
6620 : 780;
6621 : 678;
6622 : 623;
6623 : 649;
6624 : 689;
6625 : 649;
6626 : 649;
6627 : 620;
6628 : 605;
6629 : 555;
6630 : 571;
6631 : 558;
6632 : 571;
6633 : 552;
6634 : 526;
6635 : 505;
6636 : 526;
6637 : 471;
6638 : 529;
6639 : 516;
6640 : 558;
6641 : 623;
6642 : 599;
6643 : 636;
6644 : 665;
6645 : 623;
6646 : 618;
6647 : 589;
6648 : 610;
6649 : 605;
6650 : 599;
6651 : 594;
6652 : 568;
6653 : 579;
6654 : 505;
6655 : 455;
6656 : 468;
6657 : 516;
6658 : 647;
6659 : 746;
6660 : 757;
6661 : 825;
6662 : 867;
6663 : 867;
6664 : 820;
6665 : 652;
6666 : 476;
6667 : 358;
6668 : 217;
6669 : 165;
6670 : 159;
6671 : 183;
6672 : 204;
6673 : 196;
6674 : 235;
6675 : 233;
6676 : 264;
6677 : 0;
6678 : 275;
6679 : 869;
6680 : 1949;
6681 : 3788;
6682 : 3557;
6683 : 1653;
6684 : 799;
6685 : 592;
6686 : 555;
6687 : 634;
6688 : 715;
6689 : 641;
6690 : 597;
6691 : 597;
6692 : 599;
6693 : 503;
6694 : 516;
6695 : 503;
6696 : 508;
6697 : 550;
6698 : 544;
6699 : 579;
6700 : 610;
6701 : 0;
6702 : 0;
6703 : 0;
6704 : 0;
6705 : 0;
6706 : 0;
6707 : 0;
6708 : 0;
6709 : 0;
6710 : 0;
6711 : 0;
6712 : 0;
6713 : 0;
6714 : 0;
6715 : 0;
6716 : 0;
6717 : 0;
6718 : 0;
6719 : 0;
6720 : 0;
6721 : 0;
6722 : 0;
6723 : 0;
6724 : 0;
6725 : 0;
6726 : 0;
6727 : 0;
6728 : 0;
6729 : 0;
6730 : 0;
6731 : 0;
6732 : 0;
6733 : 0;
6734 : 0;
6735 : 0;
6736 : 0;
6737 : 0;
6738 : 0;
6739 : 0;
6740 : 0;
6741 : 0;
6742 : 0;
6743 : 0;
6744 : 0;
6745 : 0;
6746 : 0;
6747 : 0;
6748 : 0;
6749 : 0;
6750 : 0;
6751 : 0;
6752 : 0;
6753 : 0;
6754 : 0;
6755 : 0;
6756 : 0;
6757 : 0;
6758 : 0;
6759 : 0;
6760 : 0;
6761 : 0;
6762 : 0;
6763 : 0;
6764 : 0;
6765 : 0;
6766 : 0;
6767 : 0;
6768 : 3941;
6769 : 2946;
6770 : 1900;
6771 : 1097;
6772 : 702;
6773 : 822;
6774 : 835;
6775 : 807;
6776 : 818;
6777 : 807;
6778 : 847;
6779 : 823;
6780 : 842;
6781 : 865;
6782 : 862;
6783 : 910;
6784 : 899;
6785 : 921;
6786 : 955;
6787 : 984;
6788 : 1033;
6789 : 1035;
6790 : 1082;
6791 : 1151;
6792 : 1188;
6793 : 1272;
6794 : 1311;
6795 : 1368;
6796 : 1426;
6797 : 1445;
6798 : 1508;
6799 : 1483;
6800 : 1467;
6801 : 1403;
6802 : 1304;
6803 : 1220;
6804 : 1096;
6805 : 1010;
6806 : 958;
6807 : 896;
6808 : 895;
6809 : 868;
6810 : 851;
6811 : 864;
6812 : 837;
6813 : 872;
6814 : 847;
6815 : 857;
6816 : 864;
6817 : 845;
6818 : 872;
6819 : 842;
6820 : 837;
6821 : 843;
6822 : 829;
6823 : 862;
6824 : 841;
6825 : 845;
6826 : 853;
6827 : 840;
6828 : 857;
6829 : 831;
6830 : 828;
6831 : 847;
6832 : 825;
6833 : 843;
6834 : 856;
6835 : 911;
6836 : 958;
6837 : 971;
6838 : 1002;
6839 : 1027;
6840 : 1031;
6841 : 1089;
6842 : 1003;
6843 : 984;
6844 : 845;
6845 : 788;
6846 : 778;
6847 : 747;
6848 : 753;
6849 : 713;
6850 : 719;
6851 : 739;
6852 : 719;
6853 : 743;
6854 : 716;
6855 : 699;
6856 : 503;
6857 : 0;
6858 : 663;
6859 : 1574;
6860 : 3250;
6861 : 4095;
6862 : 2345;
6863 : 1565;
6864 : 766;
6865 : 805;
6866 : 883;
6867 : 868;
6868 : 877;
6869 : 829;
6870 : 830;
6871 : 858;
6872 : 844;
6873 : 891;
6874 : 876;
6875 : 894;
6876 : 924;
6877 : 922;
6878 : 968;
6879 : 961;
6880 : 994;
6881 : 1037;
6882 : 1064;
6883 : 0;
6884 : 0;
6885 : 0;
6886 : 0;
6887 : 0;
6888 : 0;
6889 : 0;
6890 : 0;
6891 : 0;
6892 : 0;
6893 : 0;
6894 : 0;
6895 : 0;
6896 : 0;
6897 : 0;
6898 : 0;
6899 : 0;
6900 : 0;
6901 : 0;
6902 : 0;
6903 : 0;
6904 : 0;
6905 : 0;
6906 : 0;
6907 : 0;
6908 : 0;
6909 : 0;
6910 : 0;
6911 : 0;
6912 : 0;
6913 : 0;
6914 : 0;
6915 : 0;
6916 : 0;
6917 : 0;
6918 : 0;
6919 : 0;
6920 : 0;
6921 : 0;
6922 : 0;
6923 : 0;
6924 : 0;
6925 : 0;
6926 : 0;
6927 : 0;
6928 : 0;
6929 : 0;
6930 : 0;
6931 : 0;
6932 : 0;
6933 : 0;
6934 : 0;
6935 : 0;
6936 : 0;
6937 : 0;
6938 : 0;
6939 : 0;
6940 : 0;
6941 : 0;
6942 : 0;
6943 : 0;
6944 : 0;
6945 : 0;
6946 : 0;
6947 : 0;
6948 : 0;
6949 : 0;
6950 : 0;
6951 : 0;
6952 : 0;
6953 : 0;
6954 : 0;
6955 : 0;
6956 : 4095;
6957 : 3380;
6958 : 1929;
6959 : 632;
6960 : 0;
6961 : 495;
6962 : 1001;
6963 : 1135;
6964 : 1139;
6965 : 1246;
6966 : 1215;
6967 : 1285;
6968 : 1287;
6969 : 1285;
6970 : 1369;
6971 : 1339;
6972 : 1410;
6973 : 1393;
6974 : 1384;
6975 : 1462;
6976 : 1424;
6977 : 1484;
6978 : 1463;
6979 : 1458;
6980 : 1530;
6981 : 1501;
6982 : 1603;
6983 : 1584;
6984 : 1677;
6985 : 1784;
6986 : 1660;
6987 : 1593;
6988 : 1465;
6989 : 1350;
6990 : 1354;
6991 : 1248;
6992 : 1256;
6993 : 1220;
6994 : 1170;
6995 : 1248;
6996 : 1193;
6997 : 1241;
6998 : 1237;
6999 : 1183;
7000 : 1287;
7001 : 1276;
7002 : 1402;
7003 : 1519;
7004 : 1551;
7005 : 1658;
7006 : 1760;
7007 : 1757;
7008 : 1831;
7009 : 1803;
7010 : 1766;
7011 : 1617;
7012 : 1473;
7013 : 1263;
7014 : 1167;
7015 : 1167;
7016 : 1081;
7017 : 1105;
7018 : 1079;
7019 : 1020;
7020 : 1063;
7021 : 1009;
7022 : 1050;
7023 : 1007;
7024 : 1079;
7025 : 1499;
7026 : 3022;
7027 : 3953;
7028 : 2373;
7029 : 1478;
7030 : 328;
7031 : 133;
7032 : 682;
7033 : 1044;
7034 : 1102;
7035 : 1207;
7036 : 1207;
7037 : 1295;
7038 : 1296;
7039 : 1237;
7040 : 0;
7041 : 0;
7042 : 0;
7043 : 0;
7044 : 0;
7045 : 0;
7046 : 0;
7047 : 0;
7048 : 0;
7049 : 0;
7050 : 0;
7051 : 0;
7052 : 0;
7053 : 0;
7054 : 0;
7055 : 0;
7056 : 0;
7057 : 0;
7058 : 0;
7059 : 0;
7060 : 0;
7061 : 0;
7062 : 0;
7063 : 0;
7064 : 0;
7065 : 0;
7066 : 0;
7067 : 0;
7068 : 0;
7069 : 0;
7070 : 0;
7071 : 0;
7072 : 0;
7073 : 0;
7074 : 0;
7075 : 0;
7076 : 0;
7077 : 0;
7078 : 0;
7079 : 0;
7080 : 0;
7081 : 0;
7082 : 0;
7083 : 0;
7084 : 0;
7085 : 0;
7086 : 0;
7087 : 0;
7088 : 0;
7089 : 0;
7090 : 0;
7091 : 0;
7092 : 0;
7093 : 0;
7094 : 0;
7095 : 0;
7096 : 0;
7097 : 0;
7098 : 0;
7099 : 0;
7100 : 0;
7101 : 0;
7102 : 0;
7103 : 0;
7104 : 0;
7105 : 0;
7106 : 0;
7107 : 0;
7108 : 0;
7109 : 0;
7110 : 0;
7111 : 0;
7112 : 0;
7113 : 0;
7114 : 0;
7115 : 0;
7116 : 0;
7117 : 0;
7118 : 0;
7119 : 0;
7120 : 0;
7121 : 0;
7122 : 0;
7123 : 0;
7124 : 0;
7125 : 0;
7126 : 0;
7127 : 0;
7128 : 0;
7129 : 0;
7130 : 0;
7131 : 0;
7132 : 0;
7133 : 0;
7134 : 0;
7135 : 0;
7136 : 0;
7137 : 0;
7138 : 0;
7139 : 0;
7140 : 0;
7141 : 0;
7142 : 0;
7143 : 0;
7144 : 4057;
7145 : 3567;
7146 : 1236;
7147 : 375;
7148 : 588;
7149 : 383;
7150 : 262;
7151 : 205;
7152 : 173;
7153 : 185;
7154 : 163;
7155 : 181;
7156 : 201;
7157 : 209;
7158 : 237;
7159 : 272;
7160 : 282;
7161 : 333;
7162 : 321;
7163 : 312;
7164 : 349;
7165 : 385;
7166 : 373;
7167 : 387;
7168 : 401;
7169 : 450;
7170 : 460;
7171 : 491;
7172 : 543;
7173 : 588;
7174 : 663;
7175 : 736;
7176 : 798;
7177 : 859;
7178 : 873;
7179 : 920;
7180 : 975;
7181 : 1025;
7182 : 999;
7183 : 888;
7184 : 815;
7185 : 711;
7186 : 620;
7187 : 541;
7188 : 442;
7189 : 381;
7190 : 351;
7191 : 333;
7192 : 323;
7193 : 323;
7194 : 335;
7195 : 335;
7196 : 314;
7197 : 310;
7198 : 286;
7199 : 294;
7200 : 282;
7201 : 286;
7202 : 306;
7203 : 321;
7204 : 304;
7205 : 325;
7206 : 367;
7207 : 345;
7208 : 343;
7209 : 329;
7210 : 337;
7211 : 359;
7212 : 310;
7213 : 310;
7214 : 292;
7215 : 270;
7216 : 258;
7217 : 292;
7218 : 246;
7219 : 237;
7220 : 233;
7221 : 270;
7222 : 227;
7223 : 207;
7224 : 240;
7225 : 229;
7226 : 221;
7227 : 197;
7228 : 183;
7229 : 171;
7230 : 173;
7231 : 209;
7232 : 191;
7233 : 195;
7234 : 197;
7235 : 187;
7236 : 199;
7237 : 207;
7238 : 239;
7239 : 223;
7240 : 260;
7241 : 242;
7242 : 235;
7243 : 183;
7244 : 217;
7245 : 274;
7246 : 428;
7247 : 521;
7248 : 517;
7249 : 549;
7250 : 643;
7251 : 669;
7252 : 695;
7253 : 663;
7254 : 414;
7255 : 343;
7256 : 268;
7257 : 207;
7258 : 144;
7259 : 122;
7260 : 57;
7261 : 49;
7262 : 67;
7263 : 67;
7264 : 0;
7265 : 19;
7266 : 298;
7267 : 1572;
7268 : 3705;
7269 : 4095;
7270 : 1941;
7271 : 476;
7272 : 562;
7273 : 553;
7274 : 363;
7275 : 258;
7276 : 221;
7277 : 223;
7278 : 199;
7279 : 177;
7280 : 193;
7281 : 205;
7282 : 207;
7283 : 203;
7284 : 227;
7285 : 256;
7286 : 262;
7287 : 302;
7288 : 327;
7289 : 339;
7290 : 351;
7291 : 371;
7292 : 0;
7293 : 0;
7294 : 0;
7295 : 0;
7296 : 0;
7297 : 0;
7298 : 0;
7299 : 0;
7300 : 0;
7301 : 0;
7302 : 0;
7303 : 0;
7304 : 0;
7305 : 0;
7306 : 0;
7307 : 0;
7308 : 0;
7309 : 0;
7310 : 0;
7311 : 0;
7312 : 0;
7313 : 0;
7314 : 0;
7315 : 0;
7316 : 0;
7317 : 0;
7318 : 0;
7319 : 0;
7320 : 0;
7321 : 0;
7322 : 0;
7323 : 0;
7324 : 0;
7325 : 0;
7326 : 0;
7327 : 0;
7328 : 0;
7329 : 0;
7330 : 0;
7331 : 0;
7332 : 4095;
7333 : 3913;
7334 : 2039;
7335 : 577;
7336 : 193;
7337 : 361;
7338 : 441;
7339 : 441;
7340 : 431;
7341 : 459;
7342 : 461;
7343 : 461;
7344 : 535;
7345 : 539;
7346 : 581;
7347 : 587;
7348 : 623;
7349 : 623;
7350 : 691;
7351 : 767;
7352 : 840;
7353 : 904;
7354 : 982;
7355 : 1106;
7356 : 1234;
7357 : 1370;
7358 : 1498;
7359 : 1663;
7360 : 1787;
7361 : 1867;
7362 : 1947;
7363 : 1967;
7364 : 1913;
7365 : 1683;
7366 : 1444;
7367 : 1198;
7368 : 960;
7369 : 701;
7370 : 577;
7371 : 515;
7372 : 433;
7373 : 387;
7374 : 369;
7375 : 365;
7376 : 377;
7377 : 389;
7378 : 381;
7379 : 387;
7380 : 371;
7381 : 401;
7382 : 395;
7383 : 423;
7384 : 381;
7385 : 413;
7386 : 423;
7387 : 403;
7388 : 443;
7389 : 401;
7390 : 369;
7391 : 395;
7392 : 369;
7393 : 385;
7394 : 349;
7395 : 317;
7396 : 319;
7397 : 329;
7398 : 305;
7399 : 271;
7400 : 291;
7401 : 301;
7402 : 309;
7403 : 283;
7404 : 297;
7405 : 267;
7406 : 289;
7407 : 303;
7408 : 385;
7409 : 505;
7410 : 439;
7411 : 553;
7412 : 685;
7413 : 717;
7414 : 523;
7415 : 465;
7416 : 371;
7417 : 301;
7418 : 195;
7419 : 197;
7420 : 161;
7421 : 169;
7422 : 111;
7423 : 127;
7424 : 175;
7425 : 171;
7426 : 69;
7427 : 225;
7428 : 591;
7429 : 1270;
7430 : 3184;
7431 : 3731;
7432 : 3154;
7433 : 948;
7434 : 147;
7435 : 0;
7436 : 201;
7437 : 267;
7438 : 211;
7439 : 207;
7440 : 217;
7441 : 261;
7442 : 247;
7443 : 283;
7444 : 271;
7445 : 297;
7446 : 327;
7447 : 377;
7448 : 405;
7449 : 0;
7450 : 0;
7451 : 0;
7452 : 0;
7453 : 0;
7454 : 0;
7455 : 0;
7456 : 0;
7457 : 0;
7458 : 0;
7459 : 0;
7460 : 0;
7461 : 0;
7462 : 0;
7463 : 0;
7464 : 0;
7465 : 0;
7466 : 0;
7467 : 0;
7468 : 0;
7469 : 0;
7470 : 0;
7471 : 0;
7472 : 0;
7473 : 0;
7474 : 0;
7475 : 0;
7476 : 0;
7477 : 0;
7478 : 0;
7479 : 0;
7480 : 0;
7481 : 0;
7482 : 0;
7483 : 0;
7484 : 0;
7485 : 0;
7486 : 0;
7487 : 0;
7488 : 0;
7489 : 0;
7490 : 0;
7491 : 0;
7492 : 0;
7493 : 0;
7494 : 0;
7495 : 0;
7496 : 0;
7497 : 0;
7498 : 0;
7499 : 0;
7500 : 0;
7501 : 0;
7502 : 0;
7503 : 0;
7504 : 0;
7505 : 0;
7506 : 0;
7507 : 0;
7508 : 0;
7509 : 0;
7510 : 0;
7511 : 0;
7512 : 0;
7513 : 0;
7514 : 0;
7515 : 0;
7516 : 0;
7517 : 0;
7518 : 0;
7519 : 0;
7520 : 3615;
7521 : 1685;
7522 : 219;
7523 : 208;
7524 : 29;
7525 : 27;
7526 : 37;
7527 : 22;
7528 : 56;
7529 : 41;
7530 : 56;
7531 : 60;
7532 : 87;
7533 : 112;
7534 : 100;
7535 : 160;
7536 : 194;
7537 : 235;
7538 : 279;
7539 : 333;
7540 : 410;
7541 : 496;
7542 : 592;
7543 : 709;
7544 : 857;
7545 : 951;
7546 : 1111;
7547 : 1216;
7548 : 1351;
7549 : 1406;
7550 : 1451;
7551 : 1408;
7552 : 1310;
7553 : 1136;
7554 : 951;
7555 : 784;
7556 : 659;
7557 : 502;
7558 : 435;
7559 : 381;
7560 : 340;
7561 : 306;
7562 : 285;
7563 : 306;
7564 : 317;
7565 : 300;
7566 : 308;
7567 : 315;
7568 : 352;
7569 : 319;
7570 : 302;
7571 : 319;
7572 : 289;
7573 : 298;
7574 : 300;
7575 : 279;
7576 : 269;
7577 : 254;
7578 : 298;
7579 : 269;
7580 : 264;
7581 : 281;
7582 : 269;
7583 : 264;
7584 : 252;
7585 : 260;
7586 : 260;
7587 : 258;
7588 : 248;
7589 : 235;
7590 : 306;
7591 : 369;
7592 : 481;
7593 : 586;
7594 : 548;
7595 : 675;
7596 : 773;
7597 : 682;
7598 : 686;
7599 : 588;
7600 : 577;
7601 : 406;
7602 : 296;
7603 : 229;
7604 : 183;
7605 : 173;
7606 : 173;
7607 : 181;
7608 : 0;
7609 : 746;
7610 : 2096;
7611 : 3588;
7612 : 4095;
7613 : 1892;
7614 : 417;
7615 : 438;
7616 : 312;
7617 : 317;
7618 : 285;
7619 : 262;
7620 : 273;
7621 : 308;
7622 : 302;
7623 : 331;
7624 : 323;
7625 : 315;
7626 : 375;
7627 : 350;
7628 : 400;
7629 : 404;
7630 : 0;
7631 : 0;
7632 : 0;
7633 : 0;
7634 : 0;
7635 : 0;
7636 : 0;
7637 : 0;
7638 : 0;
7639 : 0;
7640 : 0;
7641 : 0;
7642 : 0;
7643 : 0;
7644 : 0;
7645 : 0;
7646 : 0;
7647 : 0;
7648 : 0;
7649 : 0;
7650 : 0;
7651 : 0;
7652 : 0;
7653 : 0;
7654 : 0;
7655 : 0;
7656 : 0;
7657 : 0;
7658 : 0;
7659 : 0;
7660 : 0;
7661 : 0;
7662 : 0;
7663 : 0;
7664 : 0;
7665 : 0;
7666 : 0;
7667 : 0;
7668 : 0;
7669 : 0;
7670 : 0;
7671 : 0;
7672 : 0;
7673 : 0;
7674 : 0;
7675 : 0;
7676 : 0;
7677 : 0;
7678 : 0;
7679 : 0;
7680 : 0;
7681 : 0;
7682 : 0;
7683 : 0;
7684 : 0;
7685 : 0;
7686 : 0;
7687 : 0;
7688 : 0;
7689 : 0;
7690 : 0;
7691 : 0;
7692 : 0;
7693 : 0;
7694 : 0;
7695 : 0;
7696 : 0;
7697 : 0;
7698 : 0;
7699 : 0;
7700 : 0;
7701 : 0;
7702 : 0;
7703 : 0;
7704 : 0;
7705 : 0;
7706 : 0;
7707 : 0;
7708 : 4083;
7709 : 1433;
7710 : 246;
7711 : 69;
7712 : 213;
7713 : 454;
7714 : 666;
7715 : 701;
7716 : 713;
7717 : 682;
7718 : 711;
7719 : 747;
7720 : 736;
7721 : 747;
7722 : 747;
7723 : 749;
7724 : 770;
7725 : 803;
7726 : 784;
7727 : 824;
7728 : 840;
7729 : 872;
7730 : 880;
7731 : 938;
7732 : 924;
7733 : 971;
7734 : 1023;
7735 : 1044;
7736 : 1121;
7737 : 1163;
7738 : 1214;
7739 : 1260;
7740 : 1279;
7741 : 1293;
7742 : 1163;
7743 : 1135;
7744 : 1050;
7745 : 980;
7746 : 905;
7747 : 851;
7748 : 836;
7749 : 830;
7750 : 799;
7751 : 741;
7752 : 790;
7753 : 790;
7754 : 793;
7755 : 799;
7756 : 801;
7757 : 803;
7758 : 815;
7759 : 780;
7760 : 824;
7761 : 792;
7762 : 824;
7763 : 799;
7764 : 795;
7765 : 832;
7766 : 766;
7767 : 799;
7768 : 755;
7769 : 722;
7770 : 716;
7771 : 662;
7772 : 693;
7773 : 643;
7774 : 668;
7775 : 711;
7776 : 822;
7777 : 944;
7778 : 946;
7779 : 934;
7780 : 1140;
7781 : 1171;
7782 : 1179;
7783 : 1167;
7784 : 1048;
7785 : 865;
7786 : 797;
7787 : 687;
7788 : 570;
7789 : 618;
7790 : 572;
7791 : 605;
7792 : 506;
7793 : 502;
7794 : 572;
7795 : 547;
7796 : 375;
7797 : 726;
7798 : 1824;
7799 : 3056;
7800 : 3942;
7801 : 4095;
7802 : 1354;
7803 : 159;
7804 : 0;
7805 : 208;
7806 : 393;
7807 : 614;
7808 : 589;
7809 : 649;
7810 : 657;
7811 : 695;
7812 : 736;
7813 : 714;
7814 : 716;
7815 : 720;
7816 : 724;
7817 : 761;
7818 : 772;
7819 : 776;
7820 : 793;
7821 : 820;
7822 : 845;
7823 : 903;
7824 : 890;
7825 : 0;
7826 : 0;
7827 : 0;
7828 : 0;
7829 : 0;
7830 : 0;
7831 : 0;
7832 : 0;
7833 : 0;
7834 : 0;
7835 : 0;
7836 : 0;
7837 : 0;
7838 : 0;
7839 : 0;
7840 : 0;
7841 : 0;
7842 : 0;
7843 : 0;
7844 : 0;
7845 : 0;
7846 : 0;
7847 : 0;
7848 : 0;
7849 : 0;
7850 : 0;
7851 : 0;
7852 : 0;
7853 : 0;
7854 : 0;
7855 : 0;
7856 : 0;
7857 : 0;
7858 : 0;
7859 : 0;
7860 : 0;
7861 : 0;
7862 : 0;
7863 : 0;
7864 : 0;
7865 : 0;
7866 : 0;
7867 : 0;
7868 : 0;
7869 : 0;
7870 : 0;
7871 : 0;
7872 : 0;
7873 : 0;
7874 : 0;
7875 : 0;
7876 : 0;
7877 : 0;
7878 : 0;
7879 : 0;
7880 : 0;
7881 : 0;
7882 : 0;
7883 : 0;
7884 : 0;
7885 : 0;
7886 : 0;
7887 : 0;
7888 : 0;
7889 : 0;
7890 : 0;
7891 : 0;
7892 : 0;
7893 : 0;
7894 : 0;
7895 : 0;
7896 : 4095;
7897 : 2741;
7898 : 1154;
7899 : 346;
7900 : 66;
7901 : 889;
7902 : 1176;
7903 : 1188;
7904 : 1299;
7905 : 1372;
7906 : 1396;
7907 : 1426;
7908 : 1459;
7909 : 1444;
7910 : 1465;
7911 : 1468;
7912 : 1510;
7913 : 1516;
7914 : 1552;
7915 : 1607;
7916 : 1616;
7917 : 1682;
7918 : 1700;
7919 : 1751;
7920 : 1848;
7921 : 1996;
7922 : 2101;
7923 : 2303;
7924 : 2472;
7925 : 2650;
7926 : 2759;
7927 : 2825;
7928 : 2940;
7929 : 2961;
7930 : 2870;
7931 : 2701;
7932 : 2487;
7933 : 2183;
7934 : 1932;
7935 : 1700;
7936 : 1510;
7937 : 1402;
7938 : 1338;
7939 : 1281;
7940 : 1224;
7941 : 1200;
7942 : 1191;
7943 : 1206;
7944 : 1176;
7945 : 1221;
7946 : 1160;
7947 : 1157;
7948 : 1188;
7949 : 1182;
7950 : 1194;
7951 : 1209;
7952 : 1248;
7953 : 1227;
7954 : 1242;
7955 : 1266;
7956 : 1260;
7957 : 1284;
7958 : 1272;
7959 : 1263;
7960 : 1242;
7961 : 1224;
7962 : 1200;
7963 : 1194;
7964 : 1179;
7965 : 1182;
7966 : 1182;
7967 : 1142;
7968 : 1142;
7969 : 1139;
7970 : 1136;
7971 : 1124;
7972 : 1157;
7973 : 1097;
7974 : 1124;
7975 : 1133;
7976 : 1145;
7977 : 1163;
7978 : 1160;
7979 : 1145;
7980 : 1136;
7981 : 1154;
7982 : 1157;
7983 : 1139;
7984 : 1154;
7985 : 1151;
7986 : 1145;
7987 : 1115;
7988 : 1085;
7989 : 1115;
7990 : 1109;
7991 : 1103;
7992 : 1127;
7993 : 1121;
7994 : 1157;
7995 : 1112;
7996 : 1115;
7997 : 1121;
7998 : 1127;
7999 : 1121;
8000 : 1100;
8001 : 1136;
8002 : 1109;
8003 : 1121;
8004 : 1091;
8005 : 1133;
8006 : 1103;
8007 : 1115;
8008 : 1097;
8009 : 1103;
8010 : 1076;
8011 : 1115;
8012 : 1079;
8013 : 1145;
8014 : 1209;
8015 : 1305;
8016 : 1296;
8017 : 1287;
8018 : 1188;
8019 : 1182;
8020 : 1194;
8021 : 1248;
8022 : 1145;
8023 : 1100;
8024 : 943;
8025 : 1004;
8026 : 1046;
8027 : 1049;
8028 : 1094;
8029 : 1109;
8030 : 1118;
8031 : 1142;
8032 : 1166;
8033 : 1758;
8034 : 1809;
8035 : 2403;
8036 : 4022;
8037 : 3880;
8038 : 1685;
8039 : 648;
8040 : 0;
8041 : 506;
8042 : 1109;
8043 : 1191;
8044 : 1233;
8045 : 1341;
8046 : 1414;
8047 : 1417;
8048 : 1444;
8049 : 0;
8050 : 0;
8051 : 0;
8052 : 0;
8053 : 0;
8054 : 0;
8055 : 0;
8056 : 0;
8057 : 0;
8058 : 0;
8059 : 0;
8060 : 0;
8061 : 0;
8062 : 0;
8063 : 0;
8064 : 0;
8065 : 0;
8066 : 0;
8067 : 0;
8068 : 0;
8069 : 0;
8070 : 0;
8071 : 0;
8072 : 0;
8073 : 0;
8074 : 0;
8075 : 0;
8076 : 0;
8077 : 0;
8078 : 0;
8079 : 0;
8080 : 0;
8081 : 0;
8082 : 0;
8083 : 0;
8084 : 4095;
8085 : 2684;
8086 : 925;
8087 : 0;
8088 : 469;
8089 : 1080;
8090 : 1222;
8091 : 1268;
8092 : 1332;
8093 : 1367;
8094 : 1391;
8095 : 1407;
8096 : 1464;
8097 : 1458;
8098 : 1539;
8099 : 1536;
8100 : 1563;
8101 : 1630;
8102 : 1686;
8103 : 1743;
8104 : 1791;
8105 : 1893;
8106 : 1997;
8107 : 2129;
8108 : 2279;
8109 : 2429;
8110 : 2625;
8111 : 2772;
8112 : 2925;
8113 : 3062;
8114 : 3092;
8115 : 3110;
8116 : 3057;
8117 : 2805;
8118 : 2518;
8119 : 2217;
8120 : 1879;
8121 : 1668;
8122 : 1536;
8123 : 1456;
8124 : 1386;
8125 : 1346;
8126 : 1351;
8127 : 1330;
8128 : 1314;
8129 : 1281;
8130 : 1303;
8131 : 1295;
8132 : 1292;
8133 : 1332;
8134 : 1308;
8135 : 1311;
8136 : 1319;
8137 : 1314;
8138 : 1330;
8139 : 1348;
8140 : 1327;
8141 : 1343;
8142 : 1346;
8143 : 1356;
8144 : 1330;
8145 : 1335;
8146 : 1343;
8147 : 1351;
8148 : 1327;
8149 : 1308;
8150 : 1281;
8151 : 1276;
8152 : 1260;
8153 : 1247;
8154 : 1281;
8155 : 1233;
8156 : 1244;
8157 : 1206;
8158 : 1244;
8159 : 1220;
8160 : 1212;
8161 : 1247;
8162 : 1255;
8163 : 1257;
8164 : 1249;
8165 : 1236;
8166 : 1263;
8167 : 1228;
8168 : 1249;
8169 : 1214;
8170 : 1214;
8171 : 1263;
8172 : 1212;
8173 : 1222;
8174 : 1201;
8175 : 1222;
8176 : 1265;
8177 : 1268;
8178 : 1247;
8179 : 1367;
8180 : 1482;
8181 : 1587;
8182 : 1751;
8183 : 1839;
8184 : 1745;
8185 : 1606;
8186 : 1764;
8187 : 1627;
8188 : 1421;
8189 : 1292;
8190 : 1182;
8191 : 1220;
8192 : 1212;
8193 : 1206;
8194 : 1193;
8195 : 1166;
8196 : 1201;
8197 : 1196;
8198 : 1292;
8199 : 1799;
8200 : 1890;
8201 : 2526;
8202 : 4036;
8203 : 3636;
8204 : 2000;
8205 : 702;
8206 : 117;
8207 : 909;
8208 : 1322;
8209 : 1327;
8210 : 1466;
8211 : 1507;
8212 : 1523;
8213 : 1531;
8214 : 1571;
8215 : 1606;
8216 : 1609;
8217 : 1668;
8218 : 1678;
8219 : 0;
8220 : 0;
8221 : 0;
8222 : 0;
8223 : 0;
8224 : 0;
8225 : 0;
8226 : 0;
8227 : 0;
8228 : 0;
8229 : 0;
8230 : 0;
8231 : 0;
8232 : 0;
8233 : 0;
8234 : 0;
8235 : 0;
8236 : 0;
8237 : 0;
8238 : 0;
8239 : 0;
8240 : 0;
8241 : 0;
8242 : 0;
8243 : 0;
8244 : 0;
8245 : 0;
8246 : 0;
8247 : 0;
8248 : 0;
8249 : 0;
8250 : 0;
8251 : 0;
8252 : 0;
8253 : 0;
8254 : 0;
8255 : 0;
8256 : 0;
8257 : 0;
8258 : 0;
8259 : 0;
8260 : 0;
8261 : 0;
8262 : 0;
8263 : 0;
8264 : 0;
8265 : 0;
8266 : 0;
8267 : 0;
8268 : 0;
8269 : 0;
8270 : 0;
8271 : 0;
8272 : 4095;
8273 : 3214;
8274 : 755;
8275 : 234;
8276 : 106;
8277 : 223;
8278 : 590;
8279 : 733;
8280 : 719;
8281 : 734;
8282 : 723;
8283 : 727;
8284 : 751;
8285 : 774;
8286 : 808;
8287 : 808;
8288 : 822;
8289 : 825;
8290 : 846;
8291 : 835;
8292 : 876;
8293 : 875;
8294 : 914;
8295 : 933;
8296 : 958;
8297 : 965;
8298 : 990;
8299 : 1072;
8300 : 1119;
8301 : 1251;
8302 : 1325;
8303 : 1441;
8304 : 1524;
8305 : 1659;
8306 : 1769;
8307 : 1823;
8308 : 1909;
8309 : 1967;
8310 : 1909;
8311 : 1863;
8312 : 1755;
8313 : 1577;
8314 : 1403;
8315 : 1219;
8316 : 1041;
8317 : 890;
8318 : 776;
8319 : 687;
8320 : 638;
8321 : 579;
8322 : 551;
8323 : 568;
8324 : 536;
8325 : 501;
8326 : 505;
8327 : 554;
8328 : 556;
8329 : 524;
8330 : 583;
8331 : 590;
8332 : 615;
8333 : 615;
8334 : 613;
8335 : 647;
8336 : 619;
8337 : 604;
8338 : 613;
8339 : 600;
8340 : 587;
8341 : 589;
8342 : 587;
8343 : 577;
8344 : 560;
8345 : 526;
8346 : 501;
8347 : 496;
8348 : 481;
8349 : 482;
8350 : 482;
8351 : 460;
8352 : 433;
8353 : 443;
8354 : 443;
8355 : 460;
8356 : 471;
8357 : 445;
8358 : 462;
8359 : 437;
8360 : 520;
8361 : 507;
8362 : 515;
8363 : 501;
8364 : 556;
8365 : 585;
8366 : 725;
8367 : 801;
8368 : 812;
8369 : 918;
8370 : 1020;
8371 : 962;
8372 : 863;
8373 : 750;
8374 : 706;
8375 : 623;
8376 : 486;
8377 : 441;
8378 : 403;
8379 : 399;
8380 : 350;
8381 : 340;
8382 : 350;
8383 : 403;
8384 : 399;
8385 : 238;
8386 : 45;
8387 : 848;
8388 : 2627;
8389 : 3674;
8390 : 2752;
8391 : 592;
8392 : 162;
8393 : 0;
8394 : 87;
8395 : 473;
8396 : 589;
8397 : 607;
8398 : 626;
8399 : 643;
8400 : 626;
8401 : 643;
8402 : 638;
8403 : 642;
8404 : 649;
8405 : 647;
8406 : 668;
8407 : 700;
8408 : 721;
8409 : 734;
8410 : 750;
8411 : 806;
8412 : 0;
8413 : 0;
8414 : 0;
8415 : 0;
8416 : 0;
8417 : 0;
8418 : 0;
8419 : 0;
8420 : 0;
8421 : 0;
8422 : 0;
8423 : 0;
8424 : 0;
8425 : 0;
8426 : 0;
8427 : 0;
8428 : 0;
8429 : 0;
8430 : 0;
8431 : 0;
8432 : 0;
8433 : 0;
8434 : 0;
8435 : 0;
8436 : 0;
8437 : 0;
8438 : 0;
8439 : 0;
8440 : 0;
8441 : 0;
8442 : 0;
8443 : 0;
8444 : 0;
8445 : 0;
8446 : 0;
8447 : 0;
8448 : 0;
8449 : 0;
8450 : 0;
8451 : 0;
8452 : 0;
8453 : 0;
8454 : 0;
8455 : 0;
8456 : 0;
8457 : 0;
8458 : 0;
8459 : 0;
8460 : 4022;
8461 : 3604;
8462 : 1657;
8463 : 601;
8464 : 0;
8465 : 583;
8466 : 1128;
8467 : 1211;
8468 : 1270;
8469 : 1377;
8470 : 1397;
8471 : 1454;
8472 : 1449;
8473 : 1473;
8474 : 1493;
8475 : 1550;
8476 : 1519;
8477 : 1545;
8478 : 1615;
8479 : 1657;
8480 : 1724;
8481 : 1747;
8482 : 1817;
8483 : 1970;
8484 : 2069;
8485 : 2183;
8486 : 2362;
8487 : 2494;
8488 : 2642;
8489 : 2686;
8490 : 2761;
8491 : 2767;
8492 : 2710;
8493 : 2575;
8494 : 2380;
8495 : 2152;
8496 : 1942;
8497 : 1812;
8498 : 1644;
8499 : 1561;
8500 : 1504;
8501 : 1470;
8502 : 1491;
8503 : 1467;
8504 : 1480;
8505 : 1454;
8506 : 1475;
8507 : 1454;
8508 : 1462;
8509 : 1475;
8510 : 1426;
8511 : 1465;
8512 : 1480;
8513 : 1460;
8514 : 1447;
8515 : 1431;
8516 : 1452;
8517 : 1444;
8518 : 1462;
8519 : 1511;
8520 : 1431;
8521 : 1470;
8522 : 1478;
8523 : 1488;
8524 : 1475;
8525 : 1441;
8526 : 1444;
8527 : 1418;
8528 : 1405;
8529 : 1449;
8530 : 1400;
8531 : 1408;
8532 : 1423;
8533 : 1428;
8534 : 1447;
8535 : 1387;
8536 : 1403;
8537 : 1390;
8538 : 1397;
8539 : 1366;
8540 : 1400;
8541 : 1369;
8542 : 1423;
8543 : 1395;
8544 : 1366;
8545 : 1387;
8546 : 1382;
8547 : 1364;
8548 : 1426;
8549 : 1530;
8550 : 1696;
8551 : 1701;
8552 : 1820;
8553 : 1888;
8554 : 1825;
8555 : 1779;
8556 : 1903;
8557 : 1688;
8558 : 1524;
8559 : 1369;
8560 : 1325;
8561 : 1299;
8562 : 1283;
8563 : 1312;
8564 : 1299;
8565 : 1288;
8566 : 1286;
8567 : 1304;
8568 : 1364;
8569 : 1908;
8570 : 2041;
8571 : 2593;
8572 : 4095;
8573 : 4061;
8574 : 1968;
8575 : 848;
8576 : 150;
8577 : 643;
8578 : 1260;
8579 : 1364;
8580 : 1434;
8581 : 1537;
8582 : 1550;
8583 : 1563;
8584 : 1587;
8585 : 1587;
8586 : 1639;
8587 : 1654;
8588 : 1662;
8589 : 1729;
8590 : 1750;
8591 : 1805;
8592 : 1830;
8593 : 0;
8594 : 0;
8595 : 0;
8596 : 0;
8597 : 0;
8598 : 0;
8599 : 0;
8600 : 0;
8601 : 0;
8602 : 0;
8603 : 0;
8604 : 0;
8605 : 0;
8606 : 0;
8607 : 0;
8608 : 0;
8609 : 0;
8610 : 0;
8611 : 0;
8612 : 0;
8613 : 0;
8614 : 0;
8615 : 0;
8616 : 0;
8617 : 0;
8618 : 0;
8619 : 0;
8620 : 0;
8621 : 0;
8622 : 0;
8623 : 0;
8624 : 0;
8625 : 0;
8626 : 0;
8627 : 0;
8628 : 0;
8629 : 0;
8630 : 0;
8631 : 0;
8632 : 0;
8633 : 0;
8634 : 0;
8635 : 0;
8636 : 0;
8637 : 0;
8638 : 0;
8639 : 0;
8640 : 0;
8641 : 0;
8642 : 0;
8643 : 0;
8644 : 0;
8645 : 0;
8646 : 0;
8647 : 0;
8648 : 4095;
8649 : 3587;
8650 : 2064;
8651 : 1084;
8652 : 328;
8653 : 36;
8654 : 312;
8655 : 493;
8656 : 500;
8657 : 512;
8658 : 527;
8659 : 558;
8660 : 579;
8661 : 586;
8662 : 582;
8663 : 632;
8664 : 665;
8665 : 684;
8666 : 725;
8667 : 751;
8668 : 789;
8669 : 807;
8670 : 844;
8671 : 876;
8672 : 887;
8673 : 942;
8674 : 1009;
8675 : 1062;
8676 : 1131;
8677 : 1229;
8678 : 1270;
8679 : 1358;
8680 : 1425;
8681 : 1462;
8682 : 1478;
8683 : 1483;
8684 : 1452;
8685 : 1351;
8686 : 1222;
8687 : 1088;
8688 : 950;
8689 : 840;
8690 : 766;
8691 : 696;
8692 : 632;
8693 : 630;
8694 : 636;
8695 : 622;
8696 : 622;
8697 : 627;
8698 : 667;
8699 : 665;
8700 : 639;
8701 : 692;
8702 : 673;
8703 : 691;
8704 : 639;
8705 : 632;
8706 : 641;
8707 : 685;
8708 : 704;
8709 : 720;
8710 : 723;
8711 : 722;
8712 : 711;
8713 : 675;
8714 : 680;
8715 : 687;
8716 : 685;
8717 : 667;
8718 : 679;
8719 : 675;
8720 : 675;
8721 : 670;
8722 : 649;
8723 : 685;
8724 : 723;
8725 : 718;
8726 : 723;
8727 : 685;
8728 : 713;
8729 : 713;
8730 : 751;
8731 : 792;
8732 : 806;
8733 : 826;
8734 : 813;
8735 : 773;
8736 : 746;
8737 : 740;
8738 : 766;
8739 : 801;
8740 : 790;
8741 : 770;
8742 : 847;
8743 : 905;
8744 : 997;
8745 : 1034;
8746 : 1100;
8747 : 1170;
8748 : 1237;
8749 : 1224;
8750 : 1169;
8751 : 1036;
8752 : 1007;
8753 : 923;
8754 : 723;
8755 : 613;
8756 : 591;
8757 : 567;
8758 : 569;
8759 : 574;
8760 : 562;
8761 : 519;
8762 : 541;
8763 : 828;
8764 : 2202;
8765 : 3938;
8766 : 3718;
8767 : 2678;
8768 : 1328;
8769 : 503;
8770 : 0;
8771 : 287;
8772 : 563;
8773 : 551;
8774 : 575;
8775 : 579;
8776 : 567;
8777 : 594;
8778 : 617;
8779 : 567;
8780 : 594;
8781 : 617;
8782 : 648;
8783 : 670;
8784 : 689;
8785 : 728;
8786 : 780;
8787 : 818;
8788 : 868;
8789 : 914;
8790 : 971;
8791 : 1064;
8792 : 1096;
8793 : 1146;
8794 : 1220;
8795 : 1258;
8796 : 1361;
8797 : 1454;
8798 : 1499;
8799 : 1509;
8800 : 1492;
8801 : 0;
8802 : 0;
8803 : 0;
8804 : 0;
8805 : 0;
8806 : 0;
8807 : 0;
8808 : 0;
8809 : 0;
8810 : 0;
8811 : 0;
8812 : 0;
8813 : 0;
8814 : 0;
8815 : 0;
8816 : 0;
8817 : 0;
8818 : 0;
8819 : 0;
8820 : 0;
8821 : 0;
8822 : 0;
8823 : 0;
8824 : 0;
8825 : 0;
8826 : 0;
8827 : 0;
8828 : 0;
8829 : 0;
8830 : 0;
8831 : 0;
8832 : 0;
8833 : 0;
8834 : 0;
8835 : 0;
8836 : 4095;
8837 : 3674;
8838 : 2231;
8839 : 1415;
8840 : 824;
8841 : 560;
8842 : 425;
8843 : 383;
8844 : 334;
8845 : 319;
8846 : 332;
8847 : 332;
8848 : 341;
8849 : 336;
8850 : 363;
8851 : 349;
8852 : 356;
8853 : 380;
8854 : 413;
8855 : 425;
8856 : 444;
8857 : 511;
8858 : 565;
8859 : 611;
8860 : 653;
8861 : 729;
8862 : 775;
8863 : 881;
8864 : 1015;
8865 : 1152;
8866 : 1250;
8867 : 1383;
8868 : 1510;
8869 : 1566;
8870 : 1569;
8871 : 1554;
8872 : 1412;
8873 : 1253;
8874 : 1064;
8875 : 883;
8876 : 738;
8877 : 652;
8878 : 603;
8879 : 574;
8880 : 518;
8881 : 543;
8882 : 527;
8883 : 533;
8884 : 528;
8885 : 528;
8886 : 532;
8887 : 540;
8888 : 542;
8889 : 518;
8890 : 527;
8891 : 520;
8892 : 501;
8893 : 520;
8894 : 491;
8895 : 467;
8896 : 449;
8897 : 442;
8898 : 425;
8899 : 391;
8900 : 381;
8901 : 390;
8902 : 354;
8903 : 334;
8904 : 322;
8905 : 320;
8906 : 322;
8907 : 312;
8908 : 334;
8909 : 322;
8910 : 314;
8911 : 331;
8912 : 317;
8913 : 307;
8914 : 292;
8915 : 297;
8916 : 295;
8917 : 304;
8918 : 332;
8919 : 326;
8920 : 310;
8921 : 290;
8922 : 263;
8923 : 288;
8924 : 278;
8925 : 266;
8926 : 280;
8927 : 251;
8928 : 266;
8929 : 265;
8930 : 271;
8931 : 263;
8932 : 261;
8933 : 292;
8934 : 280;
8935 : 285;
8936 : 371;
8937 : 459;
8938 : 528;
8939 : 532;
8940 : 584;
8941 : 739;
8942 : 729;
8943 : 621;
8944 : 599;
8945 : 525;
8946 : 494;
8947 : 454;
8948 : 344;
8949 : 265;
8950 : 204;
8951 : 160;
8952 : 146;
8953 : 133;
8954 : 125;
8955 : 0;
8956 : 67;
8957 : 626;
8958 : 2076;
8959 : 3561;
8960 : 3973;
8961 : 3746;
8962 : 2496;
8963 : 1631;
8964 : 934;
8965 : 584;
8966 : 430;
8967 : 322;
8968 : 290;
8969 : 273;
8970 : 295;
8971 : 295;
8972 : 304;
8973 : 332;
8974 : 307;
8975 : 317;
8976 : 351;
8977 : 369;
8978 : 373;
8979 : 381;
8980 : 388;
8981 : 0;
8982 : 0;
8983 : 0;
8984 : 0;
8985 : 0;
8986 : 0;
8987 : 0;
8988 : 0;
8989 : 0;
8990 : 0;
8991 : 0;
8992 : 0;
8993 : 0;
8994 : 0;
8995 : 0;
8996 : 0;
8997 : 0;
8998 : 0;
8999 : 0;
9000 : 0;
9001 : 0;
9002 : 0;
9003 : 0;
9004 : 0;
9005 : 0;
9006 : 0;
9007 : 0;
9008 : 0;
9009 : 0;
9010 : 0;
9011 : 0;
9012 : 0;
9013 : 0;
9014 : 0;
9015 : 0;
9016 : 0;
9017 : 0;
9018 : 0;
9019 : 0;
9020 : 0;
9021 : 0;
9022 : 0;
9023 : 0;
9024 : 4095;
9025 : 1967;
9026 : 417;
9027 : 123;
9028 : 263;
9029 : 750;
9030 : 811;
9031 : 950;
9032 : 929;
9033 : 934;
9034 : 992;
9035 : 1006;
9036 : 1018;
9037 : 1018;
9038 : 1025;
9039 : 1048;
9040 : 1079;
9041 : 1079;
9042 : 1118;
9043 : 1135;
9044 : 1172;
9045 : 1239;
9046 : 1251;
9047 : 1316;
9048 : 1396;
9049 : 1470;
9050 : 1540;
9051 : 1617;
9052 : 1680;
9053 : 1720;
9054 : 1759;
9055 : 1780;
9056 : 1750;
9057 : 1640;
9058 : 1507;
9059 : 1370;
9060 : 1284;
9061 : 1197;
9062 : 1153;
9063 : 1116;
9064 : 1076;
9065 : 1041;
9066 : 1069;
9067 : 1060;
9068 : 1041;
9069 : 1027;
9070 : 1062;
9071 : 1086;
9072 : 1111;
9073 : 1114;
9074 : 1125;
9075 : 1142;
9076 : 1167;
9077 : 1172;
9078 : 1121;
9079 : 1116;
9080 : 1116;
9081 : 1109;
9082 : 1109;
9083 : 1100;
9084 : 1093;
9085 : 1055;
9086 : 1065;
9087 : 1086;
9088 : 1041;
9089 : 1053;
9090 : 1072;
9091 : 1060;
9092 : 1097;
9093 : 1195;
9094 : 1314;
9095 : 1284;
9096 : 1295;
9097 : 1342;
9098 : 1270;
9099 : 1319;
9100 : 1193;
9101 : 1109;
9102 : 1030;
9103 : 957;
9104 : 906;
9105 : 878;
9106 : 839;
9107 : 869;
9108 : 850;
9109 : 759;
9110 : 554;
9111 : 1249;
9112 : 2409;
9113 : 4008;
9114 : 3085;
9115 : 1524;
9116 : 58;
9117 : 0;
9118 : 184;
9119 : 589;
9120 : 666;
9121 : 729;
9122 : 741;
9123 : 806;
9124 : 804;
9125 : 846;
9126 : 876;
9127 : 850;
9128 : 887;
9129 : 943;
9130 : 953;
9131 : 976;
9132 : 1018;
9133 : 1046;
9134 : 1034;
9135 : 1074;
9136 : 1102;
9137 : 1156;
9138 : 1232;
9139 : 0;
9140 : 0;
9141 : 0;
9142 : 0;
9143 : 0;
9144 : 0;
9145 : 0;
9146 : 0;
9147 : 0;
9148 : 0;
9149 : 0;
9150 : 0;
9151 : 0;
9152 : 0;
9153 : 0;
9154 : 0;
9155 : 0;
9156 : 0;
9157 : 0;
9158 : 0;
9159 : 0;
9160 : 0;
9161 : 0;
9162 : 0;
9163 : 0;
9164 : 0;
9165 : 0;
9166 : 0;
9167 : 0;
9168 : 0;
9169 : 0;
9170 : 0;
9171 : 0;
9172 : 0;
9173 : 0;
9174 : 0;
9175 : 0;
9176 : 0;
9177 : 0;
9178 : 0;
9179 : 0;
9180 : 0;
9181 : 0;
9182 : 0;
9183 : 0;
9184 : 0;
9185 : 0;
9186 : 0;
9187 : 0;
9188 : 0;
9189 : 0;
9190 : 0;
9191 : 0;
9192 : 0;
9193 : 0;
9194 : 0;
9195 : 0;
9196 : 0;
9197 : 0;
9198 : 0;
9199 : 0;
9200 : 0;
9201 : 0;
9202 : 0;
9203 : 0;
9204 : 0;
9205 : 0;
9206 : 0;
9207 : 0;
9208 : 0;
9209 : 0;
9210 : 0;
9211 : 0;
9212 : 4044;
9213 : 2565;
9214 : 886;
9215 : 0;
9216 : 505;
9217 : 1118;
9218 : 1230;
9219 : 1304;
9220 : 1351;
9221 : 1399;
9222 : 1404;
9223 : 1436;
9224 : 1489;
9225 : 1494;
9226 : 1542;
9227 : 1552;
9228 : 1571;
9229 : 1634;
9230 : 1669;
9231 : 1719;
9232 : 1756;
9233 : 1854;
9234 : 1954;
9235 : 2081;
9236 : 2230;
9237 : 2367;
9238 : 2542;
9239 : 2730;
9240 : 2886;
9241 : 2965;
9242 : 3034;
9243 : 3063;
9244 : 2923;
9245 : 2682;
9246 : 2394;
9247 : 2060;
9248 : 1851;
9249 : 1626;
9250 : 1478;
9251 : 1372;
9252 : 1317;
9253 : 1290;
9254 : 1288;
9255 : 1251;
9256 : 1232;
9257 : 1200;
9258 : 1243;
9259 : 1187;
9260 : 1208;
9261 : 1235;
9262 : 1203;
9263 : 1206;
9264 : 1240;
9265 : 1238;
9266 : 1240;
9267 : 1261;
9268 : 1248;
9269 : 1275;
9270 : 1259;
9271 : 1304;
9272 : 1269;
9273 : 1264;
9274 : 1290;
9275 : 1275;
9276 : 1296;
9277 : 1264;
9278 : 1277;
9279 : 1227;
9280 : 1219;
9281 : 1214;
9282 : 1216;
9283 : 1206;
9284 : 1206;
9285 : 1203;
9286 : 1187;
9287 : 1193;
9288 : 1193;
9289 : 1203;
9290 : 1206;
9291 : 1203;
9292 : 1179;
9293 : 1193;
9294 : 1187;
9295 : 1171;
9296 : 1171;
9297 : 1166;
9298 : 1142;
9299 : 1163;
9300 : 1153;
9301 : 1169;
9302 : 1150;
9303 : 1171;
9304 : 1171;
9305 : 1153;
9306 : 1161;
9307 : 1177;
9308 : 1156;
9309 : 1193;
9310 : 1203;
9311 : 1219;
9312 : 1206;
9313 : 1227;
9314 : 1216;
9315 : 1200;
9316 : 1230;
9317 : 1359;
9318 : 1489;
9319 : 1579;
9320 : 1732;
9321 : 1804;
9322 : 1693;
9323 : 1566;
9324 : 1719;
9325 : 1539;
9326 : 1320;
9327 : 1195;
9328 : 1126;
9329 : 1140;
9330 : 1116;
9331 : 1137;
9332 : 1174;
9333 : 1166;
9334 : 1169;
9335 : 1193;
9336 : 1296;
9337 : 1777;
9338 : 1888;
9339 : 2685;
9340 : 4095;
9341 : 3584;
9342 : 1751;
9343 : 518;
9344 : 222;
9345 : 1060;
9346 : 1335;
9347 : 1346;
9348 : 1428;
9349 : 1468;
9350 : 1499;
9351 : 1544;
9352 : 1566;
9353 : 1555;
9354 : 1608;
9355 : 1595;
9356 : 1642;
9357 : 1698;
9358 : 1719;
9359 : 0;
9360 : 0;
9361 : 0;
9362 : 0;
9363 : 0;
9364 : 0;
9365 : 0;
9366 : 0;
9367 : 0;
9368 : 0;
9369 : 0;
9370 : 0;
9371 : 0;
9372 : 0;
9373 : 0;
9374 : 0;
9375 : 0;
9376 : 0;
9377 : 0;
9378 : 0;
9379 : 0;
9380 : 0;
9381 : 0;
9382 : 0;
9383 : 0;
9384 : 0;
9385 : 0;
9386 : 0;
9387 : 0;
9388 : 0;
9389 : 0;
9390 : 0;
9391 : 0;
9392 : 0;
9393 : 0;
9394 : 0;
9395 : 0;
9396 : 0;
9397 : 0;
9398 : 0;
9399 : 0;
9400 : 4017;
9401 : 3316;
9402 : 1067;
9403 : 242;
9404 : 320;
9405 : 406;
9406 : 323;
9407 : 268;
9408 : 270;
9409 : 269;
9410 : 282;
9411 : 279;
9412 : 299;
9413 : 320;
9414 : 318;
9415 : 339;
9416 : 343;
9417 : 367;
9418 : 401;
9419 : 387;
9420 : 412;
9421 : 429;
9422 : 463;
9423 : 501;
9424 : 525;
9425 : 566;
9426 : 613;
9427 : 678;
9428 : 727;
9429 : 793;
9430 : 878;
9431 : 941;
9432 : 1013;
9433 : 1073;
9434 : 1098;
9435 : 1101;
9436 : 1036;
9437 : 927;
9438 : 798;
9439 : 675;
9440 : 554;
9441 : 461;
9442 : 409;
9443 : 369;
9444 : 341;
9445 : 326;
9446 : 326;
9447 : 331;
9448 : 311;
9449 : 299;
9450 : 319;
9451 : 319;
9452 : 323;
9453 : 319;
9454 : 313;
9455 : 325;
9456 : 322;
9457 : 325;
9458 : 336;
9459 : 335;
9460 : 335;
9461 : 338;
9462 : 331;
9463 : 346;
9464 : 333;
9465 : 322;
9466 : 324;
9467 : 344;
9468 : 324;
9469 : 305;
9470 : 314;
9471 : 315;
9472 : 320;
9473 : 316;
9474 : 289;
9475 : 305;
9476 : 301;
9477 : 298;
9478 : 307;
9479 : 299;
9480 : 297;
9481 : 288;
9482 : 302;
9483 : 295;
9484 : 281;
9485 : 286;
9486 : 294;
9487 : 265;
9488 : 290;
9489 : 278;
9490 : 282;
9491 : 276;
9492 : 272;
9493 : 277;
9494 : 270;
9495 : 268;
9496 : 300;
9497 : 336;
9498 : 380;
9499 : 477;
9500 : 477;
9501 : 469;
9502 : 546;
9503 : 539;
9504 : 489;
9505 : 477;
9506 : 385;
9507 : 356;
9508 : 336;
9509 : 261;
9510 : 252;
9511 : 239;
9512 : 233;
9513 : 226;
9514 : 223;
9515 : 222;
9516 : 198;
9517 : 0;
9518 : 250;
9519 : 832;
9520 : 2446;
9521 : 4095;
9522 : 2936;
9523 : 757;
9524 : 239;
9525 : 365;
9526 : 421;
9527 : 338;
9528 : 320;
9529 : 307;
9530 : 308;
9531 : 304;
9532 : 317;
9533 : 339;
9534 : 345;
9535 : 355;
9536 : 368;
9537 : 377;
9538 : 394;
9539 : 380;
9540 : 403;
9541 : 435;
9542 : 476;
9543 : 487;
9544 : 508;
9545 : 0;
9546 : 0;
9547 : 0;
9548 : 0;
9549 : 0;
9550 : 0;
9551 : 0;
9552 : 0;
9553 : 0;
9554 : 0;
9555 : 0;
9556 : 0;
9557 : 0;
9558 : 0;
9559 : 0;
9560 : 0;
9561 : 0;
9562 : 0;
9563 : 0;
9564 : 0;
9565 : 0;
9566 : 0;
9567 : 0;
9568 : 0;
9569 : 0;
9570 : 0;
9571 : 0;
9572 : 0;
9573 : 0;
9574 : 0;
9575 : 0;
9576 : 0;
9577 : 0;
9578 : 0;
9579 : 0;
9580 : 0;
9581 : 0;
9582 : 0;
9583 : 0;
9584 : 0;
9585 : 0;
9586 : 0;
9587 : 0;
9588 : 4095;
9589 : 2579;
9590 : 656;
9591 : 314;
9592 : 509;
9593 : 756;
9594 : 769;
9595 : 792;
9596 : 759;
9597 : 791;
9598 : 796;
9599 : 807;
9600 : 834;
9601 : 829;
9602 : 844;
9603 : 866;
9604 : 888;
9605 : 930;
9606 : 909;
9607 : 935;
9608 : 961;
9609 : 1001;
9610 : 1079;
9611 : 1093;
9612 : 1166;
9613 : 1254;
9614 : 1370;
9615 : 1502;
9616 : 1589;
9617 : 1715;
9618 : 1830;
9619 : 1935;
9620 : 1993;
9621 : 1907;
9622 : 1749;
9623 : 1515;
9624 : 1306;
9625 : 1110;
9626 : 906;
9627 : 825;
9628 : 762;
9629 : 718;
9630 : 705;
9631 : 651;
9632 : 650;
9633 : 673;
9634 : 653;
9635 : 688;
9636 : 669;
9637 : 691;
9638 : 688;
9639 : 708;
9640 : 729;
9641 : 686;
9642 : 724;
9643 : 725;
9644 : 721;
9645 : 731;
9646 : 691;
9647 : 714;
9648 : 691;
9649 : 686;
9650 : 669;
9651 : 634;
9652 : 657;
9653 : 638;
9654 : 670;
9655 : 781;
9656 : 791;
9657 : 870;
9658 : 975;
9659 : 990;
9660 : 978;
9661 : 939;
9662 : 890;
9663 : 826;
9664 : 792;
9665 : 712;
9666 : 622;
9667 : 583;
9668 : 548;
9669 : 512;
9670 : 502;
9671 : 430;
9672 : 382;
9673 : 389;
9674 : 387;
9675 : 412;
9676 : 362;
9677 : 285;
9678 : 0;
9679 : 461;
9680 : 1388;
9681 : 3543;
9682 : 3880;
9683 : 1906;
9684 : 394;
9685 : 224;
9686 : 417;
9687 : 613;
9688 : 572;
9689 : 587;
9690 : 637;
9691 : 596;
9692 : 631;
9693 : 651;
9694 : 656;
9695 : 690;
9696 : 665;
9697 : 676;
9698 : 668;
9699 : 700;
9700 : 0;
9701 : 0;
9702 : 0;
9703 : 0;
9704 : 0;
9705 : 0;
9706 : 0;
9707 : 0;
9708 : 0;
9709 : 0;
9710 : 0;
9711 : 0;
9712 : 0;
9713 : 0;
9714 : 0;
9715 : 0;
9716 : 0;
9717 : 0;
9718 : 0;
9719 : 0;
9720 : 0;
9721 : 0;
9722 : 0;
9723 : 0;
9724 : 0;
9725 : 0;
9726 : 0;
9727 : 0;
9728 : 0;
9729 : 0;
9730 : 0;
9731 : 0;
9732 : 0;
9733 : 0;
9734 : 0;
9735 : 0;
9736 : 0;
9737 : 0;
9738 : 0;
9739 : 0;
9740 : 0;
9741 : 0;
9742 : 0;
9743 : 0;
9744 : 0;
9745 : 0;
9746 : 0;
9747 : 0;
9748 : 0;
9749 : 0;
9750 : 0;
9751 : 0;
9752 : 0;
9753 : 0;
9754 : 0;
9755 : 0;
9756 : 0;
9757 : 0;
9758 : 0;
9759 : 0;
9760 : 0;
9761 : 0;
9762 : 0;
9763 : 0;
9764 : 0;
9765 : 0;
9766 : 0;
9767 : 0;
9768 : 0;
9769 : 0;
9770 : 0;
9771 : 0;
9772 : 0;
9773 : 0;
9774 : 0;
9775 : 0;
9776 : 4027;
9777 : 2463;
9778 : 225;
9779 : 161;
9780 : 299;
9781 : 494;
9782 : 529;
9783 : 559;
9784 : 522;
9785 : 519;
9786 : 539;
9787 : 585;
9788 : 592;
9789 : 582;
9790 : 616;
9791 : 641;
9792 : 649;
9793 : 706;
9794 : 740;
9795 : 769;
9796 : 864;
9797 : 914;
9798 : 1032;
9799 : 1083;
9800 : 1208;
9801 : 1260;
9802 : 1373;
9803 : 1436;
9804 : 1469;
9805 : 1449;
9806 : 1343;
9807 : 1216;
9808 : 1034;
9809 : 855;
9810 : 723;
9811 : 625;
9812 : 587;
9813 : 497;
9814 : 482;
9815 : 490;
9816 : 443;
9817 : 448;
9818 : 460;
9819 : 431;
9820 : 444;
9821 : 487;
9822 : 412;
9823 : 443;
9824 : 433;
9825 : 436;
9826 : 443;
9827 : 428;
9828 : 484;
9829 : 456;
9830 : 440;
9831 : 443;
9832 : 463;
9833 : 420;
9834 : 436;
9835 : 406;
9836 : 414;
9837 : 402;
9838 : 391;
9839 : 372;
9840 : 387;
9841 : 416;
9842 : 358;
9843 : 409;
9844 : 362;
9845 : 382;
9846 : 360;
9847 : 383;
9848 : 359;
9849 : 387;
9850 : 335;
9851 : 387;
9852 : 412;
9853 : 454;
9854 : 507;
9855 : 488;
9856 : 503;
9857 : 438;
9858 : 463;
9859 : 446;
9860 : 421;
9861 : 341;
9862 : 337;
9863 : 318;
9864 : 315;
9865 : 323;
9866 : 300;
9867 : 344;
9868 : 303;
9869 : 284;
9870 : 181;
9871 : 34;
9872 : 412;
9873 : 1420;
9874 : 3125;
9875 : 4095;
9876 : 2657;
9877 : 272;
9878 : 0;
9879 : 172;
9880 : 421;
9881 : 427;
9882 : 456;
9883 : 443;
9884 : 435;
9885 : 431;
9886 : 470;
9887 : 495;
9888 : 526;
9889 : 542;
9890 : 521;
9891 : 613;
9892 : 620;
9893 : 651;
9894 : 725;
9895 : 750;
9896 : 865;
9897 : 898;
9898 : 1023;
9899 : 0;
9900 : 0;
9901 : 0;
9902 : 0;
9903 : 0;
9904 : 0;
9905 : 0;
9906 : 0;
9907 : 0;
9908 : 0;
9909 : 0;
9910 : 0;
9911 : 0;
9912 : 0;
9913 : 0;
9914 : 0;
9915 : 0;
9916 : 0;
9917 : 0;
9918 : 0;
9919 : 0;
9920 : 0;
9921 : 0;
9922 : 0;
9923 : 0;
9924 : 0;
9925 : 0;
9926 : 0;
9927 : 0;
9928 : 0;
9929 : 0;
9930 : 0;
9931 : 0;
9932 : 0;
9933 : 0;
9934 : 0;
9935 : 0;
9936 : 0;
9937 : 0;
9938 : 0;
9939 : 0;
9940 : 0;
9941 : 0;
9942 : 0;
9943 : 0;
9944 : 0;
9945 : 0;
9946 : 0;
9947 : 0;
9948 : 0;
9949 : 0;
9950 : 0;
9951 : 0;
9952 : 0;
9953 : 0;
9954 : 0;
9955 : 0;
9956 : 0;
9957 : 0;
9958 : 0;
9959 : 0;
9960 : 0;
9961 : 0;
9962 : 0;
9963 : 0;
9964 : 4095;
9965 : 2979;
9966 : 1787;
9967 : 914;
9968 : 713;
9969 : 812;
9970 : 824;
9971 : 798;
9972 : 801;
9973 : 795;
9974 : 800;
9975 : 822;
9976 : 839;
9977 : 850;
9978 : 855;
9979 : 869;
9980 : 882;
9981 : 909;
9982 : 943;
9983 : 956;
9984 : 1008;
9985 : 1046;
9986 : 1099;
9987 : 1144;
9988 : 1203;
9989 : 1275;
9990 : 1337;
9991 : 1402;
9992 : 1452;
9993 : 1497;
9994 : 1516;
9995 : 1532;
9996 : 1481;
9997 : 1398;
9998 : 1264;
9999 : 1142;
10000 : 1037;
10001 : 956;
10002 : 894;
10003 : 852;
10004 : 824;
10005 : 814;
10006 : 810;
10007 : 815;
10008 : 822;
10009 : 822;
10010 : 829;
10011 : 839;
10012 : 832;
10013 : 832;
10014 : 836;
10015 : 830;
10016 : 838;
10017 : 835;
10018 : 827;
10019 : 847;
10020 : 849;
10021 : 845;
10022 : 848;
10023 : 849;
10024 : 850;
10025 : 839;
10026 : 839;
10027 : 843;
10028 : 835;
10029 : 833;
10030 : 832;
10031 : 830;
10032 : 838;
10033 : 836;
10034 : 895;
10035 : 961;
10036 : 967;
10037 : 1008;
10038 : 1008;
10039 : 1070;
10040 : 1071;
10041 : 1132;
10042 : 1054;
10043 : 986;
10044 : 872;
10045 : 817;
10046 : 788;
10047 : 783;
10048 : 760;
10049 : 749;
10050 : 752;
10051 : 754;
10052 : 750;
10053 : 745;
10054 : 742;
10055 : 749;
10056 : 723;
10057 : 358;
10058 : 0;
10059 : 848;
10060 : 2069;
10061 : 3731;
10062 : 3767;
10063 : 2165;
10064 : 1271;
10065 : 761;
10066 : 864;
10067 : 883;
10068 : 861;
10069 : 850;
10070 : 858;
10071 : 862;
10072 : 866;
10073 : 886;
10074 : 904;
10075 : 923;
10076 : 931;
10077 : 951;
10078 : 973;
10079 : 999;
10080 : 1011;
10081 : 1056;
10082 : 1098;
10083 : 1141;
10084 : 1189;
10085 : 1254;
10086 : 1314;
10087 : 1379;
10088 : 1434;
10089 : 1486;
10090 : 0;
10091 : 0;
10092 : 0;
10093 : 0;
10094 : 0;
10095 : 0;
10096 : 0;
10097 : 0;
10098 : 0;
10099 : 0;
10100 : 0;
10101 : 0;
10102 : 0;
10103 : 0;
10104 : 0;
10105 : 0;
10106 : 0;
10107 : 0;
10108 : 0;
10109 : 0;
10110 : 0;
10111 : 0;
10112 : 0;
10113 : 0;
10114 : 0;
10115 : 0;
10116 : 0;
10117 : 0;
10118 : 0;
10119 : 0;
10120 : 0;
10121 : 0;
10122 : 0;
10123 : 0;
10124 : 0;
10125 : 0;
10126 : 0;
10127 : 0;
10128 : 0;
10129 : 0;
10130 : 0;
10131 : 0;
10132 : 0;
10133 : 0;
10134 : 0;
10135 : 0;
10136 : 0;
10137 : 0;
10138 : 0;
10139 : 0;
10140 : 0;
10141 : 0;
10142 : 0;
10143 : 0;
10144 : 0;
10145 : 0;
10146 : 0;
10147 : 0;
10148 : 0;
10149 : 0;
10150 : 0;
10151 : 0;
10152 : 3878;
10153 : 2777;
10154 : 1621;
10155 : 628;
10156 : 0;
10157 : 158;
10158 : 445;
10159 : 439;
10160 : 466;
10161 : 449;
10162 : 466;
10163 : 458;
10164 : 451;
10165 : 498;
10166 : 504;
10167 : 484;
10168 : 522;
10169 : 526;
10170 : 563;
10171 : 578;
10172 : 607;
10173 : 647;
10174 : 663;
10175 : 723;
10176 : 756;
10177 : 831;
10178 : 888;
10179 : 921;
10180 : 965;
10181 : 1009;
10182 : 1021;
10183 : 1043;
10184 : 1029;
10185 : 1017;
10186 : 927;
10187 : 841;
10188 : 758;
10189 : 660;
10190 : 602;
10191 : 511;
10192 : 481;
10193 : 452;
10194 : 434;
10195 : 451;
10196 : 454;
10197 : 435;
10198 : 443;
10199 : 440;
10200 : 472;
10201 : 445;
10202 : 467;
10203 : 476;
10204 : 472;
10205 : 484;
10206 : 464;
10207 : 469;
10208 : 461;
10209 : 420;
10210 : 451;
10211 : 422;
10212 : 426;
10213 : 431;
10214 : 413;
10215 : 425;
10216 : 393;
10217 : 405;
10218 : 402;
10219 : 381;
10220 : 381;
10221 : 370;
10222 : 373;
10223 : 381;
10224 : 354;
10225 : 372;
10226 : 360;
10227 : 348;
10228 : 367;
10229 : 336;
10230 : 357;
10231 : 351;
10232 : 381;
10233 : 372;
10234 : 342;
10235 : 376;
10236 : 470;
10237 : 520;
10238 : 511;
10239 : 445;
10240 : 432;
10241 : 413;
10242 : 372;
10243 : 384;
10244 : 354;
10245 : 322;
10246 : 243;
10247 : 257;
10248 : 264;
10249 : 254;
10250 : 272;
10251 : 280;
10252 : 287;
10253 : 316;
10254 : 319;
10255 : 334;
10256 : 274;
10257 : 364;
10258 : 953;
10259 : 2732;
10260 : 4095;
10261 : 2123;
10262 : 1242;
10263 : 252;
10264 : 43;
10265 : 287;
10266 : 525;
10267 : 490;
10268 : 492;
10269 : 495;
10270 : 504;
10271 : 513;
10272 : 529;
10273 : 523;
10274 : 534;
10275 : 541;
10276 : 528;
10277 : 572;
10278 : 604;
10279 : 613;
10280 : 660;
10281 : 678;
10282 : 725;
10283 : 775;
10284 : 812;
10285 : 0;
10286 : 0;
10287 : 0;
10288 : 0;
10289 : 0;
10290 : 0;
10291 : 0;
10292 : 0;
10293 : 0;
10294 : 0;
10295 : 0;
10296 : 0;
10297 : 0;
10298 : 0;
10299 : 0;
10300 : 0;
10301 : 0;
10302 : 0;
10303 : 0;
10304 : 0;
10305 : 0;
10306 : 0;
10307 : 0;
10308 : 0;
10309 : 0;
10310 : 0;
10311 : 0;
10312 : 0;
10313 : 0;
10314 : 0;
10315 : 0;
10316 : 0;
10317 : 0;
10318 : 0;
10319 : 0;
10320 : 0;
10321 : 0;
10322 : 0;
10323 : 0;
10324 : 0;
10325 : 0;
10326 : 0;
10327 : 0;
10328 : 0;
10329 : 0;
10330 : 0;
10331 : 0;
10332 : 0;
10333 : 0;
10334 : 0;
10335 : 0;
10336 : 0;
10337 : 0;
10338 : 0;
10339 : 0;
10340 : 4095;
10341 : 2421;
10342 : 1099;
10343 : 468;
10344 : 466;
10345 : 247;
10346 : 173;
10347 : 129;
10348 : 118;
10349 : 102;
10350 : 80;
10351 : 75;
10352 : 78;
10353 : 96;
10354 : 108;
10355 : 117;
10356 : 95;
10357 : 99;
10358 : 136;
10359 : 169;
10360 : 200;
10361 : 198;
10362 : 251;
10363 : 305;
10364 : 369;
10365 : 453;
10366 : 543;
10367 : 646;
10368 : 705;
10369 : 768;
10370 : 831;
10371 : 917;
10372 : 971;
10373 : 986;
10374 : 946;
10375 : 893;
10376 : 802;
10377 : 665;
10378 : 541;
10379 : 429;
10380 : 325;
10381 : 273;
10382 : 217;
10383 : 218;
10384 : 210;
10385 : 210;
10386 : 206;
10387 : 177;
10388 : 153;
10389 : 179;
10390 : 191;
10391 : 215;
10392 : 221;
10393 : 209;
10394 : 215;
10395 : 227;
10396 : 224;
10397 : 236;
10398 : 238;
10399 : 242;
10400 : 236;
10401 : 250;
10402 : 254;
10403 : 252;
10404 : 263;
10405 : 269;
10406 : 273;
10407 : 258;
10408 : 279;
10409 : 299;
10410 : 301;
10411 : 312;
10412 : 323;
10413 : 354;
10414 : 352;
10415 : 345;
10416 : 346;
10417 : 349;
10418 : 366;
10419 : 345;
10420 : 345;
10421 : 340;
10422 : 336;
10423 : 309;
10424 : 271;
10425 : 256;
10426 : 260;
10427 : 257;
10428 : 246;
10429 : 252;
10430 : 248;
10431 : 246;
10432 : 253;
10433 : 244;
10434 : 277;
10435 : 281;
10436 : 270;
10437 : 239;
10438 : 210;
10439 : 198;
10440 : 180;
10441 : 168;
10442 : 163;
10443 : 159;
10444 : 166;
10445 : 205;
10446 : 229;
10447 : 246;
10448 : 263;
10449 : 284;
10450 : 293;
10451 : 288;
10452 : 297;
10453 : 281;
10454 : 273;
10455 : 252;
10456 : 251;
10457 : 254;
10458 : 248;
10459 : 259;
10460 : 253;
10461 : 261;
10462 : 282;
10463 : 363;
10464 : 441;
10465 : 379;
10466 : 381;
10467 : 404;
10468 : 356;
10469 : 204;
10470 : 136;
10471 : 135;
10472 : 131;
10473 : 131;
10474 : 83;
10475 : 76;
10476 : 86;
10477 : 87;
10478 : 99;
10479 : 108;
10480 : 131;
10481 : 107;
10482 : 0;
10483 : 233;
10484 : 854;
10485 : 1336;
10486 : 2166;
10487 : 3731;
10488 : 3982;
10489 : 2275;
10490 : 1252;
10491 : 769;
10492 : 714;
10493 : 531;
10494 : 441;
10495 : 379;
10496 : 368;
10497 : 358;
10498 : 361;
10499 : 356;
10500 : 350;
10501 : 367;
10502 : 382;
10503 : 407;
10504 : 413;
10505 : 433;
10506 : 445;
10507 : 472;
10508 : 513;
10509 : 552;
10510 : 586;
10511 : 628;
10512 : 675;
10513 : 739;
10514 : 821;
10515 : 863;
10516 : 922;
10517 : 0;
10518 : 0;
10519 : 0;
10520 : 0;
10521 : 0;
10522 : 0;
10523 : 0;
10524 : 0;
10525 : 0;
10526 : 0;
10527 : 0;
10528 : 4095;
10529 : 1666;
10530 : 0;
10531 : 255;
10532 : 457;
10533 : 491;
10534 : 455;
10535 : 422;
10536 : 397;
10537 : 410;
10538 : 354;
10539 : 419;
10540 : 405;
10541 : 460;
10542 : 447;
10543 : 447;
10544 : 476;
10545 : 527;
10546 : 513;
10547 : 513;
10548 : 551;
10549 : 613;
10550 : 636;
10551 : 689;
10552 : 753;
10553 : 852;
10554 : 894;
10555 : 950;
10556 : 1062;
10557 : 1115;
10558 : 1186;
10559 : 1227;
10560 : 1242;
10561 : 1257;
10562 : 1158;
10563 : 1041;
10564 : 943;
10565 : 846;
10566 : 763;
10567 : 706;
10568 : 704;
10569 : 651;
10570 : 656;
10571 : 646;
10572 : 620;
10573 : 655;
10574 : 687;
10575 : 669;
10576 : 678;
10577 : 673;
10578 : 666;
10579 : 684;
10580 : 686;
10581 : 696;
10582 : 668;
10583 : 626;
10584 : 674;
10585 : 630;
10586 : 686;
10587 : 650;
10588 : 584;
10589 : 641;
10590 : 638;
10591 : 620;
10592 : 622;
10593 : 645;
10594 : 666;
10595 : 635;
10596 : 590;
10597 : 620;
10598 : 603;
10599 : 648;
10600 : 615;
10601 : 753;
10602 : 871;
10603 : 938;
10604 : 937;
10605 : 856;
10606 : 965;
10607 : 897;
10608 : 765;
10609 : 727;
10610 : 709;
10611 : 608;
10612 : 541;
10613 : 551;
10614 : 516;
10615 : 503;
10616 : 496;
10617 : 519;
10618 : 513;
10619 : 359;
10620 : 628;
10621 : 1412;
10622 : 2702;
10623 : 3515;
10624 : 3525;
10625 : 1154;
10626 : 98;
10627 : 404;
10628 : 554;
10629 : 585;
10630 : 565;
10631 : 574;
10632 : 466;
10633 : 564;
10634 : 534;
10635 : 526;
10636 : 592;
10637 : 595;
10638 : 612;
10639 : 595;
10640 : 0;
10641 : 0;
10642 : 0;
10643 : 0;
10644 : 0;
10645 : 0;
10646 : 0;
10647 : 0;
10648 : 0;
10649 : 0;
10650 : 0;
10651 : 0;
10652 : 0;
10653 : 0;
10654 : 0;
10655 : 0;
10656 : 0;
10657 : 0;
10658 : 0;
10659 : 0;
10660 : 0;
10661 : 0;
10662 : 0;
10663 : 0;
10664 : 0;
10665 : 0;
10666 : 0;
10667 : 0;
10668 : 0;
10669 : 0;
10670 : 0;
10671 : 0;
10672 : 0;
10673 : 0;
10674 : 0;
10675 : 0;
10676 : 0;
10677 : 0;
10678 : 0;
10679 : 0;
10680 : 0;
10681 : 0;
10682 : 0;
10683 : 0;
10684 : 0;
10685 : 0;
10686 : 0;
10687 : 0;
10688 : 0;
10689 : 0;
10690 : 0;
10691 : 0;
10692 : 0;
10693 : 0;
10694 : 0;
10695 : 0;
10696 : 0;
10697 : 0;
10698 : 0;
10699 : 0;
10700 : 0;
10701 : 0;
10702 : 0;
10703 : 0;
10704 : 0;
10705 : 0;
10706 : 0;
10707 : 0;
10708 : 0;
10709 : 0;
10710 : 0;
10711 : 0;
10712 : 0;
10713 : 0;
10714 : 0;
10715 : 0;
10716 : 4095;
10717 : 3778;
10718 : 2863;
10719 : 1909;
10720 : 1053;
10721 : 625;
10722 : 480;
10723 : 410;
10724 : 397;
10725 : 341;
10726 : 358;
10727 : 342;
10728 : 333;
10729 : 337;
10730 : 338;
10731 : 352;
10732 : 308;
10733 : 328;
10734 : 322;
10735 : 322;
10736 : 324;
10737 : 279;
10738 : 343;
10739 : 350;
10740 : 343;
10741 : 365;
10742 : 408;
10743 : 465;
10744 : 492;
10745 : 555;
10746 : 653;
10747 : 707;
10748 : 746;
10749 : 853;
10750 : 799;
10751 : 790;
10752 : 750;
10753 : 693;
10754 : 619;
10755 : 536;
10756 : 491;
10757 : 449;
10758 : 424;
10759 : 416;
10760 : 421;
10761 : 387;
10762 : 360;
10763 : 390;
10764 : 440;
10765 : 424;
10766 : 416;
10767 : 416;
10768 : 495;
10769 : 451;
10770 : 479;
10771 : 475;
10772 : 495;
10773 : 492;
10774 : 507;
10775 : 505;
10776 : 472;
10777 : 483;
10778 : 462;
10779 : 460;
10780 : 492;
10781 : 438;
10782 : 420;
10783 : 410;
10784 : 439;
10785 : 440;
10786 : 390;
10787 : 394;
10788 : 521;
10789 : 514;
10790 : 585;
10791 : 610;
10792 : 720;
10793 : 723;
10794 : 851;
10795 : 693;
10796 : 510;
10797 : 423;
10798 : 348;
10799 : 360;
10800 : 292;
10801 : 301;
10802 : 369;
10803 : 304;
10804 : 188;
10805 : 2;
10806 : 0;
10807 : 733;
10808 : 1926;
10809 : 3962;
10810 : 3920;
10811 : 2947;
10812 : 1837;
10813 : 1045;
10814 : 615;
10815 : 413;
10816 : 307;
10817 : 271;
10818 : 274;
10819 : 212;
10820 : 207;
10821 : 214;
10822 : 199;
10823 : 177;
10824 : 277;
10825 : 242;
10826 : 0;
10827 : 0;
10828 : 0;
10829 : 0;
10830 : 0;
10831 : 0;
10832 : 0;
10833 : 0;
10834 : 0;
10835 : 0;
10836 : 0;
10837 : 0;
10838 : 0;
10839 : 0;
10840 : 0;
10841 : 0;
10842 : 0;
10843 : 0;
10844 : 0;
10845 : 0;
10846 : 0;
10847 : 0;
10848 : 0;
10849 : 0;
10850 : 0;
10851 : 0;
10852 : 0;
10853 : 0;
10854 : 0;
10855 : 0;
10856 : 0;
10857 : 0;
10858 : 0;
10859 : 0;
10860 : 0;
10861 : 0;
10862 : 0;
10863 : 0;
10864 : 0;
10865 : 0;
10866 : 0;
10867 : 0;
10868 : 0;
10869 : 0;
10870 : 0;
10871 : 0;
10872 : 0;
10873 : 0;
10874 : 0;
10875 : 0;
10876 : 0;
10877 : 0;
10878 : 0;
10879 : 0;
10880 : 0;
10881 : 0;
10882 : 0;
10883 : 0;
10884 : 0;
10885 : 0;
10886 : 0;
10887 : 0;
10888 : 0;
10889 : 0;
10890 : 0;
10891 : 0;
10892 : 0;
10893 : 0;
10894 : 0;
10895 : 0;
10896 : 0;
10897 : 0;
10898 : 0;
10899 : 0;
10900 : 0;
10901 : 0;
10902 : 0;
10903 : 0;
10904 : 3898;
10905 : 4095;
10906 : 3347;
10907 : 1698;
10908 : 669;
10909 : 135;
10910 : 382;
10911 : 622;
10912 : 614;
10913 : 598;
10914 : 613;
10915 : 622;
10916 : 630;
10917 : 625;
10918 : 657;
10919 : 668;
10920 : 681;
10921 : 709;
10922 : 720;
10923 : 753;
10924 : 781;
10925 : 807;
10926 : 840;
10927 : 874;
10928 : 923;
10929 : 977;
10930 : 1032;
10931 : 1112;
10932 : 1196;
10933 : 1286;
10934 : 1385;
10935 : 1496;
10936 : 1571;
10937 : 1612;
10938 : 1661;
10939 : 1653;
10940 : 1618;
10941 : 1531;
10942 : 1397;
10943 : 1261;
10944 : 1098;
10945 : 970;
10946 : 869;
10947 : 791;
10948 : 759;
10949 : 694;
10950 : 672;
10951 : 640;
10952 : 643;
10953 : 616;
10954 : 602;
10955 : 605;
10956 : 599;
10957 : 602;
10958 : 573;
10959 : 561;
10960 : 573;
10961 : 608;
10962 : 624;
10963 : 587;
10964 : 569;
10965 : 598;
10966 : 585;
10967 : 576;
10968 : 570;
10969 : 553;
10970 : 582;
10971 : 628;
10972 : 707;
10973 : 794;
10974 : 865;
10975 : 1013;
10976 : 1074;
10977 : 1064;
10978 : 1069;
10979 : 866;
10980 : 846;
10981 : 781;
10982 : 575;
10983 : 414;
10984 : 366;
10985 : 338;
10986 : 344;
10987 : 332;
10988 : 332;
10989 : 317;
10990 : 201;
10991 : 422;
10992 : 1388;
10993 : 3243;
10994 : 4018;
10995 : 3355;
10996 : 1737;
10997 : 744;
10998 : 0;
10999 : 122;
11000 : 418;
11001 : 428;
11002 : 424;
11003 : 425;
11004 : 434;
11005 : 436;
11006 : 451;
11007 : 469;
11008 : 477;
11009 : 509;
11010 : 529;
11011 : 556;
11012 : 582;
11013 : 0;
11014 : 0;
11015 : 0;
11016 : 0;
11017 : 0;
11018 : 0;
11019 : 0;
11020 : 0;
11021 : 0;
11022 : 0;
11023 : 0;
11024 : 0;
11025 : 0;
11026 : 0;
11027 : 0;
11028 : 0;
11029 : 0;
11030 : 0;
11031 : 0;
11032 : 0;
11033 : 0;
11034 : 0;
11035 : 0;
11036 : 0;
11037 : 0;
11038 : 0;
11039 : 0;
11040 : 0;
11041 : 0;
11042 : 0;
11043 : 0;
11044 : 0;
11045 : 0;
11046 : 0;
11047 : 0;
11048 : 0;
11049 : 0;
11050 : 0;
11051 : 0;
11052 : 0;
11053 : 0;
11054 : 0;
11055 : 0;
11056 : 0;
11057 : 0;
11058 : 0;
11059 : 0;
11060 : 0;
11061 : 0;
11062 : 0;
11063 : 0;
11064 : 0;
11065 : 0;
11066 : 0;
11067 : 0;
11068 : 0;
11069 : 0;
11070 : 0;
11071 : 0;
11072 : 0;
11073 : 0;
11074 : 0;
11075 : 0;
11076 : 0;
11077 : 0;
11078 : 0;
11079 : 0;
11080 : 0;
11081 : 0;
11082 : 0;
11083 : 0;
11084 : 0;
11085 : 0;
11086 : 0;
11087 : 0;
11088 : 0;
11089 : 0;
11090 : 0;
11091 : 0;
11092 : 4095;
11093 : 3301;
11094 : 1149;
11095 : 282;
11096 : 369;
11097 : 357;
11098 : 316;
11099 : 272;
11100 : 264;
11101 : 265;
11102 : 254;
11103 : 277;
11104 : 278;
11105 : 310;
11106 : 332;
11107 : 338;
11108 : 373;
11109 : 372;
11110 : 411;
11111 : 444;
11112 : 455;
11113 : 497;
11114 : 510;
11115 : 530;
11116 : 586;
11117 : 619;
11118 : 682;
11119 : 740;
11120 : 819;
11121 : 918;
11122 : 958;
11123 : 1050;
11124 : 1103;
11125 : 1170;
11126 : 1185;
11127 : 1120;
11128 : 1016;
11129 : 864;
11130 : 716;
11131 : 570;
11132 : 462;
11133 : 388;
11134 : 312;
11135 : 285;
11136 : 281;
11137 : 255;
11138 : 258;
11139 : 242;
11140 : 237;
11141 : 250;
11142 : 237;
11143 : 251;
11144 : 235;
11145 : 244;
11146 : 252;
11147 : 234;
11148 : 234;
11149 : 222;
11150 : 223;
11151 : 221;
11152 : 194;
11153 : 209;
11154 : 182;
11155 : 174;
11156 : 170;
11157 : 147;
11158 : 174;
11159 : 161;
11160 : 163;
11161 : 162;
11162 : 146;
11163 : 162;
11164 : 139;
11165 : 136;
11166 : 151;
11167 : 133;
11168 : 140;
11169 : 129;
11170 : 131;
11171 : 131;
11172 : 107;
11173 : 112;
11174 : 98;
11175 : 113;
11176 : 111;
11177 : 96;
11178 : 111;
11179 : 120;
11180 : 136;
11181 : 173;
11182 : 184;
11183 : 175;
11184 : 205;
11185 : 221;
11186 : 196;
11187 : 163;
11188 : 144;
11189 : 132;
11190 : 86;
11191 : 50;
11192 : 38;
11193 : 44;
11194 : 50;
11195 : 53;
11196 : 77;
11197 : 57;
11198 : 70;
11199 : 60;
11200 : 0;
11201 : 18;
11202 : 384;
11203 : 1539;
11204 : 2652;
11205 : 3908;
11206 : 3018;
11207 : 893;
11208 : 183;
11209 : 265;
11210 : 250;
11211 : 194;
11212 : 146;
11213 : 159;
11214 : 158;
11215 : 176;
11216 : 166;
11217 : 175;
11218 : 219;
11219 : 220;
11220 : 253;
11221 : 264;
11222 : 264;
11223 : 297;
11224 : 312;
11225 : 340;
11226 : 351;
11227 : 370;
11228 : 424;
11229 : 461;
11230 : 0;
11231 : 0;
11232 : 0;
11233 : 0;
11234 : 0;
11235 : 0;
11236 : 0;
11237 : 0;
11238 : 0;
11239 : 0;
11240 : 0;
11241 : 0;
11242 : 0;
11243 : 0;
11244 : 0;
11245 : 0;
11246 : 0;
11247 : 0;
11248 : 0;
11249 : 0;
11250 : 0;
11251 : 0;
11252 : 0;
11253 : 0;
11254 : 0;
11255 : 0;
11256 : 0;
11257 : 0;
11258 : 0;
11259 : 0;
11260 : 0;
11261 : 0;
11262 : 0;
11263 : 0;
11264 : 0;
11265 : 0;
11266 : 0;
11267 : 0;
11268 : 0;
11269 : 0;
11270 : 0;
11271 : 0;
11272 : 0;
11273 : 0;
11274 : 0;
11275 : 0;
11276 : 0;
11277 : 0;
11278 : 0;
11279 : 0;
11280 : 3885;
11281 : 2461;
11282 : 1076;
11283 : 887;
11284 : 760;
11285 : 794;
11286 : 756;
11287 : 701;
11288 : 593;
11289 : 580;
11290 : 563;
11291 : 563;
11292 : 574;
11293 : 591;
11294 : 618;
11295 : 565;
11296 : 635;
11297 : 696;
11298 : 762;
11299 : 760;
11300 : 817;
11301 : 925;
11302 : 930;
11303 : 991;
11304 : 1038;
11305 : 1112;
11306 : 1209;
11307 : 1271;
11308 : 1360;
11309 : 1432;
11310 : 1436;
11311 : 1444;
11312 : 1391;
11313 : 1326;
11314 : 1226;
11315 : 1048;
11316 : 868;
11317 : 756;
11318 : 684;
11319 : 671;
11320 : 686;
11321 : 684;
11322 : 660;
11323 : 682;
11324 : 675;
11325 : 660;
11326 : 576;
11327 : 601;
11328 : 595;
11329 : 544;
11330 : 552;
11331 : 535;
11332 : 523;
11333 : 557;
11334 : 601;
11335 : 561;
11336 : 546;
11337 : 491;
11338 : 514;
11339 : 451;
11340 : 510;
11341 : 499;
11342 : 519;
11343 : 495;
11344 : 455;
11345 : 430;
11346 : 451;
11347 : 423;
11348 : 383;
11349 : 377;
11350 : 345;
11351 : 394;
11352 : 396;
11353 : 529;
11354 : 533;
11355 : 548;
11356 : 485;
11357 : 565;
11358 : 495;
11359 : 279;
11360 : 271;
11361 : 334;
11362 : 260;
11363 : 205;
11364 : 169;
11365 : 165;
11366 : 218;
11367 : 249;
11368 : 260;
11369 : 233;
11370 : 249;
11371 : 205;
11372 : 0;
11373 : 334;
11374 : 1175;
11375 : 2802;
11376 : 4095;
11377 : 2972;
11378 : 1120;
11379 : 779;
11380 : 574;
11381 : 597;
11382 : 637;
11383 : 605;
11384 : 599;
11385 : 525;
11386 : 493;
11387 : 453;
11388 : 485;
11389 : 504;
11390 : 533;
11391 : 491;
11392 : 508;
11393 : 569;
11394 : 538;
11395 : 0;
11396 : 0;
11397 : 0;
11398 : 0;
11399 : 0;
11400 : 0;
11401 : 0;
11402 : 0;
11403 : 0;
11404 : 0;
11405 : 0;
11406 : 0;
11407 : 0;
11408 : 0;
11409 : 0;
11410 : 0;
11411 : 0;
11412 : 0;
11413 : 0;
11414 : 0;
11415 : 0;
11416 : 0;
11417 : 0;
11418 : 0;
11419 : 0;
11420 : 0;
11421 : 0;
11422 : 0;
11423 : 0;
11424 : 0;
11425 : 0;
11426 : 0;
11427 : 0;
11428 : 0;
11429 : 0;
11430 : 0;
11431 : 0;
11432 : 0;
11433 : 0;
11434 : 0;
11435 : 0;
11436 : 0;
11437 : 0;
11438 : 0;
11439 : 0;
11440 : 0;
11441 : 0;
11442 : 0;
11443 : 0;
11444 : 0;
11445 : 0;
11446 : 0;
11447 : 0;
11448 : 0;
11449 : 0;
11450 : 0;
11451 : 0;
11452 : 0;
11453 : 0;
11454 : 0;
11455 : 0;
11456 : 0;
11457 : 0;
11458 : 0;
11459 : 0;
11460 : 0;
11461 : 0;
11462 : 0;
11463 : 0;
11464 : 0;
11465 : 0;
11466 : 0;
11467 : 0;
11468 : 4095;
11469 : 3071;
11470 : 1242;
11471 : 1120;
11472 : 853;
11473 : 924;
11474 : 985;
11475 : 957;
11476 : 967;
11477 : 868;
11478 : 881;
11479 : 904;
11480 : 945;
11481 : 955;
11482 : 995;
11483 : 962;
11484 : 945;
11485 : 988;
11486 : 1036;
11487 : 1018;
11488 : 1094;
11489 : 1138;
11490 : 1138;
11491 : 1214;
11492 : 1216;
11493 : 1303;
11494 : 1348;
11495 : 1369;
11496 : 1473;
11497 : 1536;
11498 : 1559;
11499 : 1597;
11500 : 1641;
11501 : 1704;
11502 : 1737;
11503 : 1742;
11504 : 1610;
11505 : 1493;
11506 : 1308;
11507 : 1173;
11508 : 1051;
11509 : 1023;
11510 : 1038;
11511 : 1018;
11512 : 1000;
11513 : 967;
11514 : 1011;
11515 : 1013;
11516 : 1008;
11517 : 1064;
11518 : 1082;
11519 : 1049;
11520 : 950;
11521 : 952;
11522 : 1000;
11523 : 995;
11524 : 1023;
11525 : 1018;
11526 : 894;
11527 : 881;
11528 : 835;
11529 : 757;
11530 : 723;
11531 : 660;
11532 : 696;
11533 : 701;
11534 : 772;
11535 : 823;
11536 : 746;
11537 : 721;
11538 : 650;
11539 : 571;
11540 : 586;
11541 : 561;
11542 : 604;
11543 : 604;
11544 : 619;
11545 : 632;
11546 : 624;
11547 : 614;
11548 : 640;
11549 : 602;
11550 : 538;
11551 : 538;
11552 : 546;
11553 : 566;
11554 : 627;
11555 : 612;
11556 : 612;
11557 : 553;
11558 : 596;
11559 : 624;
11560 : 617;
11561 : 523;
11562 : 574;
11563 : 551;
11564 : 363;
11565 : 419;
11566 : 408;
11567 : 378;
11568 : 408;
11569 : 350;
11570 : 302;
11571 : 264;
11572 : 289;
11573 : 304;
11574 : 276;
11575 : 228;
11576 : 187;
11577 : 0;
11578 : 190;
11579 : 701;
11580 : 1707;
11581 : 3551;
11582 : 3846;
11583 : 2113;
11584 : 698;
11585 : 449;
11586 : 203;
11587 : 368;
11588 : 408;
11589 : 365;
11590 : 309;
11591 : 287;
11592 : 292;
11593 : 297;
11594 : 279;
11595 : 345;
11596 : 363;
11597 : 360;
11598 : 375;
11599 : 424;
11600 : 477;
11601 : 566;
11602 : 530;
11603 : 515;
11604 : 0;
11605 : 0;
11606 : 0;
11607 : 0;
11608 : 0;
11609 : 0;
11610 : 0;
11611 : 0;
11612 : 0;
11613 : 0;
11614 : 0;
11615 : 0;
11616 : 0;
11617 : 0;
11618 : 0;
11619 : 0;
11620 : 0;
11621 : 0;
11622 : 0;
11623 : 0;
11624 : 0;
11625 : 0;
11626 : 0;
11627 : 0;
11628 : 0;
11629 : 0;
11630 : 0;
11631 : 0;
11632 : 0;
11633 : 0;
11634 : 0;
11635 : 0;
11636 : 0;
11637 : 0;
11638 : 0;
11639 : 0;
11640 : 0;
11641 : 0;
11642 : 0;
11643 : 0;
11644 : 0;
11645 : 0;
11646 : 0;
11647 : 0;
11648 : 0;
11649 : 0;
11650 : 0;
11651 : 0;
11652 : 0;
11653 : 0;
11654 : 0;
11655 : 0;
11656 : 4095;
11657 : 3314;
11658 : 1648;
11659 : 769;
11660 : 83;
11661 : 0;
11662 : 285;
11663 : 459;
11664 : 475;
11665 : 452;
11666 : 425;
11667 : 456;
11668 : 440;
11669 : 459;
11670 : 516;
11671 : 520;
11672 : 525;
11673 : 577;
11674 : 582;
11675 : 636;
11676 : 686;
11677 : 743;
11678 : 798;
11679 : 846;
11680 : 896;
11681 : 903;
11682 : 951;
11683 : 1028;
11684 : 1108;
11685 : 1193;
11686 : 1300;
11687 : 1370;
11688 : 1400;
11689 : 1454;
11690 : 1429;
11691 : 1407;
11692 : 1375;
11693 : 1297;
11694 : 1197;
11695 : 1054;
11696 : 939;
11697 : 853;
11698 : 819;
11699 : 785;
11700 : 746;
11701 : 750;
11702 : 746;
11703 : 737;
11704 : 711;
11705 : 668;
11706 : 664;
11707 : 636;
11708 : 623;
11709 : 639;
11710 : 605;
11711 : 629;
11712 : 646;
11713 : 666;
11714 : 694;
11715 : 693;
11716 : 668;
11717 : 691;
11718 : 684;
11719 : 691;
11720 : 691;
11721 : 684;
11722 : 627;
11723 : 595;
11724 : 632;
11725 : 671;
11726 : 664;
11727 : 652;
11728 : 620;
11729 : 607;
11730 : 616;
11731 : 589;
11732 : 559;
11733 : 559;
11734 : 506;
11735 : 547;
11736 : 559;
11737 : 643;
11738 : 670;
11739 : 673;
11740 : 645;
11741 : 639;
11742 : 607;
11743 : 577;
11744 : 591;
11745 : 555;
11746 : 563;
11747 : 554;
11748 : 588;
11749 : 623;
11750 : 698;
11751 : 730;
11752 : 850;
11753 : 873;
11754 : 924;
11755 : 1099;
11756 : 1108;
11757 : 1090;
11758 : 1117;
11759 : 976;
11760 : 940;
11761 : 917;
11762 : 751;
11763 : 623;
11764 : 620;
11765 : 604;
11766 : 563;
11767 : 573;
11768 : 529;
11769 : 502;
11770 : 436;
11771 : 666;
11772 : 1919;
11773 : 3695;
11774 : 3947;
11775 : 3022;
11776 : 1397;
11777 : 586;
11778 : 33;
11779 : 237;
11780 : 607;
11781 : 659;
11782 : 664;
11783 : 702;
11784 : 721;
11785 : 712;
11786 : 716;
11787 : 755;
11788 : 819;
11789 : 841;
11790 : 825;
11791 : 835;
11792 : 841;
11793 : 819;
11794 : 830;
11795 : 857;
11796 : 928;
11797 : 0;
11798 : 0;
11799 : 0;
11800 : 0;
11801 : 0;
11802 : 0;
11803 : 0;
11804 : 0;
11805 : 0;
11806 : 0;
11807 : 0;
11808 : 0;
11809 : 0;
11810 : 0;
11811 : 0;
11812 : 0;
11813 : 0;
11814 : 0;
11815 : 0;
11816 : 0;
11817 : 0;
11818 : 0;
11819 : 0;
11820 : 0;
11821 : 0;
11822 : 0;
11823 : 0;
11824 : 0;
11825 : 0;
11826 : 0;
11827 : 0;
11828 : 0;
11829 : 0;
11830 : 0;
11831 : 0;
11832 : 0;
11833 : 0;
11834 : 0;
11835 : 0;
11836 : 0;
11837 : 0;
11838 : 0;
11839 : 0;
11840 : 0;
11841 : 0;
11842 : 0;
11843 : 0;
11844 : 3787;
11845 : 3693;
11846 : 1723;
11847 : 673;
11848 : 323;
11849 : 521;
11850 : 640;
11851 : 603;
11852 : 604;
11853 : 617;
11854 : 640;
11855 : 612;
11856 : 664;
11857 : 647;
11858 : 676;
11859 : 705;
11860 : 721;
11861 : 757;
11862 : 721;
11863 : 777;
11864 : 799;
11865 : 850;
11866 : 874;
11867 : 993;
11868 : 977;
11869 : 1003;
11870 : 1076;
11871 : 1159;
11872 : 1212;
11873 : 1295;
11874 : 1399;
11875 : 1493;
11876 : 1575;
11877 : 1624;
11878 : 1705;
11879 : 1757;
11880 : 1783;
11881 : 1737;
11882 : 1693;
11883 : 1497;
11884 : 1316;
11885 : 1176;
11886 : 1032;
11887 : 931;
11888 : 837;
11889 : 773;
11890 : 742;
11891 : 723;
11892 : 741;
11893 : 718;
11894 : 690;
11895 : 692;
11896 : 712;
11897 : 739;
11898 : 764;
11899 : 747;
11900 : 718;
11901 : 726;
11902 : 716;
11903 : 747;
11904 : 741;
11905 : 720;
11906 : 803;
11907 : 764;
11908 : 742;
11909 : 708;
11910 : 733;
11911 : 764;
11912 : 707;
11913 : 694;
11914 : 669;
11915 : 699;
11916 : 697;
11917 : 710;
11918 : 684;
11919 : 653;
11920 : 694;
11921 : 676;
11922 : 720;
11923 : 648;
11924 : 708;
11925 : 687;
11926 : 668;
11927 : 699;
11928 : 625;
11929 : 741;
11930 : 669;
11931 : 647;
11932 : 726;
11933 : 677;
11934 : 817;
11935 : 879;
11936 : 980;
11937 : 1007;
11938 : 1003;
11939 : 1042;
11940 : 1071;
11941 : 1025;
11942 : 973;
11943 : 913;
11944 : 749;
11945 : 590;
11946 : 552;
11947 : 531;
11948 : 544;
11949 : 528;
11950 : 497;
11951 : 484;
11952 : 538;
11953 : 502;
11954 : 378;
11955 : 0;
11956 : 91;
11957 : 908;
11958 : 2570;
11959 : 3485;
11960 : 4095;
11961 : 2869;
11962 : 1027;
11963 : 541;
11964 : 586;
11965 : 705;
11966 : 713;
11967 : 729;
11968 : 703;
11969 : 739;
11970 : 725;
11971 : 738;
11972 : 801;
11973 : 781;
11974 : 838;
11975 : 820;
11976 : 833;
11977 : 882;
11978 : 882;
11979 : 933;
11980 : 920;
11981 : 998;
11982 : 1017;
11983 : 0;
11984 : 0;
11985 : 0;
11986 : 0;
11987 : 0;
11988 : 0;
11989 : 0;
11990 : 0;
11991 : 0;
11992 : 0;
11993 : 0;
11994 : 0;
11995 : 0;
11996 : 0;
11997 : 0;
11998 : 0;
11999 : 0;
12000 : 0;
12001 : 0;
12002 : 0;
12003 : 0;
12004 : 0;
12005 : 0;
12006 : 0;
12007 : 0;
12008 : 0;
12009 : 0;
12010 : 0;
12011 : 0;
12012 : 0;
12013 : 0;
12014 : 0;
12015 : 0;
12016 : 0;
12017 : 0;
12018 : 0;
12019 : 0;
12020 : 0;
12021 : 0;
12022 : 0;
12023 : 0;
12024 : 0;
12025 : 0;
12026 : 0;
12027 : 0;
12028 : 0;
12029 : 0;
12030 : 0;
12031 : 0;
12032 : 3709;
12033 : 1285;
12034 : 120;
12035 : 0;
12036 : 176;
12037 : 364;
12038 : 568;
12039 : 526;
12040 : 568;
12041 : 590;
12042 : 587;
12043 : 592;
12044 : 651;
12045 : 672;
12046 : 673;
12047 : 647;
12048 : 679;
12049 : 703;
12050 : 672;
12051 : 689;
12052 : 760;
12053 : 789;
12054 : 753;
12055 : 799;
12056 : 825;
12057 : 898;
12058 : 934;
12059 : 991;
12060 : 1034;
12061 : 1071;
12062 : 1117;
12063 : 1181;
12064 : 1181;
12065 : 1200;
12066 : 1140;
12067 : 1078;
12068 : 969;
12069 : 924;
12070 : 886;
12071 : 838;
12072 : 846;
12073 : 791;
12074 : 767;
12075 : 803;
12076 : 786;
12077 : 756;
12078 : 789;
12079 : 799;
12080 : 794;
12081 : 774;
12082 : 824;
12083 : 850;
12084 : 836;
12085 : 831;
12086 : 841;
12087 : 836;
12088 : 838;
12089 : 841;
12090 : 862;
12091 : 817;
12092 : 834;
12093 : 774;
12094 : 782;
12095 : 780;
12096 : 794;
12097 : 786;
12098 : 791;
12099 : 794;
12100 : 744;
12101 : 846;
12102 : 900;
12103 : 998;
12104 : 1002;
12105 : 1060;
12106 : 1178;
12107 : 1195;
12108 : 1162;
12109 : 1126;
12110 : 962;
12111 : 912;
12112 : 853;
12113 : 720;
12114 : 677;
12115 : 673;
12116 : 684;
12117 : 642;
12118 : 665;
12119 : 654;
12120 : 658;
12121 : 597;
12122 : 445;
12123 : 1195;
12124 : 2401;
12125 : 3362;
12126 : 4095;
12127 : 2878;
12128 : 587;
12129 : 162;
12130 : 190;
12131 : 380;
12132 : 596;
12133 : 682;
12134 : 699;
12135 : 687;
12136 : 732;
12137 : 727;
12138 : 748;
12139 : 744;
12140 : 0;
12141 : 0;
12142 : 0;
12143 : 0;
12144 : 0;
12145 : 0;
12146 : 0;
12147 : 0;
12148 : 0;
12149 : 0;
12150 : 0;
12151 : 0;
12152 : 0;
12153 : 0;
12154 : 0;
12155 : 0;
12156 : 0;
12157 : 0;
12158 : 0;
12159 : 0;
12160 : 0;
12161 : 0;
12162 : 0;
12163 : 0;
12164 : 0;
12165 : 0;
12166 : 0;
12167 : 0;
12168 : 0;
12169 : 0;
12170 : 0;
12171 : 0;
12172 : 0;
12173 : 0;
12174 : 0;
12175 : 0;
12176 : 0;
12177 : 0;
12178 : 0;
12179 : 0;
12180 : 0;
12181 : 0;
12182 : 0;
12183 : 0;
12184 : 0;
12185 : 0;
12186 : 0;
12187 : 0;
12188 : 0;
12189 : 0;
12190 : 0;
12191 : 0;
12192 : 0;
12193 : 0;
12194 : 0;
12195 : 0;
12196 : 0;
12197 : 0;
12198 : 0;
12199 : 0;
12200 : 0;
12201 : 0;
12202 : 0;
12203 : 0;
12204 : 0;
12205 : 0;
12206 : 0;
12207 : 0;
12208 : 0;
12209 : 0;
12210 : 0;
12211 : 0;
12212 : 0;
12213 : 0;
12214 : 0;
12215 : 0;
12216 : 0;
12217 : 0;
12218 : 0;
12219 : 0;
12220 : 3937;
12221 : 3772;
12222 : 2218;
12223 : 567;
12224 : 0;
12225 : 1028;
12226 : 1363;
12227 : 1605;
12228 : 1671;
12229 : 1696;
12230 : 1738;
12231 : 1776;
12232 : 1781;
12233 : 1831;
12234 : 1851;
12235 : 1858;
12236 : 1863;
12237 : 1896;
12238 : 1873;
12239 : 1908;
12240 : 1936;
12241 : 1943;
12242 : 1953;
12243 : 2003;
12244 : 2008;
12245 : 2006;
12246 : 2016;
12247 : 2036;
12248 : 2068;
12249 : 2123;
12250 : 2108;
12251 : 2118;
12252 : 2133;
12253 : 2141;
12254 : 2168;
12255 : 2203;
12256 : 2218;
12257 : 2221;
12258 : 2243;
12259 : 2288;
12260 : 2361;
12261 : 2363;
12262 : 2283;
12263 : 2208;
12264 : 2123;
12265 : 1981;
12266 : 1943;
12267 : 1883;
12268 : 1813;
12269 : 1748;
12270 : 1706;
12271 : 1741;
12272 : 1713;
12273 : 1761;
12274 : 1768;
12275 : 1801;
12276 : 1838;
12277 : 1856;
12278 : 1851;
12279 : 1908;
12280 : 1951;
12281 : 1918;
12282 : 1923;
12283 : 1938;
12284 : 1898;
12285 : 1921;
12286 : 1901;
12287 : 1896;
12288 : 1826;
12289 : 1771;
12290 : 1778;
12291 : 1761;
12292 : 1746;
12293 : 1658;
12294 : 1673;
12295 : 1678;
12296 : 1738;
12297 : 1676;
12298 : 1646;
12299 : 1676;
12300 : 1758;
12301 : 1748;
12302 : 1731;
12303 : 1718;
12304 : 1793;
12305 : 1746;
12306 : 1771;
12307 : 1748;
12308 : 1718;
12309 : 1711;
12310 : 1726;
12311 : 1741;
12312 : 1728;
12313 : 1761;
12314 : 1731;
12315 : 1676;
12316 : 1663;
12317 : 1703;
12318 : 1713;
12319 : 1746;
12320 : 1758;
12321 : 1728;
12322 : 1736;
12323 : 1753;
12324 : 1753;
12325 : 1718;
12326 : 1731;
12327 : 1758;
12328 : 1731;
12329 : 1698;
12330 : 1681;
12331 : 1826;
12332 : 1983;
12333 : 1976;
12334 : 1953;
12335 : 1898;
12336 : 1793;
12337 : 1773;
12338 : 1773;
12339 : 1746;
12340 : 1713;
12341 : 1635;
12342 : 1706;
12343 : 1610;
12344 : 1570;
12345 : 1575;
12346 : 1563;
12347 : 1605;
12348 : 1595;
12349 : 1593;
12350 : 1598;
12351 : 1598;
12352 : 1633;
12353 : 1528;
12354 : 1493;
12355 : 2158;
12356 : 3497;
12357 : 4095;
12358 : 3804;
12359 : 1498;
12360 : 90;
12361 : 500;
12362 : 1190;
12363 : 1510;
12364 : 1783;
12365 : 1878;
12366 : 1888;
12367 : 1933;
12368 : 1946;
12369 : 1983;
12370 : 2006;
12371 : 1983;
12372 : 2023;
12373 : 2031;
12374 : 2021;
12375 : 2028;
12376 : 2061;
12377 : 2076;
12378 : 2071;
12379 : 2093;
12380 : 2121;
12381 : 2113;
12382 : 2103;
12383 : 2151;
12384 : 2191;
12385 : 0;
12386 : 0;
12387 : 0;
12388 : 0;
12389 : 0;
12390 : 0;
12391 : 0;
12392 : 0;
12393 : 0;
12394 : 0;
12395 : 0;
12396 : 0;
12397 : 0;
12398 : 0;
12399 : 0;
12400 : 0;
12401 : 0;
12402 : 0;
12403 : 0;
12404 : 0;
12405 : 0;
12406 : 0;
12407 : 0;
12408 : 3963;
12409 : 3640;
12410 : 1745;
12411 : 573;
12412 : 220;
12413 : 124;
12414 : 151;
12415 : 136;
12416 : 156;
12417 : 175;
12418 : 203;
12419 : 233;
12420 : 274;
12421 : 302;
12422 : 306;
12423 : 334;
12424 : 346;
12425 : 402;
12426 : 456;
12427 : 545;
12428 : 639;
12429 : 713;
12430 : 811;
12431 : 929;
12432 : 1048;
12433 : 1159;
12434 : 1243;
12435 : 1336;
12436 : 1400;
12437 : 1376;
12438 : 1277;
12439 : 1147;
12440 : 972;
12441 : 799;
12442 : 654;
12443 : 573;
12444 : 553;
12445 : 521;
12446 : 526;
12447 : 547;
12448 : 555;
12449 : 525;
12450 : 545;
12451 : 552;
12452 : 553;
12453 : 560;
12454 : 536;
12455 : 525;
12456 : 516;
12457 : 501;
12458 : 509;
12459 : 496;
12460 : 461;
12461 : 474;
12462 : 478;
12463 : 449;
12464 : 471;
12465 : 515;
12466 : 547;
12467 : 597;
12468 : 565;
12469 : 637;
12470 : 664;
12471 : 801;
12472 : 878;
12473 : 974;
12474 : 871;
12475 : 674;
12476 : 563;
12477 : 452;
12478 : 393;
12479 : 360;
12480 : 269;
12481 : 227;
12482 : 237;
12483 : 203;
12484 : 0;
12485 : 478;
12486 : 1773;
12487 : 3494;
12488 : 4095;
12489 : 3075;
12490 : 1380;
12491 : 511;
12492 : 375;
12493 : 370;
12494 : 360;
12495 : 341;
12496 : 324;
12497 : 334;
12498 : 385;
12499 : 402;
12500 : 402;
12501 : 464;
12502 : 488;
12503 : 552;
12504 : 0;
12505 : 0;
12506 : 0;
12507 : 0;
12508 : 0;
12509 : 0;
12510 : 0;
12511 : 0;
12512 : 0;
12513 : 0;
12514 : 0;
12515 : 0;
12516 : 0;
12517 : 0;
12518 : 0;
12519 : 0;
12520 : 0;
12521 : 0;
12522 : 0;
12523 : 0;
12524 : 0;
12525 : 0;
12526 : 0;
12527 : 0;
12528 : 0;
12529 : 0;
12530 : 0;
12531 : 0;
12532 : 0;
12533 : 0;
12534 : 0;
12535 : 0;
12536 : 0;
12537 : 0;
12538 : 0;
12539 : 0;
12540 : 0;
12541 : 0;
12542 : 0;
12543 : 0;
12544 : 0;
12545 : 0;
12546 : 0;
12547 : 0;
12548 : 0;
12549 : 0;
12550 : 0;
12551 : 0;
12552 : 0;
12553 : 0;
12554 : 0;
12555 : 0;
12556 : 0;
12557 : 0;
12558 : 0;
12559 : 0;
12560 : 0;
12561 : 0;
12562 : 0;
12563 : 0;
12564 : 0;
12565 : 0;
12566 : 0;
12567 : 0;
12568 : 0;
12569 : 0;
12570 : 0;
12571 : 0;
12572 : 0;
12573 : 0;
12574 : 0;
12575 : 0;
12576 : 0;
12577 : 0;
12578 : 0;
12579 : 0;
12580 : 0;
12581 : 0;
12582 : 0;
12583 : 0;
12584 : 0;
12585 : 0;
12586 : 0;
12587 : 0;
12588 : 0;
12589 : 0;
12590 : 0;
12591 : 0;
12592 : 0;
12593 : 0;
12594 : 0;
12595 : 0;
12596 : 3984;
12597 : 2854;
12598 : 670;
12599 : 0;
12600 : 174;
12601 : 171;
12602 : 103;
12603 : 82;
12604 : 59;
12605 : 77;
12606 : 82;
12607 : 60;
12608 : 91;
12609 : 105;
12610 : 114;
12611 : 142;
12612 : 145;
12613 : 168;
12614 : 196;
12615 : 220;
12616 : 275;
12617 : 297;
12618 : 326;
12619 : 345;
12620 : 385;
12621 : 442;
12622 : 473;
12623 : 551;
12624 : 632;
12625 : 699;
12626 : 793;
12627 : 834;
12628 : 931;
12629 : 978;
12630 : 999;
12631 : 975;
12632 : 861;
12633 : 740;
12634 : 593;
12635 : 466;
12636 : 360;
12637 : 257;
12638 : 207;
12639 : 165;
12640 : 144;
12641 : 140;
12642 : 108;
12643 : 128;
12644 : 121;
12645 : 114;
12646 : 144;
12647 : 144;
12648 : 163;
12649 : 152;
12650 : 146;
12651 : 138;
12652 : 139;
12653 : 127;
12654 : 124;
12655 : 113;
12656 : 117;
12657 : 115;
12658 : 115;
12659 : 114;
12660 : 102;
12661 : 113;
12662 : 88;
12663 : 93;
12664 : 106;
12665 : 120;
12666 : 110;
12667 : 82;
12668 : 89;
12669 : 83;
12670 : 70;
12671 : 87;
12672 : 55;
12673 : 81;
12674 : 60;
12675 : 72;
12676 : 86;
12677 : 73;
12678 : 86;
12679 : 80;
12680 : 75;
12681 : 94;
12682 : 84;
12683 : 134;
12684 : 153;
12685 : 172;
12686 : 166;
12687 : 195;
12688 : 210;
12689 : 198;
12690 : 191;
12691 : 188;
12692 : 176;
12693 : 123;
12694 : 91;
12695 : 110;
12696 : 94;
12697 : 102;
12698 : 95;
12699 : 89;
12700 : 86;
12701 : 98;
12702 : 91;
12703 : 94;
12704 : 41;
12705 : 271;
12706 : 1415;
12707 : 2675;
12708 : 4095;
12709 : 3508;
12710 : 1441;
12711 : 339;
12712 : 296;
12713 : 370;
12714 : 280;
12715 : 254;
12716 : 264;
12717 : 255;
12718 : 277;
12719 : 299;
12720 : 303;
12721 : 329;
12722 : 356;
12723 : 372;
12724 : 392;
12725 : 435;
12726 : 448;
12727 : 435;
12728 : 0;
12729 : 0;
12730 : 0;
12731 : 0;
12732 : 0;
12733 : 0;
12734 : 0;
12735 : 0;
12736 : 0;
12737 : 0;
12738 : 0;
12739 : 0;
12740 : 0;
12741 : 0;
12742 : 0;
12743 : 0;
12744 : 0;
12745 : 0;
12746 : 0;
12747 : 0;
12748 : 0;
12749 : 0;
12750 : 0;
12751 : 0;
12752 : 0;
12753 : 0;
12754 : 0;
12755 : 0;
12756 : 0;
12757 : 0;
12758 : 0;
12759 : 0;
12760 : 0;
12761 : 0;
12762 : 0;
12763 : 0;
12764 : 0;
12765 : 0;
12766 : 0;
12767 : 0;
12768 : 0;
12769 : 0;
12770 : 0;
12771 : 0;
12772 : 0;
12773 : 0;
12774 : 0;
12775 : 0;
12776 : 0;
12777 : 0;
12778 : 0;
12779 : 0;
12780 : 0;
12781 : 0;
12782 : 0;
12783 : 0;
12784 : 4095;
12785 : 3000;
12786 : 1176;
12787 : 392;
12788 : 380;
12789 : 260;
12790 : 227;
12791 : 201;
12792 : 178;
12793 : 159;
12794 : 152;
12795 : 194;
12796 : 192;
12797 : 206;
12798 : 241;
12799 : 260;
12800 : 286;
12801 : 319;
12802 : 338;
12803 : 363;
12804 : 378;
12805 : 422;
12806 : 474;
12807 : 518;
12808 : 577;
12809 : 676;
12810 : 746;
12811 : 857;
12812 : 948;
12813 : 1054;
12814 : 1181;
12815 : 1251;
12816 : 1340;
12817 : 1383;
12818 : 1345;
12819 : 1263;
12820 : 1141;
12821 : 986;
12822 : 807;
12823 : 648;
12824 : 544;
12825 : 479;
12826 : 439;
12827 : 406;
12828 : 399;
12829 : 396;
12830 : 354;
12831 : 349;
12832 : 366;
12833 : 382;
12834 : 387;
12835 : 396;
12836 : 415;
12837 : 455;
12838 : 469;
12839 : 450;
12840 : 455;
12841 : 443;
12842 : 427;
12843 : 434;
12844 : 455;
12845 : 446;
12846 : 380;
12847 : 335;
12848 : 387;
12849 : 439;
12850 : 399;
12851 : 342;
12852 : 293;
12853 : 321;
12854 : 316;
12855 : 307;
12856 : 293;
12857 : 288;
12858 : 309;
12859 : 319;
12860 : 321;
12861 : 328;
12862 : 413;
12863 : 572;
12864 : 636;
12865 : 664;
12866 : 749;
12867 : 840;
12868 : 906;
12869 : 969;
12870 : 805;
12871 : 547;
12872 : 439;
12873 : 340;
12874 : 197;
12875 : 176;
12876 : 169;
12877 : 190;
12878 : 150;
12879 : 84;
12880 : 82;
12881 : 117;
12882 : 145;
12883 : 75;
12884 : 37;
12885 : 0;
12886 : 54;
12887 : 864;
12888 : 2911;
12889 : 3984;
12890 : 2852;
12891 : 1070;
12892 : 455;
12893 : 422;
12894 : 258;
12895 : 171;
12896 : 199;
12897 : 225;
12898 : 187;
12899 : 154;
12900 : 201;
12901 : 258;
12902 : 216;
12903 : 171;
12904 : 216;
12905 : 312;
12906 : 326;
12907 : 338;
12908 : 370;
12909 : 389;
12910 : 0;
12911 : 0;
12912 : 0;
12913 : 0;
12914 : 0;
12915 : 0;
12916 : 0;
12917 : 0;
12918 : 0;
12919 : 0;
12920 : 0;
12921 : 0;
12922 : 0;
12923 : 0;
12924 : 0;
12925 : 0;
12926 : 0;
12927 : 0;
12928 : 0;
12929 : 0;
12930 : 0;
12931 : 0;
12932 : 0;
12933 : 0;
12934 : 0;
12935 : 0;
12936 : 0;
12937 : 0;
12938 : 0;
12939 : 0;
12940 : 0;
12941 : 0;
12942 : 0;
12943 : 0;
12944 : 0;
12945 : 0;
12946 : 0;
12947 : 0;
12948 : 0;
12949 : 0;
12950 : 0;
12951 : 0;
12952 : 0;
12953 : 0;
12954 : 0;
12955 : 0;
12956 : 0;
12957 : 0;
12958 : 0;
12959 : 0;
12960 : 0;
12961 : 0;
12962 : 0;
12963 : 0;
12964 : 0;
12965 : 0;
12966 : 0;
12967 : 0;
12968 : 0;
12969 : 0;
12970 : 0;
12971 : 0;
12972 : 4003;
12973 : 2444;
12974 : 1663;
12975 : 308;
12976 : 213;
12977 : 653;
12978 : 987;
12979 : 1196;
12980 : 1154;
12981 : 1241;
12982 : 1257;
12983 : 1242;
12984 : 1339;
12985 : 1285;
12986 : 1372;
12987 : 1370;
12988 : 1318;
12989 : 1391;
12990 : 1373;
12991 : 1417;
12992 : 1435;
12993 : 1372;
12994 : 1467;
12995 : 1442;
12996 : 1496;
12997 : 1517;
12998 : 1476;
12999 : 1632;
13000 : 1709;
13001 : 1745;
13002 : 1655;
13003 : 1544;
13004 : 1532;
13005 : 1388;
13006 : 1366;
13007 : 1334;
13008 : 1235;
13009 : 1289;
13010 : 1221;
13011 : 1262;
13012 : 1302;
13013 : 1246;
13014 : 1341;
13015 : 1266;
13016 : 1327;
13017 : 1282;
13018 : 1233;
13019 : 1345;
13020 : 1327;
13021 : 1474;
13022 : 1541;
13023 : 1551;
13024 : 1693;
13025 : 1824;
13026 : 1805;
13027 : 1898;
13028 : 1866;
13029 : 1822;
13030 : 1688;
13031 : 1479;
13032 : 1303;
13033 : 1210;
13034 : 1268;
13035 : 1185;
13036 : 1169;
13037 : 1144;
13038 : 1095;
13039 : 1196;
13040 : 1154;
13041 : 1169;
13042 : 1086;
13043 : 1100;
13044 : 1479;
13045 : 2426;
13046 : 4095;
13047 : 3337;
13048 : 1959;
13049 : 910;
13050 : 0;
13051 : 546;
13052 : 966;
13053 : 1172;
13054 : 1275;
13055 : 1205;
13056 : 1282;
13057 : 1311;
13058 : 1311;
13059 : 1409;
13060 : 1347;
13061 : 0;
13062 : 0;
13063 : 0;
13064 : 0;
13065 : 0;
13066 : 0;
13067 : 0;
13068 : 0;
13069 : 0;
13070 : 0;
13071 : 0;
13072 : 0;
13073 : 0;
13074 : 0;
13075 : 0;
13076 : 0;
13077 : 0;
13078 : 0;
13079 : 0;
13080 : 0;
13081 : 0;
13082 : 0;
13083 : 0;
13084 : 0;
13085 : 0;
13086 : 0;
13087 : 0;
13088 : 0;
13089 : 0;
13090 : 0;
13091 : 0;
13092 : 0;
13093 : 0;
13094 : 0;
13095 : 0;
13096 : 0;
13097 : 0;
13098 : 0;
13099 : 0;
13100 : 0;
13101 : 0;
13102 : 0;
13103 : 0;
13104 : 0;
13105 : 0;
13106 : 0;
13107 : 0;
13108 : 0;
13109 : 0;
13110 : 0;
13111 : 0;
13112 : 0;
13113 : 0;
13114 : 0;
13115 : 0;
13116 : 0;
13117 : 0;
13118 : 0;
13119 : 0;
13120 : 0;
13121 : 0;
13122 : 0;
13123 : 0;
13124 : 0;
13125 : 0;
13126 : 0;
13127 : 0;
13128 : 0;
13129 : 0;
13130 : 0;
13131 : 0;
13132 : 0;
13133 : 0;
13134 : 0;
13135 : 0;
13136 : 0;
13137 : 0;
13138 : 0;
13139 : 0;
13140 : 0;
13141 : 0;
13142 : 0;
13143 : 0;
13144 : 0;
13145 : 0;
13146 : 0;
13147 : 0;
13148 : 0;
13149 : 0;
13150 : 0;
13151 : 0;
13152 : 0;
13153 : 0;
13154 : 0;
13155 : 0;
13156 : 0;
13157 : 0;
13158 : 0;
13159 : 0;
13160 : 4004;
13161 : 3063;
13162 : 893;
13163 : 114;
13164 : 224;
13165 : 499;
13166 : 491;
13167 : 475;
13168 : 465;
13169 : 457;
13170 : 435;
13171 : 457;
13172 : 448;
13173 : 457;
13174 : 451;
13175 : 453;
13176 : 477;
13177 : 522;
13178 : 535;
13179 : 548;
13180 : 546;
13181 : 570;
13182 : 582;
13183 : 611;
13184 : 623;
13185 : 675;
13186 : 752;
13187 : 848;
13188 : 944;
13189 : 1059;
13190 : 1184;
13191 : 1334;
13192 : 1471;
13193 : 1620;
13194 : 1726;
13195 : 1815;
13196 : 1821;
13197 : 1737;
13198 : 1536;
13199 : 1276;
13200 : 1030;
13201 : 851;
13202 : 709;
13203 : 599;
13204 : 532;
13205 : 490;
13206 : 462;
13207 : 449;
13208 : 435;
13209 : 422;
13210 : 415;
13211 : 425;
13212 : 432;
13213 : 454;
13214 : 472;
13215 : 461;
13216 : 480;
13217 : 493;
13218 : 488;
13219 : 483;
13220 : 478;
13221 : 480;
13222 : 488;
13223 : 465;
13224 : 456;
13225 : 444;
13226 : 441;
13227 : 441;
13228 : 420;
13229 : 406;
13230 : 422;
13231 : 407;
13232 : 399;
13233 : 386;
13234 : 382;
13235 : 362;
13236 : 351;
13237 : 349;
13238 : 348;
13239 : 348;
13240 : 322;
13241 : 335;
13242 : 335;
13243 : 348;
13244 : 469;
13245 : 559;
13246 : 556;
13247 : 544;
13248 : 641;
13249 : 591;
13250 : 507;
13251 : 444;
13252 : 427;
13253 : 393;
13254 : 327;
13255 : 296;
13256 : 275;
13257 : 269;
13258 : 246;
13259 : 264;
13260 : 233;
13261 : 238;
13262 : 245;
13263 : 275;
13264 : 275;
13265 : 280;
13266 : 251;
13267 : 0;
13268 : 156;
13269 : 828;
13270 : 2718;
13271 : 4095;
13272 : 3137;
13273 : 751;
13274 : 72;
13275 : 238;
13276 : 525;
13277 : 448;
13278 : 394;
13279 : 391;
13280 : 401;
13281 : 390;
13282 : 404;
13283 : 425;
13284 : 435;
13285 : 454;
13286 : 470;
13287 : 485;
13288 : 501;
13289 : 514;
13290 : 540;
13291 : 546;
13292 : 577;
13293 : 591;
13294 : 627;
13295 : 0;
13296 : 0;
13297 : 0;
13298 : 0;
13299 : 0;
13300 : 0;
13301 : 0;
13302 : 0;
13303 : 0;
13304 : 0;
13305 : 0;
13306 : 0;
13307 : 0;
13308 : 0;
13309 : 0;
13310 : 0;
13311 : 0;
13312 : 0;
13313 : 0;
13314 : 0;
13315 : 0;
13316 : 0;
13317 : 0;
13318 : 0;
13319 : 0;
13320 : 0;
13321 : 0;
13322 : 0;
13323 : 0;
13324 : 0;
13325 : 0;
13326 : 0;
13327 : 0;
13328 : 0;
13329 : 0;
13330 : 0;
13331 : 0;
13332 : 0;
13333 : 0;
13334 : 0;
13335 : 0;
13336 : 0;
13337 : 0;
13338 : 0;
13339 : 0;
13340 : 0;
13341 : 0;
13342 : 0;
13343 : 0;
13344 : 0;
13345 : 0;
13346 : 0;
13347 : 0;
13348 : 3830;
13349 : 3130;
13350 : 1453;
13351 : 598;
13352 : 0;
13353 : 198;
13354 : 541;
13355 : 571;
13356 : 573;
13357 : 608;
13358 : 580;
13359 : 548;
13360 : 563;
13361 : 595;
13362 : 615;
13363 : 680;
13364 : 728;
13365 : 776;
13366 : 781;
13367 : 810;
13368 : 840;
13369 : 861;
13370 : 923;
13371 : 973;
13372 : 1046;
13373 : 1106;
13374 : 1146;
13375 : 1231;
13376 : 1338;
13377 : 1371;
13378 : 1455;
13379 : 1505;
13380 : 1518;
13381 : 1523;
13382 : 1570;
13383 : 1570;
13384 : 1518;
13385 : 1406;
13386 : 1303;
13387 : 1191;
13388 : 1090;
13389 : 1018;
13390 : 928;
13391 : 958;
13392 : 970;
13393 : 945;
13394 : 940;
13395 : 888;
13396 : 888;
13397 : 888;
13398 : 910;
13399 : 946;
13400 : 978;
13401 : 1006;
13402 : 970;
13403 : 971;
13404 : 986;
13405 : 976;
13406 : 945;
13407 : 921;
13408 : 923;
13409 : 926;
13410 : 898;
13411 : 880;
13412 : 851;
13413 : 826;
13414 : 810;
13415 : 840;
13416 : 861;
13417 : 878;
13418 : 868;
13419 : 881;
13420 : 888;
13421 : 918;
13422 : 910;
13423 : 846;
13424 : 860;
13425 : 873;
13426 : 911;
13427 : 935;
13428 : 903;
13429 : 923;
13430 : 886;
13431 : 865;
13432 : 853;
13433 : 881;
13434 : 886;
13435 : 890;
13436 : 886;
13437 : 873;
13438 : 895;
13439 : 898;
13440 : 921;
13441 : 900;
13442 : 921;
13443 : 881;
13444 : 870;
13445 : 881;
13446 : 883;
13447 : 890;
13448 : 930;
13449 : 976;
13450 : 976;
13451 : 1168;
13452 : 1166;
13453 : 1235;
13454 : 1315;
13455 : 1180;
13456 : 1135;
13457 : 1141;
13458 : 1020;
13459 : 876;
13460 : 793;
13461 : 778;
13462 : 758;
13463 : 783;
13464 : 750;
13465 : 706;
13466 : 561;
13467 : 710;
13468 : 1445;
13469 : 3111;
13470 : 4095;
13471 : 3331;
13472 : 1846;
13473 : 1031;
13474 : 338;
13475 : 321;
13476 : 610;
13477 : 716;
13478 : 760;
13479 : 796;
13480 : 808;
13481 : 780;
13482 : 826;
13483 : 865;
13484 : 871;
13485 : 946;
13486 : 1018;
13487 : 986;
13488 : 973;
13489 : 996;
13490 : 1000;
13491 : 1003;
13492 : 1045;
13493 : 1115;
13494 : 1203;
13495 : 1243;
13496 : 1298;
13497 : 1336;
13498 : 1401;
13499 : 1435;
13500 : 1481;
13501 : 0;
13502 : 0;
13503 : 0;
13504 : 0;
13505 : 0;
13506 : 0;
13507 : 0;
13508 : 0;
13509 : 0;
13510 : 0;
13511 : 0;
13512 : 0;
13513 : 0;
13514 : 0;
13515 : 0;
13516 : 0;
13517 : 0;
13518 : 0;
13519 : 0;
13520 : 0;
13521 : 0;
13522 : 0;
13523 : 0;
13524 : 0;
13525 : 0;
13526 : 0;
13527 : 0;
13528 : 0;
13529 : 0;
13530 : 0;
13531 : 0;
13532 : 0;
13533 : 0;
13534 : 0;
13535 : 0;
13536 : 3877;
13537 : 3310;
13538 : 770;
13539 : 113;
13540 : 98;
13541 : 253;
13542 : 458;
13543 : 620;
13544 : 653;
13545 : 633;
13546 : 653;
13547 : 664;
13548 : 689;
13549 : 702;
13550 : 686;
13551 : 693;
13552 : 711;
13553 : 677;
13554 : 682;
13555 : 713;
13556 : 729;
13557 : 729;
13558 : 779;
13559 : 801;
13560 : 844;
13561 : 896;
13562 : 945;
13563 : 979;
13564 : 1007;
13565 : 1096;
13566 : 1136;
13567 : 1182;
13568 : 1257;
13569 : 1242;
13570 : 1195;
13571 : 1133;
13572 : 1031;
13573 : 932;
13574 : 879;
13575 : 830;
13576 : 764;
13577 : 766;
13578 : 771;
13579 : 740;
13580 : 746;
13581 : 782;
13582 : 748;
13583 : 717;
13584 : 731;
13585 : 751;
13586 : 759;
13587 : 762;
13588 : 735;
13589 : 728;
13590 : 760;
13591 : 779;
13592 : 746;
13593 : 744;
13594 : 726;
13595 : 709;
13596 : 748;
13597 : 733;
13598 : 702;
13599 : 675;
13600 : 715;
13601 : 700;
13602 : 686;
13603 : 693;
13604 : 675;
13605 : 666;
13606 : 664;
13607 : 717;
13608 : 760;
13609 : 797;
13610 : 812;
13611 : 877;
13612 : 959;
13613 : 1067;
13614 : 1124;
13615 : 1047;
13616 : 976;
13617 : 850;
13618 : 791;
13619 : 737;
13620 : 600;
13621 : 543;
13622 : 540;
13623 : 505;
13624 : 498;
13625 : 521;
13626 : 520;
13627 : 476;
13628 : 392;
13629 : 341;
13630 : 1220;
13631 : 2427;
13632 : 3386;
13633 : 4095;
13634 : 2408;
13635 : 354;
13636 : 27;
13637 : 0;
13638 : 193;
13639 : 456;
13640 : 514;
13641 : 565;
13642 : 580;
13643 : 520;
13644 : 532;
13645 : 556;
13646 : 600;
13647 : 583;
13648 : 591;
13649 : 614;
13650 : 627;
13651 : 622;
13652 : 656;
13653 : 0;
13654 : 0;
13655 : 0;
13656 : 0;
13657 : 0;
13658 : 0;
13659 : 0;
13660 : 0;
13661 : 0;
13662 : 0;
13663 : 0;
13664 : 0;
13665 : 0;
13666 : 0;
13667 : 0;
13668 : 0;
13669 : 0;
13670 : 0;
13671 : 0;
13672 : 0;
13673 : 0;
13674 : 0;
13675 : 0;
13676 : 0;
13677 : 0;
13678 : 0;
13679 : 0;
13680 : 0;
13681 : 0;
13682 : 0;
13683 : 0;
13684 : 0;
13685 : 0;
13686 : 0;
13687 : 0;
13688 : 0;
13689 : 0;
13690 : 0;
13691 : 0;
13692 : 0;
13693 : 0;
13694 : 0;
13695 : 0;
13696 : 0;
13697 : 0;
13698 : 0;
13699 : 0;
13700 : 0;
13701 : 0;
13702 : 0;
13703 : 0;
13704 : 0;
13705 : 0;
13706 : 0;
13707 : 0;
13708 : 0;
13709 : 0;
13710 : 0;
13711 : 0;
13712 : 0;
13713 : 0;
13714 : 0;
13715 : 0;
13716 : 0;
13717 : 0;
13718 : 0;
13719 : 0;
13720 : 0;
13721 : 0;
13722 : 0;
13723 : 0;
13724 : 4095;
13725 : 1978;
13726 : 520;
13727 : 95;
13728 : 369;
13729 : 896;
13730 : 943;
13731 : 1037;
13732 : 1134;
13733 : 1220;
13734 : 1254;
13735 : 1229;
13736 : 1263;
13737 : 1305;
13738 : 1311;
13739 : 1332;
13740 : 1302;
13741 : 1328;
13742 : 1344;
13743 : 1368;
13744 : 1374;
13745 : 1384;
13746 : 1431;
13747 : 1443;
13748 : 1460;
13749 : 1506;
13750 : 1609;
13751 : 1626;
13752 : 1670;
13753 : 1755;
13754 : 1936;
13755 : 1978;
13756 : 2102;
13757 : 2182;
13758 : 2266;
13759 : 2337;
13760 : 2346;
13761 : 2417;
13762 : 2335;
13763 : 2255;
13764 : 2078;
13765 : 1866;
13766 : 1694;
13767 : 1563;
13768 : 1469;
13769 : 1345;
13770 : 1271;
13771 : 1210;
13772 : 1170;
13773 : 1216;
13774 : 1204;
13775 : 1220;
13776 : 1271;
13777 : 1225;
13778 : 1212;
13779 : 1220;
13780 : 1237;
13781 : 1279;
13782 : 1271;
13783 : 1267;
13784 : 1258;
13785 : 1235;
13786 : 1220;
13787 : 1229;
13788 : 1187;
13789 : 1216;
13790 : 1155;
13791 : 1149;
13792 : 1079;
13793 : 1098;
13794 : 1107;
13795 : 1077;
13796 : 1079;
13797 : 1086;
13798 : 1100;
13799 : 1113;
13800 : 1079;
13801 : 1084;
13802 : 1120;
13803 : 1130;
13804 : 1126;
13805 : 1080;
13806 : 1082;
13807 : 1096;
13808 : 1086;
13809 : 1094;
13810 : 1040;
13811 : 1033;
13812 : 1023;
13813 : 1000;
13814 : 997;
13815 : 1023;
13816 : 1035;
13817 : 1063;
13818 : 1075;
13819 : 1111;
13820 : 1128;
13821 : 1178;
13822 : 1262;
13823 : 1294;
13824 : 1368;
13825 : 1344;
13826 : 1456;
13827 : 1294;
13828 : 1124;
13829 : 1033;
13830 : 970;
13831 : 903;
13832 : 857;
13833 : 911;
13834 : 930;
13835 : 899;
13836 : 920;
13837 : 928;
13838 : 970;
13839 : 949;
13840 : 928;
13841 : 903;
13842 : 833;
13843 : 918;
13844 : 1241;
13845 : 1387;
13846 : 2707;
13847 : 3957;
13848 : 1994;
13849 : 480;
13850 : 0;
13851 : 230;
13852 : 733;
13853 : 800;
13854 : 907;
13855 : 939;
13856 : 998;
13857 : 1012;
13858 : 1048;
13859 : 1098;
13860 : 1101;
13861 : 1120;
13862 : 1105;
13863 : 1120;
13864 : 1223;
13865 : 1174;
13866 : 1180;
13867 : 1170;
13868 : 1262;
13869 : 1229;
13870 : 0;
13871 : 0;
13872 : 0;
13873 : 0;
13874 : 0;
13875 : 0;
13876 : 0;
13877 : 0;
13878 : 0;
13879 : 0;
13880 : 0;
13881 : 0;
13882 : 0;
13883 : 0;
13884 : 0;
13885 : 0;
13886 : 0;
13887 : 0;
13888 : 0;
13889 : 0;
13890 : 0;
13891 : 0;
13892 : 0;
13893 : 0;
13894 : 0;
13895 : 0;
13896 : 0;
13897 : 0;
13898 : 0;
13899 : 0;
13900 : 0;
13901 : 0;
13902 : 0;
13903 : 0;
13904 : 0;
13905 : 0;
13906 : 0;
13907 : 0;
13908 : 0;
13909 : 0;
13910 : 0;
13911 : 0;
13912 : 4095;
13913 : 3283;
13914 : 1670;
13915 : 717;
13916 : 521;
13917 : 515;
13918 : 592;
13919 : 579;
13920 : 564;
13921 : 553;
13922 : 576;
13923 : 598;
13924 : 620;
13925 : 616;
13926 : 667;
13927 : 718;
13928 : 714;
13929 : 718;
13930 : 766;
13931 : 785;
13932 : 885;
13933 : 957;
13934 : 1025;
13935 : 1098;
13936 : 1139;
13937 : 1223;
13938 : 1280;
13939 : 1327;
13940 : 1286;
13941 : 1266;
13942 : 1104;
13943 : 947;
13944 : 817;
13945 : 701;
13946 : 576;
13947 : 505;
13948 : 504;
13949 : 478;
13950 : 450;
13951 : 428;
13952 : 405;
13953 : 436;
13954 : 447;
13955 : 475;
13956 : 453;
13957 : 434;
13958 : 430;
13959 : 424;
13960 : 374;
13961 : 397;
13962 : 387;
13963 : 404;
13964 : 404;
13965 : 438;
13966 : 475;
13967 : 542;
13968 : 646;
13969 : 731;
13970 : 714;
13971 : 623;
13972 : 405;
13973 : 297;
13974 : 263;
13975 : 235;
13976 : 257;
13977 : 212;
13978 : 188;
13979 : 163;
13980 : 0;
13981 : 66;
13982 : 795;
13983 : 2362;
13984 : 3692;
13985 : 3519;
13986 : 1958;
13987 : 839;
13988 : 368;
13989 : 333;
13990 : 364;
13991 : 342;
13992 : 310;
13993 : 351;
13994 : 377;
13995 : 416;
13996 : 433;
13997 : 445;
13998 : 461;
13999 : 496;
14000 : 0;
14001 : 0;
14002 : 0;
14003 : 0;
14004 : 0;
14005 : 0;
14006 : 0;
14007 : 0;
14008 : 0;
14009 : 0;
14010 : 0;
14011 : 0;
14012 : 0;
14013 : 0;
14014 : 0;
14015 : 0;
14016 : 0;
14017 : 0;
14018 : 0;
14019 : 0;
14020 : 0;
14021 : 0;
14022 : 0;
14023 : 0;
14024 : 0;
14025 : 0;
14026 : 0;
14027 : 0;
14028 : 0;
14029 : 0;
14030 : 0;
14031 : 0;
14032 : 0;
14033 : 0;
14034 : 0;
14035 : 0;
14036 : 0;
14037 : 0;
14038 : 0;
14039 : 0;
14040 : 0;
14041 : 0;
14042 : 0;
14043 : 0;
14044 : 0;
14045 : 0;
14046 : 0;
14047 : 0;
14048 : 0;
14049 : 0;
14050 : 0;
14051 : 0;
14052 : 0;
14053 : 0;
14054 : 0;
14055 : 0;
14056 : 0;
14057 : 0;
14058 : 0;
14059 : 0;
14060 : 0;
14061 : 0;
14062 : 0;
14063 : 0;
14064 : 0;
14065 : 0;
14066 : 0;
14067 : 0;
14068 : 0;
14069 : 0;
14070 : 0;
14071 : 0;
14072 : 0;
14073 : 0;
14074 : 0;
14075 : 0;
14076 : 0;
14077 : 0;
14078 : 0;
14079 : 0;
14080 : 0;
14081 : 0;
14082 : 0;
14083 : 0;
14084 : 0;
14085 : 0;
14086 : 0;
14087 : 0;
14088 : 0;
14089 : 0;
14090 : 0;
14091 : 0;
14092 : 0;
14093 : 0;
14094 : 0;
14095 : 0;
14096 : 0;
14097 : 0;
14098 : 0;
14099 : 0;
14100 : 4095;
14101 : 3141;
14102 : 2063;
14103 : 1266;
14104 : 740;
14105 : 577;
14106 : 411;
14107 : 398;
14108 : 400;
14109 : 352;
14110 : 379;
14111 : 373;
14112 : 392;
14113 : 358;
14114 : 366;
14115 : 372;
14116 : 370;
14117 : 354;
14118 : 375;
14119 : 358;
14120 : 372;
14121 : 379;
14122 : 381;
14123 : 368;
14124 : 414;
14125 : 468;
14126 : 503;
14127 : 530;
14128 : 661;
14129 : 722;
14130 : 761;
14131 : 847;
14132 : 893;
14133 : 918;
14134 : 909;
14135 : 906;
14136 : 847;
14137 : 771;
14138 : 717;
14139 : 646;
14140 : 562;
14141 : 536;
14142 : 510;
14143 : 478;
14144 : 471;
14145 : 473;
14146 : 457;
14147 : 465;
14148 : 476;
14149 : 461;
14150 : 480;
14151 : 482;
14152 : 463;
14153 : 497;
14154 : 511;
14155 : 530;
14156 : 505;
14157 : 539;
14158 : 539;
14159 : 535;
14160 : 543;
14161 : 516;
14162 : 537;
14163 : 537;
14164 : 519;
14165 : 549;
14166 : 510;
14167 : 519;
14168 : 478;
14169 : 492;
14170 : 485;
14171 : 460;
14172 : 461;
14173 : 476;
14174 : 471;
14175 : 469;
14176 : 457;
14177 : 447;
14178 : 484;
14179 : 450;
14180 : 432;
14181 : 442;
14182 : 459;
14183 : 446;
14184 : 514;
14185 : 587;
14186 : 583;
14187 : 579;
14188 : 700;
14189 : 732;
14190 : 751;
14191 : 747;
14192 : 578;
14193 : 448;
14194 : 406;
14195 : 389;
14196 : 385;
14197 : 387;
14198 : 380;
14199 : 370;
14200 : 316;
14201 : 173;
14202 : 0;
14203 : 459;
14204 : 1478;
14205 : 3176;
14206 : 4037;
14207 : 3295;
14208 : 2369;
14209 : 1376;
14210 : 783;
14211 : 526;
14212 : 436;
14213 : 384;
14214 : 370;
14215 : 390;
14216 : 368;
14217 : 380;
14218 : 404;
14219 : 376;
14220 : 375;
14221 : 388;
14222 : 394;
14223 : 401;
14224 : 457;
14225 : 427;
14226 : 435;
14227 : 0;
14228 : 0;
14229 : 0;
14230 : 0;
14231 : 0;
14232 : 0;
14233 : 0;
14234 : 0;
14235 : 0;
14236 : 0;
14237 : 0;
14238 : 0;
14239 : 0;
14240 : 0;
14241 : 0;
14242 : 0;
14243 : 0;
14244 : 0;
14245 : 0;
14246 : 0;
14247 : 0;
14248 : 0;
14249 : 0;
14250 : 0;
14251 : 0;
14252 : 0;
14253 : 0;
14254 : 0;
14255 : 0;
14256 : 0;
14257 : 0;
14258 : 0;
14259 : 0;
14260 : 0;
14261 : 0;
14262 : 0;
14263 : 0;
14264 : 0;
14265 : 0;
14266 : 0;
14267 : 0;
14268 : 0;
14269 : 0;
14270 : 0;
14271 : 0;
14272 : 0;
14273 : 0;
14274 : 0;
14275 : 0;
14276 : 0;
14277 : 0;
14278 : 0;
14279 : 0;
14280 : 0;
14281 : 0;
14282 : 0;
14283 : 0;
14284 : 0;
14285 : 0;
14286 : 0;
14287 : 0;
14288 : 4047;
14289 : 2796;
14290 : 1258;
14291 : 500;
14292 : 479;
14293 : 199;
14294 : 189;
14295 : 151;
14296 : 116;
14297 : 258;
14298 : 137;
14299 : 161;
14300 : 201;
14301 : 140;
14302 : 204;
14303 : 130;
14304 : 206;
14305 : 306;
14306 : 261;
14307 : 318;
14308 : 246;
14309 : 258;
14310 : 351;
14311 : 389;
14312 : 470;
14313 : 417;
14314 : 472;
14315 : 529;
14316 : 579;
14317 : 773;
14318 : 807;
14319 : 937;
14320 : 1025;
14321 : 1063;
14322 : 1246;
14323 : 1175;
14324 : 1106;
14325 : 1148;
14326 : 1030;
14327 : 987;
14328 : 785;
14329 : 754;
14330 : 690;
14331 : 602;
14332 : 619;
14333 : 517;
14334 : 531;
14335 : 519;
14336 : 465;
14337 : 508;
14338 : 441;
14339 : 441;
14340 : 465;
14341 : 429;
14342 : 543;
14343 : 489;
14344 : 529;
14345 : 581;
14346 : 541;
14347 : 683;
14348 : 541;
14349 : 591;
14350 : 643;
14351 : 688;
14352 : 776;
14353 : 640;
14354 : 636;
14355 : 757;
14356 : 726;
14357 : 802;
14358 : 728;
14359 : 747;
14360 : 719;
14361 : 640;
14362 : 724;
14363 : 515;
14364 : 564;
14365 : 583;
14366 : 522;
14367 : 602;
14368 : 439;
14369 : 541;
14370 : 543;
14371 : 470;
14372 : 586;
14373 : 512;
14374 : 527;
14375 : 569;
14376 : 489;
14377 : 505;
14378 : 296;
14379 : 372;
14380 : 358;
14381 : 332;
14382 : 427;
14383 : 294;
14384 : 296;
14385 : 303;
14386 : 206;
14387 : 408;
14388 : 256;
14389 : 313;
14390 : 280;
14391 : 220;
14392 : 367;
14393 : 201;
14394 : 223;
14395 : 249;
14396 : 220;
14397 : 403;
14398 : 291;
14399 : 564;
14400 : 595;
14401 : 650;
14402 : 714;
14403 : 612;
14404 : 757;
14405 : 726;
14406 : 500;
14407 : 522;
14408 : 377;
14409 : 303;
14410 : 318;
14411 : 254;
14412 : 306;
14413 : 220;
14414 : 294;
14415 : 280;
14416 : 0;
14417 : 415;
14418 : 1604;
14419 : 3211;
14420 : 4095;
14421 : 2746;
14422 : 1227;
14423 : 517;
14424 : 500;
14425 : 356;
14426 : 296;
14427 : 318;
14428 : 187;
14429 : 256;
14430 : 216;
14431 : 223;
14432 : 313;
14433 : 223;
14434 : 280;
14435 : 258;
14436 : 249;
14437 : 377;
14438 : 329;
14439 : 429;
14440 : 434;
14441 : 408;
14442 : 489;
14443 : 436;
14444 : 472;
14445 : 441;
14446 : 0;
14447 : 0;
14448 : 0;
14449 : 0;
14450 : 0;
14451 : 0;
14452 : 0;
14453 : 0;
14454 : 0;
14455 : 0;
14456 : 0;
14457 : 0;
14458 : 0;
14459 : 0;
14460 : 0;
14461 : 0;
14462 : 0;
14463 : 0;
14464 : 0;
14465 : 0;
14466 : 0;
14467 : 0;
14468 : 0;
14469 : 0;
14470 : 0;
14471 : 0;
14472 : 0;
14473 : 0;
14474 : 0;
14475 : 0;
14476 : 3658;
14477 : 3418;
14478 : 2171;
14479 : 1364;
14480 : 681;
14481 : 305;
14482 : 200;
14483 : 114;
14484 : 81;
14485 : 52;
14486 : 35;
14487 : 54;
14488 : 58;
14489 : 103;
14490 : 100;
14491 : 100;
14492 : 136;
14493 : 135;
14494 : 179;
14495 : 183;
14496 : 229;
14497 : 265;
14498 : 304;
14499 : 355;
14500 : 401;
14501 : 461;
14502 : 593;
14503 : 646;
14504 : 783;
14505 : 923;
14506 : 1057;
14507 : 1124;
14508 : 1173;
14509 : 1217;
14510 : 1241;
14511 : 1159;
14512 : 985;
14513 : 805;
14514 : 632;
14515 : 528;
14516 : 428;
14517 : 367;
14518 : 359;
14519 : 324;
14520 : 312;
14521 : 320;
14522 : 302;
14523 : 292;
14524 : 281;
14525 : 288;
14526 : 286;
14527 : 262;
14528 : 249;
14529 : 288;
14530 : 292;
14531 : 281;
14532 : 284;
14533 : 277;
14534 : 292;
14535 : 304;
14536 : 251;
14537 : 286;
14538 : 248;
14539 : 265;
14540 : 248;
14541 : 246;
14542 : 256;
14543 : 224;
14544 : 208;
14545 : 234;
14546 : 224;
14547 : 213;
14548 : 237;
14549 : 267;
14550 : 226;
14551 : 224;
14552 : 227;
14553 : 218;
14554 : 227;
14555 : 234;
14556 : 229;
14557 : 232;
14558 : 229;
14559 : 234;
14560 : 216;
14561 : 238;
14562 : 235;
14563 : 216;
14564 : 210;
14565 : 269;
14566 : 262;
14567 : 356;
14568 : 398;
14569 : 450;
14570 : 549;
14571 : 705;
14572 : 711;
14573 : 652;
14574 : 619;
14575 : 512;
14576 : 546;
14577 : 415;
14578 : 359;
14579 : 272;
14580 : 206;
14581 : 200;
14582 : 175;
14583 : 168;
14584 : 162;
14585 : 0;
14586 : 251;
14587 : 885;
14588 : 2684;
14589 : 3821;
14590 : 4095;
14591 : 3652;
14592 : 2254;
14593 : 1417;
14594 : 850;
14595 : 585;
14596 : 442;
14597 : 407;
14598 : 359;
14599 : 348;
14600 : 334;
14601 : 332;
14602 : 353;
14603 : 335;
14604 : 369;
14605 : 388;
14606 : 393;
14607 : 405;
14608 : 423;
14609 : 455;
14610 : 474;
14611 : 517;
14612 : 587;
14613 : 622;
14614 : 681;
14615 : 767;
14616 : 866;
14617 : 983;
14618 : 1109;
14619 : 1230;
14620 : 1351;
14621 : 1417;
14622 : 1515;
14623 : 1553;
14624 : 1528;
14625 : 1394;
14626 : 1216;
14627 : 0;
14628 : 0;
14629 : 0;
14630 : 0;
14631 : 0;
14632 : 0;
14633 : 0;
14634 : 0;
14635 : 0;
14636 : 0;
14637 : 0;
14638 : 0;
14639 : 0;
14640 : 0;
14641 : 0;
14642 : 0;
14643 : 0;
14644 : 0;
14645 : 0;
14646 : 0;
14647 : 0;
14648 : 0;
14649 : 0;
14650 : 0;
14651 : 0;
14652 : 0;
14653 : 0;
14654 : 0;
14655 : 0;
14656 : 0;
14657 : 0;
14658 : 0;
14659 : 0;
14660 : 0;
14661 : 0;
14662 : 0;
14663 : 0;
14664 : 4095;
14665 : 3855;
14666 : 2858;
14667 : 1809;
14668 : 1161;
14669 : 736;
14670 : 640;
14671 : 512;
14672 : 412;
14673 : 462;
14674 : 427;
14675 : 418;
14676 : 398;
14677 : 415;
14678 : 424;
14679 : 404;
14680 : 398;
14681 : 426;
14682 : 417;
14683 : 407;
14684 : 407;
14685 : 410;
14686 : 446;
14687 : 423;
14688 : 431;
14689 : 488;
14690 : 497;
14691 : 566;
14692 : 603;
14693 : 655;
14694 : 730;
14695 : 850;
14696 : 850;
14697 : 894;
14698 : 967;
14699 : 989;
14700 : 962;
14701 : 904;
14702 : 835;
14703 : 752;
14704 : 669;
14705 : 598;
14706 : 573;
14707 : 542;
14708 : 523;
14709 : 511;
14710 : 484;
14711 : 507;
14712 : 508;
14713 : 508;
14714 : 502;
14715 : 519;
14716 : 532;
14717 : 541;
14718 : 528;
14719 : 527;
14720 : 565;
14721 : 566;
14722 : 574;
14723 : 551;
14724 : 561;
14725 : 550;
14726 : 540;
14727 : 554;
14728 : 514;
14729 : 528;
14730 : 564;
14731 : 526;
14732 : 512;
14733 : 523;
14734 : 514;
14735 : 504;
14736 : 492;
14737 : 506;
14738 : 498;
14739 : 573;
14740 : 613;
14741 : 606;
14742 : 601;
14743 : 698;
14744 : 785;
14745 : 802;
14746 : 739;
14747 : 554;
14748 : 503;
14749 : 441;
14750 : 413;
14751 : 380;
14752 : 367;
14753 : 412;
14754 : 402;
14755 : 320;
14756 : 155;
14757 : 0;
14758 : 516;
14759 : 1473;
14760 : 3199;
14761 : 3897;
14762 : 3181;
14763 : 2262;
14764 : 1326;
14765 : 712;
14766 : 547;
14767 : 443;
14768 : 356;
14769 : 324;
14770 : 296;
14771 : 317;
14772 : 308;
14773 : 295;
14774 : 289;
14775 : 277;
14776 : 332;
14777 : 299;
14778 : 279;
14779 : 234;
14780 : 338;
14781 : 319;
14782 : 327;
14783 : 347;
14784 : 365;
14785 : 336;
14786 : 395;
14787 : 0;
14788 : 0;
14789 : 0;
14790 : 0;
14791 : 0;
14792 : 0;
14793 : 0;
14794 : 0;
14795 : 0;
14796 : 0;
14797 : 0;
14798 : 0;
14799 : 0;
14800 : 0;
14801 : 0;
14802 : 0;
14803 : 0;
14804 : 0;
14805 : 0;
14806 : 0;
14807 : 0;
14808 : 0;
14809 : 0;
14810 : 0;
14811 : 0;
14812 : 0;
14813 : 0;
14814 : 0;
14815 : 0;
14816 : 0;
14817 : 0;
14818 : 0;
14819 : 0;
14820 : 0;
14821 : 0;
14822 : 0;
14823 : 0;
14824 : 0;
14825 : 0;
14826 : 0;
14827 : 0;
14828 : 0;
14829 : 0;
14830 : 0;
14831 : 0;
14832 : 0;
14833 : 0;
14834 : 0;
14835 : 0;
14836 : 0;
14837 : 0;
14838 : 0;
14839 : 0;
14840 : 0;
14841 : 0;
14842 : 0;
14843 : 0;
14844 : 0;
14845 : 0;
14846 : 0;
14847 : 0;
14848 : 0;
14849 : 0;
14850 : 0;
14851 : 0;
14852 : 3868;
14853 : 2868;
14854 : 927;
14855 : 364;
14856 : 31;
14857 : 231;
14858 : 346;
14859 : 304;
14860 : 281;
14861 : 362;
14862 : 367;
14863 : 377;
14864 : 356;
14865 : 351;
14866 : 419;
14867 : 414;
14868 : 455;
14869 : 520;
14870 : 507;
14871 : 471;
14872 : 547;
14873 : 604;
14874 : 716;
14875 : 784;
14876 : 969;
14877 : 1026;
14878 : 1130;
14879 : 1268;
14880 : 1375;
14881 : 1622;
14882 : 1797;
14883 : 1844;
14884 : 1974;
14885 : 1982;
14886 : 1839;
14887 : 1674;
14888 : 1471;
14889 : 1310;
14890 : 1081;
14891 : 958;
14892 : 825;
14893 : 692;
14894 : 711;
14895 : 557;
14896 : 544;
14897 : 534;
14898 : 526;
14899 : 557;
14900 : 487;
14901 : 507;
14902 : 481;
14903 : 408;
14904 : 461;
14905 : 367;
14906 : 461;
14907 : 403;
14908 : 497;
14909 : 463;
14910 : 471;
14911 : 435;
14912 : 445;
14913 : 369;
14914 : 544;
14915 : 505;
14916 : 492;
14917 : 466;
14918 : 455;
14919 : 427;
14920 : 448;
14921 : 484;
14922 : 458;
14923 : 528;
14924 : 466;
14925 : 534;
14926 : 500;
14927 : 419;
14928 : 427;
14929 : 466;
14930 : 487;
14931 : 424;
14932 : 481;
14933 : 429;
14934 : 580;
14935 : 450;
14936 : 505;
14937 : 534;
14938 : 570;
14939 : 799;
14940 : 898;
14941 : 916;
14942 : 922;
14943 : 1091;
14944 : 1117;
14945 : 1010;
14946 : 916;
14947 : 956;
14948 : 677;
14949 : 492;
14950 : 442;
14951 : 372;
14952 : 388;
14953 : 416;
14954 : 411;
14955 : 429;
14956 : 471;
14957 : 567;
14958 : 544;
14959 : 0;
14960 : 354;
14961 : 2677;
14962 : 4095;
14963 : 3282;
14964 : 1305;
14965 : 609;
14966 : 336;
14967 : 411;
14968 : 539;
14969 : 505;
14970 : 536;
14971 : 523;
14972 : 515;
14973 : 552;
14974 : 573;
14975 : 583;
14976 : 583;
14977 : 526;
14978 : 625;
14979 : 659;
14980 : 692;
14981 : 698;
14982 : 716;
14983 : 804;
14984 : 0;
14985 : 0;
14986 : 0;
14987 : 0;
14988 : 0;
14989 : 0;
14990 : 0;
14991 : 0;
14992 : 0;
14993 : 0;
14994 : 0;
14995 : 0;
14996 : 0;
14997 : 0;
14998 : 0;
14999 : 0;
15000 : 0;
15001 : 0;
15002 : 0;
15003 : 0;
15004 : 0;
15005 : 0;
15006 : 0;
15007 : 0;
15008 : 0;
15009 : 0;
15010 : 0;
15011 : 0;
15012 : 0;
15013 : 0;
15014 : 0;
15015 : 0;
15016 : 0;
15017 : 0;
15018 : 0;
15019 : 0;
15020 : 0;
15021 : 0;
15022 : 0;
15023 : 0;
15024 : 0;
15025 : 0;
15026 : 0;
15027 : 0;
15028 : 0;
15029 : 0;
15030 : 0;
15031 : 0;
15032 : 0;
15033 : 0;
15034 : 0;
15035 : 0;
15036 : 0;
15037 : 0;
15038 : 0;
15039 : 0;
15040 : 0;
15041 : 0;
15042 : 0;
15043 : 0;
15044 : 0;
15045 : 0;
15046 : 0;
15047 : 0;
15048 : 0;
15049 : 0;
15050 : 0;
15051 : 0;
15052 : 0;
15053 : 0;
15054 : 0;
15055 : 0;
15056 : 0;
15057 : 0;
15058 : 0;
15059 : 0;
15060 : 0;
15061 : 0;
15062 : 0;
15063 : 0;
15064 : 0;
15065 : 0;
15066 : 0;
15067 : 0;
15068 : 0;
15069 : 0;
15070 : 0;
15071 : 0;
15072 : 0;
15073 : 0;
15074 : 0;
15075 : 0;
15076 : 0;
15077 : 0;
15078 : 0;
15079 : 0;
15080 : 0;
15081 : 0;
15082 : 0;
15083 : 0;
15084 : 0;
15085 : 0;
15086 : 0;
15087 : 0;
15088 : 0;
15089 : 0;
15090 : 0;
15091 : 0;
15092 : 0;
15093 : 0;
15094 : 0;
15095 : 0;
15096 : 0;
15097 : 0;
15098 : 0;
15099 : 0;
15100 : 0;
15101 : 0;
15102 : 0;
15103 : 0;
15104 : 0;
15105 : 0;
15106 : 0;
15107 : 0;
15108 : 0;
15109 : 0;
15110 : 0;
15111 : 0;
15112 : 0;
15113 : 0;
15114 : 0;
15115 : 0;
15116 : 0;
15117 : 0;
15118 : 0;
15119 : 0;
15120 : 0;
15121 : 0;
15122 : 0;
15123 : 0;
15124 : 0;
15125 : 0;
15126 : 0;
15127 : 0;
15128 : 0;
15129 : 0;
15130 : 0;
15131 : 0;
15132 : 0;
15133 : 0;
15134 : 0;
15135 : 0;
15136 : 0;
15137 : 0;
15138 : 0;
15139 : 0;
15140 : 0;
15141 : 0;
15142 : 0;
15143 : 0;
15144 : 0;
15145 : 0;
15146 : 0;
15147 : 0;
15148 : 0;
15149 : 0;
15150 : 0;
15151 : 0;
15152 : 0;
15153 : 0;
15154 : 0;
15155 : 0;
15156 : 0;
15157 : 0;
15158 : 0;
15159 : 0;
15160 : 0;
15161 : 0;
15162 : 0;
15163 : 0;
15164 : 0;
15165 : 0;
15166 : 0;
15167 : 0;
15168 : 0;
15169 : 0;
15170 : 0;
15171 : 0;
15172 : 0;
15173 : 0;
15174 : 0;
15175 : 0;
15176 : 0;
15177 : 0;
15178 : 0;
15179 : 0;
15180 : 0;
15181 : 0;
15182 : 0;
15183 : 0;
15184 : 0;
15185 : 0;
15186 : 0;
15187 : 0;
15188 : 0;
15189 : 0;
15190 : 0;
15191 : 0;
15192 : 0;
15193 : 0;
15194 : 0;
15195 : 0;
15196 : 0;
15197 : 0;
15198 : 0;
15199 : 0;
15200 : 0;
15201 : 0;
15202 : 0;
15203 : 0;
15204 : 0;
15205 : 0;
15206 : 0;
15207 : 0;
15208 : 0;
15209 : 0;
15210 : 0;
15211 : 0;
15212 : 0;
15213 : 0;
15214 : 0;
15215 : 0;
15216 : 0;
15217 : 0;
15218 : 0;
15219 : 0;
15220 : 0;
15221 : 0;
15222 : 0;
15223 : 0;
15224 : 0;
15225 : 0;
15226 : 0;
15227 : 0;
15228 : 0;
15229 : 0;
15230 : 0;
15231 : 0;
15232 : 0;
15233 : 0;
15234 : 0;
15235 : 0;
15236 : 0;
15237 : 0;
15238 : 0;
15239 : 0;
15240 : 0;
15241 : 0;
15242 : 0;
15243 : 0;
15244 : 0;
15245 : 0;
15246 : 0;
15247 : 0;
15248 : 0;
15249 : 0;
15250 : 0;
15251 : 0;
15252 : 0;
15253 : 0;
15254 : 0;
15255 : 0;
15256 : 0;
15257 : 0;
15258 : 0;
15259 : 0;
15260 : 0;
15261 : 0;
15262 : 0;
15263 : 0;
15264 : 0;
15265 : 0;
15266 : 0;
15267 : 0;
15268 : 0;
15269 : 0;
15270 : 0;
15271 : 0;
15272 : 0;
15273 : 0;
15274 : 0;
15275 : 0;
15276 : 0;
15277 : 0;
15278 : 0;
15279 : 0;
15280 : 0;
15281 : 0;
15282 : 0;
15283 : 0;
15284 : 0;
15285 : 0;
15286 : 0;
15287 : 0;
15288 : 0;
15289 : 0;
15290 : 0;
15291 : 0;
15292 : 0;
15293 : 0;
15294 : 0;
15295 : 0;
15296 : 0;
15297 : 0;
15298 : 0;
15299 : 0;
15300 : 0;
15301 : 0;
15302 : 0;
15303 : 0;
15304 : 0;
15305 : 0;
15306 : 0;
15307 : 0;
15308 : 0;
15309 : 0;
15310 : 0;
15311 : 0;
15312 : 0;
15313 : 0;
15314 : 0;
15315 : 0;
15316 : 0;
15317 : 0;
15318 : 0;
15319 : 0;
15320 : 0;
15321 : 0;
15322 : 0;
15323 : 0;
15324 : 0;
15325 : 0;
15326 : 0;
15327 : 0;
15328 : 0;
15329 : 0;
15330 : 0;
15331 : 0;
15332 : 0;
15333 : 0;
15334 : 0;
15335 : 0;
15336 : 0;
15337 : 0;
15338 : 0;
15339 : 0;
15340 : 0;
15341 : 0;
15342 : 0;
15343 : 0;
15344 : 0;
15345 : 0;
15346 : 0;
15347 : 0;
15348 : 0;
15349 : 0;
15350 : 0;
15351 : 0;
15352 : 0;
15353 : 0;
15354 : 0;
15355 : 0;
15356 : 0;
15357 : 0;
15358 : 0;
15359 : 0;
15360 : 0;
15361 : 0;
15362 : 0;
15363 : 0;
15364 : 0;
15365 : 0;
15366 : 0;
15367 : 0;
15368 : 0;
15369 : 0;
15370 : 0;
15371 : 0;
15372 : 0;
15373 : 0;
15374 : 0;
15375 : 0;
15376 : 0;
15377 : 0;
15378 : 0;
15379 : 0;
15380 : 0;
15381 : 0;
15382 : 0;
15383 : 0;
15384 : 0;
15385 : 0;
15386 : 0;
15387 : 0;
15388 : 0;
15389 : 0;
15390 : 0;
15391 : 0;
15392 : 0;
15393 : 0;
15394 : 0;
15395 : 0;
15396 : 0;
15397 : 0;
15398 : 0;
15399 : 0;
15400 : 0;
15401 : 0;
15402 : 0;
15403 : 0;
15404 : 0;
15405 : 0;
15406 : 0;
15407 : 0;
15408 : 0;
15409 : 0;
15410 : 0;
15411 : 0;
15412 : 0;
15413 : 0;
15414 : 0;
15415 : 0;
15416 : 0;
15417 : 0;
15418 : 0;
15419 : 0;
15420 : 0;
15421 : 0;
15422 : 0;
15423 : 0;
15424 : 0;
15425 : 0;
15426 : 0;
15427 : 0;
15428 : 0;
15429 : 0;
15430 : 0;
15431 : 0;
15432 : 0;
15433 : 0;
15434 : 0;
15435 : 0;
15436 : 0;
15437 : 0;
15438 : 0;
15439 : 0;
15440 : 0;
15441 : 0;
15442 : 0;
15443 : 0;
15444 : 0;
15445 : 0;
15446 : 0;
15447 : 0;
15448 : 0;
15449 : 0;
15450 : 0;
15451 : 0;
15452 : 0;
15453 : 0;
15454 : 0;
15455 : 0;
15456 : 0;
15457 : 0;
15458 : 0;
15459 : 0;
15460 : 0;
15461 : 0;
15462 : 0;
15463 : 0;
15464 : 0;
15465 : 0;
15466 : 0;
15467 : 0;
15468 : 0;
15469 : 0;
15470 : 0;
15471 : 0;
15472 : 0;
15473 : 0;
15474 : 0;
15475 : 0;
15476 : 0;
15477 : 0;
15478 : 0;
15479 : 0;
15480 : 0;
15481 : 0;
15482 : 0;
15483 : 0;
15484 : 0;
15485 : 0;
15486 : 0;
15487 : 0;
15488 : 0;
15489 : 0;
15490 : 0;
15491 : 0;
15492 : 0;
15493 : 0;
15494 : 0;
15495 : 0;
15496 : 0;
15497 : 0;
15498 : 0;
15499 : 0;
15500 : 0;
15501 : 0;
15502 : 0;
15503 : 0;
15504 : 0;
15505 : 0;
15506 : 0;
15507 : 0;
15508 : 0;
15509 : 0;
15510 : 0;
15511 : 0;
15512 : 0;
15513 : 0;
15514 : 0;
15515 : 0;
15516 : 0;
15517 : 0;
15518 : 0;
15519 : 0;
15520 : 0;
15521 : 0;
15522 : 0;
15523 : 0;
15524 : 0;
15525 : 0;
15526 : 0;
15527 : 0;
15528 : 0;
15529 : 0;
15530 : 0;
15531 : 0;
15532 : 0;
15533 : 0;
15534 : 0;
15535 : 0;
15536 : 0;
15537 : 0;
15538 : 0;
15539 : 0;
15540 : 0;
15541 : 0;
15542 : 0;
15543 : 0;
15544 : 0;
15545 : 0;
15546 : 0;
15547 : 0;
15548 : 0;
15549 : 0;
15550 : 0;
15551 : 0;
15552 : 0;
15553 : 0;
15554 : 0;
15555 : 0;
15556 : 0;
15557 : 0;
15558 : 0;
15559 : 0;
15560 : 0;
15561 : 0;
15562 : 0;
15563 : 0;
15564 : 0;
15565 : 0;
15566 : 0;
15567 : 0;
15568 : 0;
15569 : 0;
15570 : 0;
15571 : 0;
15572 : 0;
15573 : 0;
15574 : 0;
15575 : 0;
15576 : 0;
15577 : 0;
15578 : 0;
15579 : 0;
15580 : 0;
15581 : 0;
15582 : 0;
15583 : 0;
15584 : 0;
15585 : 0;
15586 : 0;
15587 : 0;
15588 : 0;
15589 : 0;
15590 : 0;
15591 : 0;
15592 : 0;
15593 : 0;
15594 : 0;
15595 : 0;
15596 : 0;
15597 : 0;
15598 : 0;
15599 : 0;
15600 : 0;
15601 : 0;
15602 : 0;
15603 : 0;
15604 : 0;
15605 : 0;
15606 : 0;
15607 : 0;
15608 : 0;
15609 : 0;
15610 : 0;
15611 : 0;
15612 : 0;
15613 : 0;
15614 : 0;
15615 : 0;
15616 : 0;
15617 : 0;
15618 : 0;
15619 : 0;
15620 : 0;
15621 : 0;
15622 : 0;
15623 : 0;
15624 : 0;
15625 : 0;
15626 : 0;
15627 : 0;
15628 : 0;
15629 : 0;
15630 : 0;
15631 : 0;
15632 : 0;
15633 : 0;
15634 : 0;
15635 : 0;
15636 : 0;
15637 : 0;
15638 : 0;
15639 : 0;
15640 : 0;
15641 : 0;
15642 : 0;
15643 : 0;
15644 : 0;
15645 : 0;
15646 : 0;
15647 : 0;
15648 : 0;
15649 : 0;
15650 : 0;
15651 : 0;
15652 : 0;
15653 : 0;
15654 : 0;
15655 : 0;
15656 : 0;
15657 : 0;
15658 : 0;
15659 : 0;
15660 : 0;
15661 : 0;
15662 : 0;
15663 : 0;
15664 : 0;
15665 : 0;
15666 : 0;
15667 : 0;
15668 : 0;
15669 : 0;
15670 : 0;
15671 : 0;
15672 : 0;
15673 : 0;
15674 : 0;
15675 : 0;
15676 : 0;
15677 : 0;
15678 : 0;
15679 : 0;
15680 : 0;
15681 : 0;
15682 : 0;
15683 : 0;
15684 : 0;
15685 : 0;
15686 : 0;
15687 : 0;
15688 : 0;
15689 : 0;
15690 : 0;
15691 : 0;
15692 : 0;
15693 : 0;
15694 : 0;
15695 : 0;
15696 : 0;
15697 : 0;
15698 : 0;
15699 : 0;
15700 : 0;
15701 : 0;
15702 : 0;
15703 : 0;
15704 : 0;
15705 : 0;
15706 : 0;
15707 : 0;
15708 : 0;
15709 : 0;
15710 : 0;
15711 : 0;
15712 : 0;
15713 : 0;
15714 : 0;
15715 : 0;
15716 : 0;
15717 : 0;
15718 : 0;
15719 : 0;
15720 : 0;
15721 : 0;
15722 : 0;
15723 : 0;
15724 : 0;
15725 : 0;
15726 : 0;
15727 : 0;
15728 : 0;
15729 : 0;
15730 : 0;
15731 : 0;
15732 : 0;
15733 : 0;
15734 : 0;
15735 : 0;
15736 : 0;
15737 : 0;
15738 : 0;
15739 : 0;
15740 : 0;
15741 : 0;
15742 : 0;
15743 : 0;
15744 : 0;
15745 : 0;
15746 : 0;
15747 : 0;
15748 : 0;
15749 : 0;
15750 : 0;
15751 : 0;
15752 : 0;
15753 : 0;
15754 : 0;
15755 : 0;
15756 : 0;
15757 : 0;
15758 : 0;
15759 : 0;
15760 : 0;
15761 : 0;
15762 : 0;
15763 : 0;
15764 : 0;
15765 : 0;
15766 : 0;
15767 : 0;
15768 : 0;
15769 : 0;
15770 : 0;
15771 : 0;
15772 : 0;
15773 : 0;
15774 : 0;
15775 : 0;
15776 : 0;
15777 : 0;
15778 : 0;
15779 : 0;
15780 : 0;
15781 : 0;
15782 : 0;
15783 : 0;
15784 : 0;
15785 : 0;
15786 : 0;
15787 : 0;
15788 : 0;
15789 : 0;
15790 : 0;
15791 : 0;
15792 : 0;
15793 : 0;
15794 : 0;
15795 : 0;
15796 : 0;
15797 : 0;
15798 : 0;
15799 : 0;
15800 : 0;
15801 : 0;
15802 : 0;
15803 : 0;
15804 : 0;
15805 : 0;
15806 : 0;
15807 : 0;
15808 : 0;
15809 : 0;
15810 : 0;
15811 : 0;
15812 : 0;
15813 : 0;
15814 : 0;
15815 : 0;
15816 : 0;
15817 : 0;
15818 : 0;
15819 : 0;
15820 : 0;
15821 : 0;
15822 : 0;
15823 : 0;
15824 : 0;
15825 : 0;
15826 : 0;
15827 : 0;
15828 : 0;
15829 : 0;
15830 : 0;
15831 : 0;
15832 : 0;
15833 : 0;
15834 : 0;
15835 : 0;
15836 : 0;
15837 : 0;
15838 : 0;
15839 : 0;
15840 : 0;
15841 : 0;
15842 : 0;
15843 : 0;
15844 : 0;
15845 : 0;
15846 : 0;
15847 : 0;
15848 : 0;
15849 : 0;
15850 : 0;
15851 : 0;
15852 : 0;
15853 : 0;
15854 : 0;
15855 : 0;
15856 : 0;
15857 : 0;
15858 : 0;
15859 : 0;
15860 : 0;
15861 : 0;
15862 : 0;
15863 : 0;
15864 : 0;
15865 : 0;
15866 : 0;
15867 : 0;
15868 : 0;
15869 : 0;
15870 : 0;
15871 : 0;
15872 : 0;
15873 : 0;
15874 : 0;
15875 : 0;
15876 : 0;
15877 : 0;
15878 : 0;
15879 : 0;
15880 : 0;
15881 : 0;
15882 : 0;
15883 : 0;
15884 : 0;
15885 : 0;
15886 : 0;
15887 : 0;
15888 : 0;
15889 : 0;
15890 : 0;
15891 : 0;
15892 : 0;
15893 : 0;
15894 : 0;
15895 : 0;
15896 : 0;
15897 : 0;
15898 : 0;
15899 : 0;
15900 : 0;
15901 : 0;
15902 : 0;
15903 : 0;
15904 : 0;
15905 : 0;
15906 : 0;
15907 : 0;
15908 : 0;
15909 : 0;
15910 : 0;
15911 : 0;
15912 : 0;
15913 : 0;
15914 : 0;
15915 : 0;
15916 : 0;
15917 : 0;
15918 : 0;
15919 : 0;
15920 : 0;
15921 : 0;
15922 : 0;
15923 : 0;
15924 : 0;
15925 : 0;
15926 : 0;
15927 : 0;
15928 : 0;
15929 : 0;
15930 : 0;
15931 : 0;
15932 : 0;
15933 : 0;
15934 : 0;
15935 : 0;
15936 : 0;
15937 : 0;
15938 : 0;
15939 : 0;
15940 : 0;
15941 : 0;
15942 : 0;
15943 : 0;
15944 : 0;
15945 : 0;
15946 : 0;
15947 : 0;
15948 : 0;
15949 : 0;
15950 : 0;
15951 : 0;
15952 : 0;
15953 : 0;
15954 : 0;
15955 : 0;
15956 : 0;
15957 : 0;
15958 : 0;
15959 : 0;
15960 : 0;
15961 : 0;
15962 : 0;
15963 : 0;
15964 : 0;
15965 : 0;
15966 : 0;
15967 : 0;
15968 : 0;
15969 : 0;
15970 : 0;
15971 : 0;
15972 : 0;
15973 : 0;
15974 : 0;
15975 : 0;
15976 : 0;
15977 : 0;
15978 : 0;
15979 : 0;
15980 : 0;
15981 : 0;
15982 : 0;
15983 : 0;
15984 : 0;
15985 : 0;
15986 : 0;
15987 : 0;
15988 : 0;
15989 : 0;
15990 : 0;
15991 : 0;
15992 : 0;
15993 : 0;
15994 : 0;
15995 : 0;
15996 : 0;
15997 : 0;
15998 : 0;
15999 : 0;
16000 : 0;
16001 : 0;
16002 : 0;
16003 : 0;
16004 : 0;
16005 : 0;
16006 : 0;
16007 : 0;
16008 : 0;
16009 : 0;
16010 : 0;
16011 : 0;
16012 : 0;
16013 : 0;
16014 : 0;
16015 : 0;
16016 : 0;
16017 : 0;
16018 : 0;
16019 : 0;
16020 : 0;
16021 : 0;
16022 : 0;
16023 : 0;
16024 : 0;
16025 : 0;
16026 : 0;
16027 : 0;
16028 : 0;
16029 : 0;
16030 : 0;
16031 : 0;
16032 : 0;
16033 : 0;
16034 : 0;
16035 : 0;
16036 : 0;
16037 : 0;
16038 : 0;
16039 : 0;
16040 : 0;
16041 : 0;
16042 : 0;
16043 : 0;
16044 : 0;
16045 : 0;
16046 : 0;
16047 : 0;
16048 : 0;
16049 : 0;
16050 : 0;
16051 : 0;
16052 : 0;
16053 : 0;
16054 : 0;
16055 : 0;
16056 : 0;
16057 : 0;
16058 : 0;
16059 : 0;
16060 : 0;
16061 : 0;
16062 : 0;
16063 : 0;
16064 : 0;
16065 : 0;
16066 : 0;
16067 : 0;
16068 : 0;
16069 : 0;
16070 : 0;
16071 : 0;
16072 : 0;
16073 : 0;
16074 : 0;
16075 : 0;
16076 : 0;
16077 : 0;
16078 : 0;
16079 : 0;
16080 : 0;
16081 : 0;
16082 : 0;
16083 : 0;
16084 : 0;
16085 : 0;
16086 : 0;
16087 : 0;
16088 : 0;
16089 : 0;
16090 : 0;
16091 : 0;
16092 : 0;
16093 : 0;
16094 : 0;
16095 : 0;
16096 : 0;
16097 : 0;
16098 : 0;
16099 : 0;
16100 : 0;
16101 : 0;
16102 : 0;
16103 : 0;
16104 : 0;
16105 : 0;
16106 : 0;
16107 : 0;
16108 : 0;
16109 : 0;
16110 : 0;
16111 : 0;
16112 : 0;
16113 : 0;
16114 : 0;
16115 : 0;
16116 : 0;
16117 : 0;
16118 : 0;
16119 : 0;
16120 : 0;
16121 : 0;
16122 : 0;
16123 : 0;
16124 : 0;
16125 : 0;
16126 : 0;
16127 : 0;
16128 : 0;
16129 : 0;
16130 : 0;
16131 : 0;
16132 : 0;
16133 : 0;
16134 : 0;
16135 : 0;
16136 : 0;
16137 : 0;
16138 : 0;
16139 : 0;
16140 : 0;
16141 : 0;
16142 : 0;
16143 : 0;
16144 : 0;
16145 : 0;
16146 : 0;
16147 : 0;
16148 : 0;
16149 : 0;
16150 : 0;
16151 : 0;
16152 : 0;
16153 : 0;
16154 : 0;
16155 : 0;
16156 : 0;
16157 : 0;
16158 : 0;
16159 : 0;
16160 : 0;
16161 : 0;
16162 : 0;
16163 : 0;
16164 : 0;
16165 : 0;
16166 : 0;
16167 : 0;
16168 : 0;
16169 : 0;
16170 : 0;
16171 : 0;
16172 : 0;
16173 : 0;
16174 : 0;
16175 : 0;
16176 : 0;
16177 : 0;
16178 : 0;
16179 : 0;
16180 : 0;
16181 : 0;
16182 : 0;
16183 : 0;
16184 : 0;
16185 : 0;
16186 : 0;
16187 : 0;
16188 : 0;
16189 : 0;
16190 : 0;
16191 : 0;
16192 : 0;
16193 : 0;
16194 : 0;
16195 : 0;
16196 : 0;
16197 : 0;
16198 : 0;
16199 : 0;
16200 : 0;
16201 : 0;
16202 : 0;
16203 : 0;
16204 : 0;
16205 : 0;
16206 : 0;
16207 : 0;
16208 : 0;
16209 : 0;
16210 : 0;
16211 : 0;
16212 : 0;
16213 : 0;
16214 : 0;
16215 : 0;
16216 : 0;
16217 : 0;
16218 : 0;
16219 : 0;
16220 : 0;
16221 : 0;
16222 : 0;
16223 : 0;
16224 : 0;
16225 : 0;
16226 : 0;
16227 : 0;
16228 : 0;
16229 : 0;
16230 : 0;
16231 : 0;
16232 : 0;
16233 : 0;
16234 : 0;
16235 : 0;
16236 : 0;
16237 : 0;
16238 : 0;
16239 : 0;
16240 : 0;
16241 : 0;
16242 : 0;
16243 : 0;
16244 : 0;
16245 : 0;
16246 : 0;
16247 : 0;
16248 : 0;
16249 : 0;
16250 : 0;
16251 : 0;
16252 : 0;
16253 : 0;
16254 : 0;
16255 : 0;
16256 : 0;
16257 : 0;
16258 : 0;
16259 : 0;
16260 : 0;
16261 : 0;
16262 : 0;
16263 : 0;
16264 : 0;
16265 : 0;
16266 : 0;
16267 : 0;
16268 : 0;
16269 : 0;
16270 : 0;
16271 : 0;
16272 : 0;
16273 : 0;
16274 : 0;
16275 : 0;
16276 : 0;
16277 : 0;
16278 : 0;
16279 : 0;
16280 : 0;
16281 : 0;
16282 : 0;
16283 : 0;
16284 : 0;
16285 : 0;
16286 : 0;
16287 : 0;
16288 : 0;
16289 : 0;
16290 : 0;
16291 : 0;
16292 : 0;
16293 : 0;
16294 : 0;
16295 : 0;
16296 : 0;
16297 : 0;
16298 : 0;
16299 : 0;
16300 : 0;
16301 : 0;
16302 : 0;
16303 : 0;
16304 : 0;
16305 : 0;
16306 : 0;
16307 : 0;
16308 : 0;
16309 : 0;
16310 : 0;
16311 : 0;
16312 : 0;
16313 : 0;
16314 : 0;
16315 : 0;
16316 : 0;
16317 : 0;
16318 : 0;
16319 : 0;
16320 : 0;
16321 : 0;
16322 : 0;
16323 : 0;
16324 : 0;
16325 : 0;
16326 : 0;
16327 : 0;
16328 : 0;
16329 : 0;
16330 : 0;
16331 : 0;
16332 : 0;
16333 : 0;
16334 : 0;
16335 : 0;
16336 : 0;
16337 : 0;
16338 : 0;
16339 : 0;
16340 : 0;
16341 : 0;
16342 : 0;
16343 : 0;
16344 : 0;
16345 : 0;
16346 : 0;
16347 : 0;
16348 : 0;
16349 : 0;
16350 : 0;
16351 : 0;
16352 : 0;
16353 : 0;
16354 : 0;
16355 : 0;
16356 : 0;
16357 : 0;
16358 : 0;
16359 : 0;
16360 : 0;
16361 : 0;
16362 : 0;
16363 : 0;
16364 : 0;
16365 : 0;
16366 : 0;
16367 : 0;
16368 : 0;
16369 : 0;
16370 : 0;
16371 : 0;
16372 : 0;
16373 : 0;
16374 : 0;
16375 : 0;
16376 : 0;
16377 : 0;
16378 : 0;
16379 : 0;
16380 : 0;
16381 : 0;
16382 : 0;
16383 : 0;
END;
