WIDTH=12;
DEPTH=16384;

ADDRESS_RADIX=UNS;
DATA_RADIX=BIN;

CONTENT BEGIN
	0 : 111111111111;
	1 : 111001100110;
	2 : 010110111100;
	3 : 000011010010;
	4 : 000010111110;
	5 : 001000000111;
	6 : 001000100001;
	7 : 000111100111;
	8 : 000111000100;
	9 : 000111001110;
	10 : 000110110100;
	11 : 000110110110;
	12 : 000111011010;
	13 : 000111110101;
	14 : 000111110101;
	15 : 000111101001;
	16 : 000111011010;
	17 : 000111110101;
	18 : 001000000100;
	19 : 001000100011;
	20 : 001000101000;
	21 : 001001001000;
	22 : 001001101010;
	23 : 001010001000;
	24 : 001010011110;
	25 : 001011000111;
	26 : 001100000101;
	27 : 001101010011;
	28 : 001110110001;
	29 : 010000100010;
	30 : 010010110110;
	31 : 010100110110;
	32 : 010111001101;
	33 : 011001011111;
	34 : 011011011110;
	35 : 011100110000;
	36 : 011100110110;
	37 : 011010110011;
	38 : 010111110110;
	39 : 010011110110;
	40 : 001111111111;
	41 : 001101000100;
	42 : 001010110011;
	43 : 001001011011;
	44 : 001000010110;
	45 : 000111111101;
	46 : 000111100001;
	47 : 000111011101;
	48 : 000111011010;
	49 : 000111100110;
	50 : 000111011000;
	51 : 000111010010;
	52 : 000111101001;
	53 : 000111011101;
	54 : 000111110110;
	55 : 000111101110;
	56 : 000111011101;
	57 : 000111110110;
	58 : 001000000101;
	59 : 001000011011;
	60 : 001001000100;
	61 : 001000111010;
	62 : 001001010010;
	63 : 001001001011;
	64 : 001001000001;
	65 : 001000111111;
	66 : 001000110101;
	67 : 001000110000;
	68 : 001000011100;
	69 : 001000001101;
	70 : 001000001101;
	71 : 001000001100;
	72 : 001000000000;
	73 : 000111110101;
	74 : 000111011111;
	75 : 000111001101;
	76 : 000111001110;
	77 : 001000001010;
	78 : 001010100100;
	79 : 001011011111;
	80 : 001010010100;
	81 : 001011010011;
	82 : 001011101100;
	83 : 001011001011;
	84 : 001001101100;
	85 : 001001011101;
	86 : 001000101000;
	87 : 000111110110;
	88 : 000110110110;
	89 : 000110010001;
	90 : 000110000010;
	91 : 000101101101;
	92 : 000101101101;
	93 : 000101101011;
	94 : 000101110011;
	95 : 000101011111;
	96 : 000101011111;
	97 : 000101101101;
	98 : 000101011001;
	99 : 000011101101;
	100 : 000000000000;
	101 : 000111011100;
	102 : 010011110011;
	103 : 110101011000;
	104 : 111101101100;
	105 : 100011111011;
	106 : 000101001101;
	107 : 000010000100;
	108 : 000111001101;
	109 : 001001101111;
	110 : 001000101011;
	111 : 000111111111;
	112 : 000111111010;
	113 : 000111111010;
	114 : 000111011010;
	115 : 000111011000;
	116 : 000111011101;
	117 : 000111111111;
	118 : 001000001100;
	119 : 001000010100;
	120 : 001000000111;
	121 : 001000010010;
	122 : 001000101101;
	123 : 000000000000;
	124 : 000000000000;
	125 : 000000000000;
	126 : 000000000000;
	127 : 000000000000;
	128 : 000000000000;
	129 : 000000000000;
	130 : 000000000000;
	131 : 000000000000;
	132 : 000000000000;
	133 : 000000000000;
	134 : 000000000000;
	135 : 000000000000;
	136 : 000000000000;
	137 : 000000000000;
	138 : 000000000000;
	139 : 000000000000;
	140 : 000000000000;
	141 : 000000000000;
	142 : 000000000000;
	143 : 000000000000;
	144 : 000000000000;
	145 : 000000000000;
	146 : 000000000000;
	147 : 000000000000;
	148 : 000000000000;
	149 : 000000000000;
	150 : 000000000000;
	151 : 000000000000;
	152 : 000000000000;
	153 : 000000000000;
	154 : 000000000000;
	155 : 000000000000;
	156 : 000000000000;
	157 : 000000000000;
	158 : 000000000000;
	159 : 000000000000;
	160 : 000000000000;
	161 : 000000000000;
	162 : 000000000000;
	163 : 000000000000;
	164 : 000000000000;
	165 : 000000000000;
	166 : 000000000000;
	167 : 000000000000;
	168 : 000000000000;
	169 : 000000000000;
	170 : 000000000000;
	171 : 000000000000;
	172 : 000000000000;
	173 : 000000000000;
	174 : 000000000000;
	175 : 000000000000;
	176 : 000000000000;
	177 : 000000000000;
	178 : 000000000000;
	179 : 000000000000;
	180 : 000000000000;
	181 : 000000000000;
	182 : 000000000000;
	183 : 000000000000;
	184 : 000000000000;
	185 : 000000000000;
	186 : 000000000000;
	187 : 000000000000;
	188 : 111111111111;
	189 : 110010110110;
	190 : 011000000001;
	191 : 000111011110;
	192 : 000000000000;
	193 : 001011000000;
	194 : 010010001010;
	195 : 010010110010;
	196 : 010100110110;
	197 : 010110000101;
	198 : 010111001001;
	199 : 010111001100;
	200 : 010111011011;
	201 : 010111100010;
	202 : 010111111100;
	203 : 011000001011;
	204 : 011000011101;
	205 : 011000100111;
	206 : 011001100001;
	207 : 011001101011;
	208 : 011010101111;
	209 : 011100010111;
	210 : 011101010010;
	211 : 011111001110;
	212 : 100001010100;
	213 : 100011110011;
	214 : 100110101010;
	215 : 101000100110;
	216 : 101001110100;
	217 : 101011000011;
	218 : 101011011010;
	219 : 101010010000;
	220 : 100111110001;
	221 : 100011100100;
	222 : 011110110111;
	223 : 011100000011;
	224 : 011000001101;
	225 : 010110011110;
	226 : 010100011101;
	227 : 010011101000;
	228 : 010010111010;
	229 : 010010110000;
	230 : 010010101011;
	231 : 010010101101;
	232 : 010001110110;
	233 : 010001110110;
	234 : 010001111101;
	235 : 010001111101;
	236 : 010010010010;
	237 : 010001100100;
	238 : 010001100110;
	239 : 010001100001;
	240 : 010010001100;
	241 : 010001101100;
	242 : 010001100110;
	243 : 010001110001;
	244 : 010001111000;
	245 : 010010000101;
	246 : 010001111000;
	247 : 010001011111;
	248 : 010001001011;
	249 : 010001001101;
	250 : 010001001000;
	251 : 010000011101;
	252 : 010000001001;
	253 : 010000001011;
	254 : 010000011101;
	255 : 001111111111;
	256 : 010000000100;
	257 : 010000000100;
	258 : 001111111111;
	259 : 001111011110;
	260 : 001111011011;
	261 : 001111100101;
	262 : 001111101010;
	263 : 001111010100;
	264 : 001111011110;
	265 : 001111010001;
	266 : 001111100000;
	267 : 001111011011;
	268 : 001110110000;
	269 : 001110111000;
	270 : 001110100110;
	271 : 001111001100;
	272 : 001111100011;
	273 : 001111100101;
	274 : 001111100011;
	275 : 010001001101;
	276 : 010000110110;
	277 : 010010100110;
	278 : 010001101100;
	279 : 010001110011;
	280 : 010000000110;
	281 : 010000011010;
	282 : 010000001001;
	283 : 001111101111;
	284 : 001111110010;
	285 : 001111001111;
	286 : 001110001000;
	287 : 001110110000;
	288 : 001111000100;
	289 : 001111101111;
	290 : 001111101000;
	291 : 010000000001;
	292 : 010000100010;
	293 : 010000011000;
	294 : 010110001100;
	295 : 011010101010;
	296 : 100001000101;
	297 : 110111101000;
	298 : 111110111111;
	299 : 100011100010;
	300 : 001111011110;
	301 : 000001111110;
	302 : 000010110110;
	303 : 001110100011;
	304 : 010001001011;
	305 : 010010000000;
	306 : 010100010000;
	307 : 010100110110;
	308 : 010101001101;
	309 : 010101101110;
	310 : 010110010100;
	311 : 010110001100;
	312 : 010110000010;
	313 : 010110011001;
	314 : 010110111111;
	315 : 010111011101;
	316 : 011000000110;
	317 : 011000101100;
	318 : 011001011100;
	319 : 011010101010;
	320 : 000000000000;
	321 : 000000000000;
	322 : 000000000000;
	323 : 000000000000;
	324 : 000000000000;
	325 : 000000000000;
	326 : 000000000000;
	327 : 000000000000;
	328 : 000000000000;
	329 : 000000000000;
	330 : 000000000000;
	331 : 000000000000;
	332 : 000000000000;
	333 : 000000000000;
	334 : 000000000000;
	335 : 000000000000;
	336 : 000000000000;
	337 : 000000000000;
	338 : 000000000000;
	339 : 000000000000;
	340 : 000000000000;
	341 : 000000000000;
	342 : 000000000000;
	343 : 000000000000;
	344 : 000000000000;
	345 : 000000000000;
	346 : 000000000000;
	347 : 000000000000;
	348 : 000000000000;
	349 : 000000000000;
	350 : 000000000000;
	351 : 000000000000;
	352 : 000000000000;
	353 : 000000000000;
	354 : 000000000000;
	355 : 000000000000;
	356 : 000000000000;
	357 : 000000000000;
	358 : 000000000000;
	359 : 000000000000;
	360 : 000000000000;
	361 : 000000000000;
	362 : 000000000000;
	363 : 000000000000;
	364 : 000000000000;
	365 : 000000000000;
	366 : 000000000000;
	367 : 000000000000;
	368 : 000000000000;
	369 : 000000000000;
	370 : 000000000000;
	371 : 000000000000;
	372 : 000000000000;
	373 : 000000000000;
	374 : 000000000000;
	375 : 000000000000;
	376 : 111010001010;
	377 : 110010101001;
	378 : 011011000100;
	379 : 001011111100;
	380 : 000000000000;
	381 : 000000100000;
	382 : 000100000010;
	383 : 000100111011;
	384 : 000100110010;
	385 : 000100111100;
	386 : 000100111100;
	387 : 000101100101;
	388 : 000101111000;
	389 : 000110000101;
	390 : 000110001010;
	391 : 000110101101;
	392 : 000110111010;
	393 : 000111010010;
	394 : 000111011101;
	395 : 000111101011;
	396 : 000111111101;
	397 : 001000011101;
	398 : 001001010101;
	399 : 001001110001;
	400 : 001010011101;
	401 : 001011001110;
	402 : 001100000111;
	403 : 001101000110;
	404 : 001110101010;
	405 : 010000001011;
	406 : 010001101010;
	407 : 010011010110;
	408 : 010100100011;
	409 : 010101010111;
	410 : 010110001000;
	411 : 010110010011;
	412 : 010110001101;
	413 : 010101011000;
	414 : 010011100111;
	415 : 010001100100;
	416 : 001111001101;
	417 : 001101001101;
	418 : 001011110000;
	419 : 001010011001;
	420 : 001001010010;
	421 : 001000101001;
	422 : 001000000010;
	423 : 000111101011;
	424 : 000111011010;
	425 : 000111001101;
	426 : 000111000010;
	427 : 000111001111;
	428 : 000111000101;
	429 : 000110111110;
	430 : 000111001001;
	431 : 000111001001;
	432 : 000111011011;
	433 : 000111101011;
	434 : 000111110000;
	435 : 000111101101;
	436 : 000111100010;
	437 : 000111110111;
	438 : 000111111101;
	439 : 001000000010;
	440 : 000111111011;
	441 : 001000000100;
	442 : 001000001000;
	443 : 000111110011;
	444 : 001000001000;
	445 : 001000000101;
	446 : 001000001111;
	447 : 001000000101;
	448 : 000111111101;
	449 : 001000000000;
	450 : 001000011101;
	451 : 001000010010;
	452 : 001000001000;
	453 : 000111111010;
	454 : 001000000101;
	455 : 000111110111;
	456 : 000111101101;
	457 : 000111110011;
	458 : 000111101101;
	459 : 001000000101;
	460 : 000111110110;
	461 : 000111111011;
	462 : 000111110010;
	463 : 000111111110;
	464 : 001000001110;
	465 : 001000011010;
	466 : 001000011011;
	467 : 001000101000;
	468 : 001000101111;
	469 : 001000101011;
	470 : 001000101111;
	471 : 001000100111;
	472 : 001000101000;
	473 : 001000101000;
	474 : 001000101100;
	475 : 001001000000;
	476 : 001000111001;
	477 : 001001000000;
	478 : 001001000001;
	479 : 001001001111;
	480 : 001001010000;
	481 : 001001001111;
	482 : 001001001110;
	483 : 001001010010;
	484 : 001001100001;
	485 : 001001011110;
	486 : 001001101011;
	487 : 001001011110;
	488 : 001001011001;
	489 : 001001011101;
	490 : 001001100011;
	491 : 001001101100;
	492 : 001010011100;
	493 : 001100000011;
	494 : 001101011000;
	495 : 001101110100;
	496 : 010000001111;
	497 : 010000100001;
	498 : 010000101001;
	499 : 010000101110;
	500 : 001110111000;
	501 : 001110000011;
	502 : 001101100110;
	503 : 001010110110;
	504 : 001000111110;
	505 : 001000010011;
	506 : 001000000111;
	507 : 001000000001;
	508 : 001000000100;
	509 : 001000001111;
	510 : 000111001101;
	511 : 001000101001;
	512 : 001110101001;
	513 : 100101110011;
	514 : 111111010111;
	515 : 111111111111;
	516 : 101011001011;
	517 : 010101010001;
	518 : 001000011010;
	519 : 000100111110;
	520 : 001000100101;
	521 : 001010101101;
	522 : 001010101000;
	523 : 001010110001;
	524 : 001010110001;
	525 : 001010111000;
	526 : 001011001000;
	527 : 001011011001;
	528 : 001011110000;
	529 : 001011111011;
	530 : 001100001110;
	531 : 001100011100;
	532 : 001100111001;
	533 : 001101010100;
	534 : 001101100101;
	535 : 001110000011;
	536 : 001110100100;
	537 : 001111010010;
	538 : 001111111011;
	539 : 010000010010;
	540 : 010001010010;
	541 : 000000000000;
	542 : 000000000000;
	543 : 000000000000;
	544 : 000000000000;
	545 : 000000000000;
	546 : 000000000000;
	547 : 000000000000;
	548 : 000000000000;
	549 : 000000000000;
	550 : 000000000000;
	551 : 000000000000;
	552 : 000000000000;
	553 : 000000000000;
	554 : 000000000000;
	555 : 000000000000;
	556 : 000000000000;
	557 : 000000000000;
	558 : 000000000000;
	559 : 000000000000;
	560 : 000000000000;
	561 : 000000000000;
	562 : 000000000000;
	563 : 000000000000;
	564 : 111111111111;
	565 : 011110101001;
	566 : 000011101000;
	567 : 000100000110;
	568 : 000101001100;
	569 : 000100101001;
	570 : 000011100011;
	571 : 000011000111;
	572 : 000011011111;
	573 : 000010101010;
	574 : 000011001000;
	575 : 000011010010;
	576 : 000011001010;
	577 : 000010111100;
	578 : 000011001100;
	579 : 000011011100;
	580 : 000011001011;
	581 : 000010111100;
	582 : 000011100001;
	583 : 000011011011;
	584 : 000100000100;
	585 : 000100001110;
	586 : 000101010101;
	587 : 000110000100;
	588 : 000111011010;
	589 : 001000011001;
	590 : 001001110011;
	591 : 001011011001;
	592 : 001101011100;
	593 : 001110111001;
	594 : 010001000001;
	595 : 010010010101;
	596 : 010011100100;
	597 : 010100010011;
	598 : 010011100000;
	599 : 010000111011;
	600 : 001110010100;
	601 : 001100010000;
	602 : 001001000000;
	603 : 000111001001;
	604 : 000101111010;
	605 : 000100011100;
	606 : 000100101110;
	607 : 000011100100;
	608 : 000100000110;
	609 : 000011100100;
	610 : 000011011010;
	611 : 000011011101;
	612 : 000100000000;
	613 : 000100000101;
	614 : 000100000101;
	615 : 000100011001;
	616 : 000100010011;
	617 : 000100001001;
	618 : 000100001011;
	619 : 000100011011;
	620 : 000100001001;
	621 : 000100001100;
	622 : 000100000111;
	623 : 000011110111;
	624 : 000100001100;
	625 : 000100010000;
	626 : 000011100111;
	627 : 000011110110;
	628 : 000011010100;
	629 : 000011010100;
	630 : 000011001101;
	631 : 000011001000;
	632 : 000010111001;
	633 : 000011101101;
	634 : 000011010101;
	635 : 000010100001;
	636 : 000010110101;
	637 : 000010101011;
	638 : 000011000001;
	639 : 000010111111;
	640 : 000010110010;
	641 : 000010101111;
	642 : 000010100101;
	643 : 000010010111;
	644 : 000011000001;
	645 : 000010101110;
	646 : 000010100010;
	647 : 000010100101;
	648 : 000010011001;
	649 : 000010100000;
	650 : 000010110101;
	651 : 000010011001;
	652 : 000010001111;
	653 : 000001111111;
	654 : 000010001101;
	655 : 000001111001;
	656 : 000010010101;
	657 : 000001111100;
	658 : 000010001111;
	659 : 000010101011;
	660 : 000010011001;
	661 : 000010010001;
	662 : 000001111011;
	663 : 000010011110;
	664 : 000010010100;
	665 : 000001110100;
	666 : 000010010000;
	667 : 000010011110;
	668 : 000010000010;
	669 : 000010110000;
	670 : 000010001111;
	671 : 000010010100;
	672 : 000010011100;
	673 : 000011110101;
	674 : 000100100111;
	675 : 000100100011;
	676 : 000101101011;
	677 : 000110110101;
	678 : 000111001111;
	679 : 000111110000;
	680 : 001000010101;
	681 : 000110100101;
	682 : 000101001100;
	683 : 000011110010;
	684 : 000010001101;
	685 : 000001110001;
	686 : 000010001001;
	687 : 000001110010;
	688 : 000001001101;
	689 : 000001011011;
	690 : 000001100101;
	691 : 000001011111;
	692 : 000001100111;
	693 : 000000000000;
	694 : 000000101011;
	695 : 010001100101;
	696 : 101010001011;
	697 : 111100000011;
	698 : 110001010010;
	699 : 001000111111;
	700 : 000011111001;
	701 : 000101100100;
	702 : 000000000000;
	703 : 000000000000;
	704 : 000000000000;
	705 : 000000000000;
	706 : 000000000000;
	707 : 000000000000;
	708 : 000000000000;
	709 : 000000000000;
	710 : 000000000000;
	711 : 000000000000;
	712 : 000000000000;
	713 : 000000000000;
	714 : 000000000000;
	715 : 000000000000;
	716 : 000000000000;
	717 : 000000000000;
	718 : 000000000000;
	719 : 000000000000;
	720 : 000000000000;
	721 : 000000000000;
	722 : 000000000000;
	723 : 000000000000;
	724 : 000000000000;
	725 : 000000000000;
	726 : 000000000000;
	727 : 000000000000;
	728 : 000000000000;
	729 : 000000000000;
	730 : 000000000000;
	731 : 000000000000;
	732 : 000000000000;
	733 : 000000000000;
	734 : 000000000000;
	735 : 000000000000;
	736 : 000000000000;
	737 : 000000000000;
	738 : 000000000000;
	739 : 000000000000;
	740 : 000000000000;
	741 : 000000000000;
	742 : 000000000000;
	743 : 000000000000;
	744 : 000000000000;
	745 : 000000000000;
	746 : 000000000000;
	747 : 000000000000;
	748 : 000000000000;
	749 : 000000000000;
	750 : 000000000000;
	751 : 000000000000;
	752 : 111111111111;
	753 : 110111011111;
	754 : 001100111000;
	755 : 000110010110;
	756 : 001001000010;
	757 : 000111101111;
	758 : 000110111100;
	759 : 000110001010;
	760 : 000101111110;
	761 : 000110011100;
	762 : 000101100011;
	763 : 000110000001;
	764 : 000110001000;
	765 : 000110001010;
	766 : 000101101110;
	767 : 000110000100;
	768 : 000101101110;
	769 : 000110000100;
	770 : 000110010001;
	771 : 000110100010;
	772 : 000110011000;
	773 : 000110001011;
	774 : 000110111100;
	775 : 001000001011;
	776 : 001000001101;
	777 : 001001100010;
	778 : 001011000001;
	779 : 001101000011;
	780 : 001110001100;
	781 : 010000010001;
	782 : 010010001110;
	783 : 010011110010;
	784 : 010101000110;
	785 : 010110000001;
	786 : 010111000001;
	787 : 010101010101;
	788 : 010010101100;
	789 : 010000001101;
	790 : 001101110111;
	791 : 001010111110;
	792 : 001000110111;
	793 : 000111011010;
	794 : 000110110011;
	795 : 000110100111;
	796 : 000101011100;
	797 : 000101010101;
	798 : 000101101100;
	799 : 000101001111;
	800 : 000101001010;
	801 : 000101100000;
	802 : 000101001100;
	803 : 000100111010;
	804 : 000101101011;
	805 : 000110001010;
	806 : 000110100101;
	807 : 000101101000;
	808 : 000110000011;
	809 : 000110110001;
	810 : 000110011111;
	811 : 000101101000;
	812 : 000110011011;
	813 : 000110000111;
	814 : 000110101100;
	815 : 000101110111;
	816 : 000101110000;
	817 : 000110000101;
	818 : 000110010011;
	819 : 000101011100;
	820 : 000101011100;
	821 : 000101110111;
	822 : 000100111000;
	823 : 000101010100;
	824 : 000100111101;
	825 : 000101010111;
	826 : 000100110100;
	827 : 000100101111;
	828 : 000101010110;
	829 : 000100101110;
	830 : 000100101110;
	831 : 000100011101;
	832 : 000100101011;
	833 : 000100101001;
	834 : 000100010101;
	835 : 000100011110;
	836 : 000101010101;
	837 : 000100000000;
	838 : 000100101000;
	839 : 000100100010;
	840 : 000101000010;
	841 : 000100110100;
	842 : 000100001011;
	843 : 000101001010;
	844 : 000100101100;
	845 : 000100001001;
	846 : 000101001000;
	847 : 000100100110;
	848 : 000100011110;
	849 : 000100001100;
	850 : 000100110100;
	851 : 000100000101;
	852 : 000100000101;
	853 : 000100011110;
	854 : 000100001111;
	855 : 000100011010;
	856 : 000100010010;
	857 : 000011111111;
	858 : 000100011011;
	859 : 000100001011;
	860 : 000100100001;
	861 : 000100000101;
	862 : 000100010001;
	863 : 000101011010;
	864 : 000110110000;
	865 : 000101101100;
	866 : 000110100000;
	867 : 001000000000;
	868 : 001000110011;
	869 : 001001001000;
	870 : 001010001100;
	871 : 001000000000;
	872 : 000111000001;
	873 : 000101010000;
	874 : 000100000011;
	875 : 000011001100;
	876 : 000010110011;
	877 : 000010010001;
	878 : 000010100010;
	879 : 000010100010;
	880 : 000010100010;
	881 : 000010110101;
	882 : 000010100101;
	883 : 000010011110;
	884 : 000000000000;
	885 : 001100111111;
	886 : 100101110000;
	887 : 111011100010;
	888 : 111111000100;
	889 : 010010111001;
	890 : 000100001011;
	891 : 000110101111;
	892 : 000110100000;
	893 : 000101010101;
	894 : 000000000000;
	895 : 000000000000;
	896 : 000000000000;
	897 : 000000000000;
	898 : 000000000000;
	899 : 000000000000;
	900 : 000000000000;
	901 : 000000000000;
	902 : 000000000000;
	903 : 000000000000;
	904 : 000000000000;
	905 : 000000000000;
	906 : 000000000000;
	907 : 000000000000;
	908 : 000000000000;
	909 : 000000000000;
	910 : 000000000000;
	911 : 000000000000;
	912 : 000000000000;
	913 : 000000000000;
	914 : 000000000000;
	915 : 000000000000;
	916 : 000000000000;
	917 : 000000000000;
	918 : 000000000000;
	919 : 000000000000;
	920 : 000000000000;
	921 : 000000000000;
	922 : 000000000000;
	923 : 000000000000;
	924 : 000000000000;
	925 : 000000000000;
	926 : 000000000000;
	927 : 000000000000;
	928 : 000000000000;
	929 : 000000000000;
	930 : 000000000000;
	931 : 000000000000;
	932 : 000000000000;
	933 : 000000000000;
	934 : 000000000000;
	935 : 000000000000;
	936 : 000000000000;
	937 : 000000000000;
	938 : 000000000000;
	939 : 000000000000;
	940 : 111100101110;
	941 : 100000010101;
	942 : 000000010001;
	943 : 000001011100;
	944 : 000011110011;
	945 : 000110110111;
	946 : 000111000100;
	947 : 000111000111;
	948 : 000111011101;
	949 : 000111100011;
	950 : 000111001111;
	951 : 001000011101;
	952 : 001000010100;
	953 : 001000100000;
	954 : 001000110010;
	955 : 001001101011;
	956 : 001010000110;
	957 : 001001111101;
	958 : 001011100001;
	959 : 001011111101;
	960 : 001100110100;
	961 : 001110011001;
	962 : 001111010110;
	963 : 010001100100;
	964 : 010010011000;
	965 : 010100000100;
	966 : 010101100011;
	967 : 010110001110;
	968 : 010110101010;
	969 : 010101110000;
	970 : 010100010001;
	971 : 010001001000;
	972 : 001110010011;
	973 : 001011100001;
	974 : 001001111111;
	975 : 001000101000;
	976 : 000111010010;
	977 : 000110110101;
	978 : 000110101100;
	979 : 000101101001;
	980 : 000101111111;
	981 : 000110011110;
	982 : 000110001101;
	983 : 000110001011;
	984 : 000110000100;
	985 : 000110001011;
	986 : 000110000110;
	987 : 000101111011;
	988 : 000110010110;
	989 : 000110100110;
	990 : 000110101000;
	991 : 000110110010;
	992 : 000110110001;
	993 : 000110010101;
	994 : 000110010100;
	995 : 000110101001;
	996 : 000110101011;
	997 : 000110011011;
	998 : 000101111011;
	999 : 000101111000;
	1000 : 000110011001;
	1001 : 000101110011;
	1002 : 000101110010;
	1003 : 000110010001;
	1004 : 000110001010;
	1005 : 000101100110;
	1006 : 000110010010;
	1007 : 000101110001;
	1008 : 000101011101;
	1009 : 000101110000;
	1010 : 000101111110;
	1011 : 000101010100;
	1012 : 000101111001;
	1013 : 000101010011;
	1014 : 000101010001;
	1015 : 000110001111;
	1016 : 000111110101;
	1017 : 000111011011;
	1018 : 000111101001;
	1019 : 001000111101;
	1020 : 000110001101;
	1021 : 000111101101;
	1022 : 000111001111;
	1023 : 000101111011;
	1024 : 000101100101;
	1025 : 000101010101;
	1026 : 000101011011;
	1027 : 000100101000;
	1028 : 000101000101;
	1029 : 000101100001;
	1030 : 000101000100;
	1031 : 000100110000;
	1032 : 000101010101;
	1033 : 000001100101;
	1034 : 000001000110;
	1035 : 001101010010;
	1036 : 100001111010;
	1037 : 111111111111;
	1038 : 111011001011;
	1039 : 011100001111;
	1040 : 000000000000;
	1041 : 000001011100;
	1042 : 000100110001;
	1043 : 000111000010;
	1044 : 000111110110;
	1045 : 000110011110;
	1046 : 000111010001;
	1047 : 000110111100;
	1048 : 000111100101;
	1049 : 000111010101;
	1050 : 001000011011;
	1051 : 001000100011;
	1052 : 001001000111;
	1053 : 001001110110;
	1054 : 001001101111;
	1055 : 001010011011;
	1056 : 001010100111;
	1057 : 001100010100;
	1058 : 001100110100;
	1059 : 001101111101;
	1060 : 001111011000;
	1061 : 010001000110;
	1062 : 010011101001;
	1063 : 010100101000;
	1064 : 010101010100;
	1065 : 010110011010;
	1066 : 010110111101;
	1067 : 010110001101;
	1068 : 000000000000;
	1069 : 000000000000;
	1070 : 000000000000;
	1071 : 000000000000;
	1072 : 000000000000;
	1073 : 000000000000;
	1074 : 000000000000;
	1075 : 000000000000;
	1076 : 000000000000;
	1077 : 000000000000;
	1078 : 000000000000;
	1079 : 000000000000;
	1080 : 000000000000;
	1081 : 000000000000;
	1082 : 000000000000;
	1083 : 000000000000;
	1084 : 000000000000;
	1085 : 000000000000;
	1086 : 000000000000;
	1087 : 000000000000;
	1088 : 000000000000;
	1089 : 000000000000;
	1090 : 000000000000;
	1091 : 000000000000;
	1092 : 000000000000;
	1093 : 000000000000;
	1094 : 000000000000;
	1095 : 000000000000;
	1096 : 000000000000;
	1097 : 000000000000;
	1098 : 000000000000;
	1099 : 000000000000;
	1100 : 000000000000;
	1101 : 000000000000;
	1102 : 000000000000;
	1103 : 000000000000;
	1104 : 000000000000;
	1105 : 000000000000;
	1106 : 000000000000;
	1107 : 000000000000;
	1108 : 000000000000;
	1109 : 000000000000;
	1110 : 000000000000;
	1111 : 000000000000;
	1112 : 000000000000;
	1113 : 000000000000;
	1114 : 000000000000;
	1115 : 000000000000;
	1116 : 000000000000;
	1117 : 000000000000;
	1118 : 000000000000;
	1119 : 000000000000;
	1120 : 000000000000;
	1121 : 000000000000;
	1122 : 000000000000;
	1123 : 000000000000;
	1124 : 000000000000;
	1125 : 000000000000;
	1126 : 000000000000;
	1127 : 000000000000;
	1128 : 111111111111;
	1129 : 011111001101;
	1130 : 000111010100;
	1131 : 000000000000;
	1132 : 000001111011;
	1133 : 000100001010;
	1134 : 000011111001;
	1135 : 000011010000;
	1136 : 000011011010;
	1137 : 000011010011;
	1138 : 000011110001;
	1139 : 000011100101;
	1140 : 000011101110;
	1141 : 000100010110;
	1142 : 000100001101;
	1143 : 000100100011;
	1144 : 000101000000;
	1145 : 000101001010;
	1146 : 000101110111;
	1147 : 000110000001;
	1148 : 000111001011;
	1149 : 001000100110;
	1150 : 001001000100;
	1151 : 001001111000;
	1152 : 001011101010;
	1153 : 001100110010;
	1154 : 001111001000;
	1155 : 010000110111;
	1156 : 010010100101;
	1157 : 010011110111;
	1158 : 010101001000;
	1159 : 010101011110;
	1160 : 010100101100;
	1161 : 010001101101;
	1162 : 001110110001;
	1163 : 001011101100;
	1164 : 001001011100;
	1165 : 000111101010;
	1166 : 000110010111;
	1167 : 000101111011;
	1168 : 000101001010;
	1169 : 000101000110;
	1170 : 000100111001;
	1171 : 000100110100;
	1172 : 000100110100;
	1173 : 000100111110;
	1174 : 000100110100;
	1175 : 000100111111;
	1176 : 000100111011;
	1177 : 000100110000;
	1178 : 000100111100;
	1179 : 000101000011;
	1180 : 000101001001;
	1181 : 000101011100;
	1182 : 000100111000;
	1183 : 000100110100;
	1184 : 000101100110;
	1185 : 000101010111;
	1186 : 000101010000;
	1187 : 000101001101;
	1188 : 000101001001;
	1189 : 000101010101;
	1190 : 000101010000;
	1191 : 000100111111;
	1192 : 000101000010;
	1193 : 000101000110;
	1194 : 000100111001;
	1195 : 000101000000;
	1196 : 000100111001;
	1197 : 000100110010;
	1198 : 000100111011;
	1199 : 000101010011;
	1200 : 000100101011;
	1201 : 000100110111;
	1202 : 000100111110;
	1203 : 000100110001;
	1204 : 000100111011;
	1205 : 000100110000;
	1206 : 000100110001;
	1207 : 000100010110;
	1208 : 000100101110;
	1209 : 000100100100;
	1210 : 000100010100;
	1211 : 000100110100;
	1212 : 000100110101;
	1213 : 000100010010;
	1214 : 000100110000;
	1215 : 000100101010;
	1216 : 000100100000;
	1217 : 000100110111;
	1218 : 000100110000;
	1219 : 000100101101;
	1220 : 000100111100;
	1221 : 000100101011;
	1222 : 000100110001;
	1223 : 000100111011;
	1224 : 000101001100;
	1225 : 000101000101;
	1226 : 000100101001;
	1227 : 000100111011;
	1228 : 000101011011;
	1229 : 000100101101;
	1230 : 000101000011;
	1231 : 000101010111;
	1232 : 000101000010;
	1233 : 000101010000;
	1234 : 000100110111;
	1235 : 000110011101;
	1236 : 000111011001;
	1237 : 000111110100;
	1238 : 001000110111;
	1239 : 001001010110;
	1240 : 001001110011;
	1241 : 001001111101;
	1242 : 001000010001;
	1243 : 001000001100;
	1244 : 000111010010;
	1245 : 000110010010;
	1246 : 000101011111;
	1247 : 000100110010;
	1248 : 000100100100;
	1249 : 000100011101;
	1250 : 000011110010;
	1251 : 000000001011;
	1252 : 000010100001;
	1253 : 001111101000;
	1254 : 100110100011;
	1255 : 111111100111;
	1256 : 101110110001;
	1257 : 010111000010;
	1258 : 000011110010;
	1259 : 000001011011;
	1260 : 000100011000;
	1261 : 000101101111;
	1262 : 000101010011;
	1263 : 000101001001;
	1264 : 000101000011;
	1265 : 000101001110;
	1266 : 000101100001;
	1267 : 000101011100;
	1268 : 000101100011;
	1269 : 000110000010;
	1270 : 000110100000;
	1271 : 000110101010;
	1272 : 000111100000;
	1273 : 000111100100;
	1274 : 001000010100;
	1275 : 001000110001;
	1276 : 001001100100;
	1277 : 001010001000;
	1278 : 001011010000;
	1279 : 001100011010;
	1280 : 000000000000;
	1281 : 000000000000;
	1282 : 000000000000;
	1283 : 000000000000;
	1284 : 000000000000;
	1285 : 000000000000;
	1286 : 000000000000;
	1287 : 000000000000;
	1288 : 000000000000;
	1289 : 000000000000;
	1290 : 000000000000;
	1291 : 000000000000;
	1292 : 000000000000;
	1293 : 000000000000;
	1294 : 000000000000;
	1295 : 000000000000;
	1296 : 000000000000;
	1297 : 000000000000;
	1298 : 000000000000;
	1299 : 000000000000;
	1300 : 000000000000;
	1301 : 000000000000;
	1302 : 000000000000;
	1303 : 000000000000;
	1304 : 000000000000;
	1305 : 000000000000;
	1306 : 000000000000;
	1307 : 000000000000;
	1308 : 000000000000;
	1309 : 000000000000;
	1310 : 000000000000;
	1311 : 000000000000;
	1312 : 000000000000;
	1313 : 000000000000;
	1314 : 000000000000;
	1315 : 000000000000;
	1316 : 111111111111;
	1317 : 011101011101;
	1318 : 000111110100;
	1319 : 000000100110;
	1320 : 001000000010;
	1321 : 001110000100;
	1322 : 010001000110;
	1323 : 010000110100;
	1324 : 010000101001;
	1325 : 010001100010;
	1326 : 010010000010;
	1327 : 010010000010;
	1328 : 010010111110;
	1329 : 010010111010;
	1330 : 010011010010;
	1331 : 010011110100;
	1332 : 010100010000;
	1333 : 010100011010;
	1334 : 010100001100;
	1335 : 010100101001;
	1336 : 010101111110;
	1337 : 010111011011;
	1338 : 011000011100;
	1339 : 011001011010;
	1340 : 011010011011;
	1341 : 011100001000;
	1342 : 011110010000;
	1343 : 011111111010;
	1344 : 100001101001;
	1345 : 100011011101;
	1346 : 100101001010;
	1347 : 100101110000;
	1348 : 100101111001;
	1349 : 100101100101;
	1350 : 100100001110;
	1351 : 100001100111;
	1352 : 011110011110;
	1353 : 011011100101;
	1354 : 011000101110;
	1355 : 010110001011;
	1356 : 010100010001;
	1357 : 010011001001;
	1358 : 010010101110;
	1359 : 010001111011;
	1360 : 010001010101;
	1361 : 010000110100;
	1362 : 010000110010;
	1363 : 010000101001;
	1364 : 010000101011;
	1365 : 010000101101;
	1366 : 010000101001;
	1367 : 010000100100;
	1368 : 010000100110;
	1369 : 010000011111;
	1370 : 010000100000;
	1371 : 010000111000;
	1372 : 010000011111;
	1373 : 010000011111;
	1374 : 001111110011;
	1375 : 001111011000;
	1376 : 001111010010;
	1377 : 001111001101;
	1378 : 001111001000;
	1379 : 001111000010;
	1380 : 001111011101;
	1381 : 001111011101;
	1382 : 001111100011;
	1383 : 001111011111;
	1384 : 001111011000;
	1385 : 001111001011;
	1386 : 001111100101;
	1387 : 001111011111;
	1388 : 001110011000;
	1389 : 001110001010;
	1390 : 001101111111;
	1391 : 001101101101;
	1392 : 001110001110;
	1393 : 001110001010;
	1394 : 001101101001;
	1395 : 001101010111;
	1396 : 001101011110;
	1397 : 001101101101;
	1398 : 001101011110;
	1399 : 001101011011;
	1400 : 001101011101;
	1401 : 001101111010;
	1402 : 001110000110;
	1403 : 001101111101;
	1404 : 001101111000;
	1405 : 001101111000;
	1406 : 001101100010;
	1407 : 001101001100;
	1408 : 001101001010;
	1409 : 001101001100;
	1410 : 001100110110;
	1411 : 001101000011;
	1412 : 001101000101;
	1413 : 001101000111;
	1414 : 001101101101;
	1415 : 001101101111;
	1416 : 001101011011;
	1417 : 001110100000;
	1418 : 010001000001;
	1419 : 001111100110;
	1420 : 001111101111;
	1421 : 001101111010;
	1422 : 001101101101;
	1423 : 001100110001;
	1424 : 001101001110;
	1425 : 001100011101;
	1426 : 001100001011;
	1427 : 001100000100;
	1428 : 001100001011;
	1429 : 001100011101;
	1430 : 001100001111;
	1431 : 001100001011;
	1432 : 001100101000;
	1433 : 001100010010;
	1434 : 001011110010;
	1435 : 001101110000;
	1436 : 010111100010;
	1437 : 100100111011;
	1438 : 111001010101;
	1439 : 111011111001;
	1440 : 011000001010;
	1441 : 000100111001;
	1442 : 000000000000;
	1443 : 000111111001;
	1444 : 001101011101;
	1445 : 010000001100;
	1446 : 010000111111;
	1447 : 010001011001;
	1448 : 010001110000;
	1449 : 010001110111;
	1450 : 010001100010;
	1451 : 010001101100;
	1452 : 010001010111;
	1453 : 010001011100;
	1454 : 010001111101;
	1455 : 010001111111;
	1456 : 010010001000;
	1457 : 010010101110;
	1458 : 010011010010;
	1459 : 010100101101;
	1460 : 010101010011;
	1461 : 010110011011;
	1462 : 000000000000;
	1463 : 000000000000;
	1464 : 000000000000;
	1465 : 000000000000;
	1466 : 000000000000;
	1467 : 000000000000;
	1468 : 000000000000;
	1469 : 000000000000;
	1470 : 000000000000;
	1471 : 000000000000;
	1472 : 000000000000;
	1473 : 000000000000;
	1474 : 000000000000;
	1475 : 000000000000;
	1476 : 000000000000;
	1477 : 000000000000;
	1478 : 000000000000;
	1479 : 000000000000;
	1480 : 000000000000;
	1481 : 000000000000;
	1482 : 000000000000;
	1483 : 000000000000;
	1484 : 000000000000;
	1485 : 000000000000;
	1486 : 000000000000;
	1487 : 000000000000;
	1488 : 000000000000;
	1489 : 000000000000;
	1490 : 000000000000;
	1491 : 000000000000;
	1492 : 000000000000;
	1493 : 000000000000;
	1494 : 000000000000;
	1495 : 000000000000;
	1496 : 000000000000;
	1497 : 000000000000;
	1498 : 000000000000;
	1499 : 000000000000;
	1500 : 000000000000;
	1501 : 000000000000;
	1502 : 000000000000;
	1503 : 000000000000;
	1504 : 111111111111;
	1505 : 110000010100;
	1506 : 001000101001;
	1507 : 000000000000;
	1508 : 010010010010;
	1509 : 010101001101;
	1510 : 010000011011;
	1511 : 010000100001;
	1512 : 010000001101;
	1513 : 010001101111;
	1514 : 001111001011;
	1515 : 001100100110;
	1516 : 001110111111;
	1517 : 001100010101;
	1518 : 001111110011;
	1519 : 001010011111;
	1520 : 001010010001;
	1521 : 001111101010;
	1522 : 001101110100;
	1523 : 001111001000;
	1524 : 001111010011;
	1525 : 001110000000;
	1526 : 001101010111;
	1527 : 001110000000;
	1528 : 010000011000;
	1529 : 010000100111;
	1530 : 010001111000;
	1531 : 010010010100;
	1532 : 010010001100;
	1533 : 010110100011;
	1534 : 010111000000;
	1535 : 011000100101;
	1536 : 011010010000;
	1537 : 010101111011;
	1538 : 010110110010;
	1539 : 010001001001;
	1540 : 010001011110;
	1541 : 001100100001;
	1542 : 001101111010;
	1543 : 001011000100;
	1544 : 001100010010;
	1545 : 001001110001;
	1546 : 001011110000;
	1547 : 001001100000;
	1548 : 001010100101;
	1549 : 001100000111;
	1550 : 001000101111;
	1551 : 001101101100;
	1552 : 001001110100;
	1553 : 001011100100;
	1554 : 001001101011;
	1555 : 001010101101;
	1556 : 001010100010;
	1557 : 001001111001;
	1558 : 001001101011;
	1559 : 001101000011;
	1560 : 001011010000;
	1561 : 001010010110;
	1562 : 001100001111;
	1563 : 001100011000;
	1564 : 001010000101;
	1565 : 001001110100;
	1566 : 001101110111;
	1567 : 001000010101;
	1568 : 001110010001;
	1569 : 001101110111;
	1570 : 010000111000;
	1571 : 010101010000;
	1572 : 010011011100;
	1573 : 010010101011;
	1574 : 010111110100;
	1575 : 010111111010;
	1576 : 010010111101;
	1577 : 001100001100;
	1578 : 001101000000;
	1579 : 001100001100;
	1580 : 001001111001;
	1581 : 000110001010;
	1582 : 001000010101;
	1583 : 000110100001;
	1584 : 001000000110;
	1585 : 000101111111;
	1586 : 000111000111;
	1587 : 000100101011;
	1588 : 001001111111;
	1589 : 000011011101;
	1590 : 010011101110;
	1591 : 110110000010;
	1592 : 100111110000;
	1593 : 001010011001;
	1594 : 000010000100;
	1595 : 001110111111;
	1596 : 001111111001;
	1597 : 001010100010;
	1598 : 001010110110;
	1599 : 001001000110;
	1600 : 001100101111;
	1601 : 001001111100;
	1602 : 001001110111;
	1603 : 001001011010;
	1604 : 001001110111;
	1605 : 001000101111;
	1606 : 001100101100;
	1607 : 000111000001;
	1608 : 001001011010;
	1609 : 000000000000;
	1610 : 000000000000;
	1611 : 000000000000;
	1612 : 000000000000;
	1613 : 000000000000;
	1614 : 000000000000;
	1615 : 000000000000;
	1616 : 000000000000;
	1617 : 000000000000;
	1618 : 000000000000;
	1619 : 000000000000;
	1620 : 000000000000;
	1621 : 000000000000;
	1622 : 000000000000;
	1623 : 000000000000;
	1624 : 000000000000;
	1625 : 000000000000;
	1626 : 000000000000;
	1627 : 000000000000;
	1628 : 000000000000;
	1629 : 000000000000;
	1630 : 000000000000;
	1631 : 000000000000;
	1632 : 000000000000;
	1633 : 000000000000;
	1634 : 000000000000;
	1635 : 000000000000;
	1636 : 000000000000;
	1637 : 000000000000;
	1638 : 000000000000;
	1639 : 000000000000;
	1640 : 000000000000;
	1641 : 000000000000;
	1642 : 000000000000;
	1643 : 000000000000;
	1644 : 000000000000;
	1645 : 000000000000;
	1646 : 000000000000;
	1647 : 000000000000;
	1648 : 000000000000;
	1649 : 000000000000;
	1650 : 000000000000;
	1651 : 000000000000;
	1652 : 000000000000;
	1653 : 000000000000;
	1654 : 000000000000;
	1655 : 000000000000;
	1656 : 000000000000;
	1657 : 000000000000;
	1658 : 000000000000;
	1659 : 000000000000;
	1660 : 000000000000;
	1661 : 000000000000;
	1662 : 000000000000;
	1663 : 000000000000;
	1664 : 000000000000;
	1665 : 000000000000;
	1666 : 000000000000;
	1667 : 000000000000;
	1668 : 000000000000;
	1669 : 000000000000;
	1670 : 000000000000;
	1671 : 000000000000;
	1672 : 000000000000;
	1673 : 000000000000;
	1674 : 000000000000;
	1675 : 000000000000;
	1676 : 000000000000;
	1677 : 000000000000;
	1678 : 000000000000;
	1679 : 000000000000;
	1680 : 000000000000;
	1681 : 000000000000;
	1682 : 000000000000;
	1683 : 000000000000;
	1684 : 000000000000;
	1685 : 000000000000;
	1686 : 000000000000;
	1687 : 000000000000;
	1688 : 000000000000;
	1689 : 000000000000;
	1690 : 000000000000;
	1691 : 000000000000;
	1692 : 111111111111;
	1693 : 101101001011;
	1694 : 010100101011;
	1695 : 000110100000;
	1696 : 000000111000;
	1697 : 001110001111;
	1698 : 010010010010;
	1699 : 010010111010;
	1700 : 010100110010;
	1701 : 010110011011;
	1702 : 010111000111;
	1703 : 010111101010;
	1704 : 010111100101;
	1705 : 010111111100;
	1706 : 011000100101;
	1707 : 011000100000;
	1708 : 011000011011;
	1709 : 011001001110;
	1710 : 011001111100;
	1711 : 011010101111;
	1712 : 011011101100;
	1713 : 011100111100;
	1714 : 011110001011;
	1715 : 011111111011;
	1716 : 100010100001;
	1717 : 100101001010;
	1718 : 100111101101;
	1719 : 101001010011;
	1720 : 101011100011;
	1721 : 101100101000;
	1722 : 101101000100;
	1723 : 101100000100;
	1724 : 101010000100;
	1725 : 100101110011;
	1726 : 100001001000;
	1727 : 011101100010;
	1728 : 011010001011;
	1729 : 010111110010;
	1730 : 010110000100;
	1731 : 010101010100;
	1732 : 010100101011;
	1733 : 010100011011;
	1734 : 010011111101;
	1735 : 010100010110;
	1736 : 010100000111;
	1737 : 010011111010;
	1738 : 010100001100;
	1739 : 010100011011;
	1740 : 010100011011;
	1741 : 010011110101;
	1742 : 010011111111;
	1743 : 010100011011;
	1744 : 010100100011;
	1745 : 010100101101;
	1746 : 010100111000;
	1747 : 010100101011;
	1748 : 010100100001;
	1749 : 010100000111;
	1750 : 010100110010;
	1751 : 010100100110;
	1752 : 010100001111;
	1753 : 010100000111;
	1754 : 010100010001;
	1755 : 010011001111;
	1756 : 010010111000;
	1757 : 010011000101;
	1758 : 010011100001;
	1759 : 010010111111;
	1760 : 010010111010;
	1761 : 010010111101;
	1762 : 010010100011;
	1763 : 010010000111;
	1764 : 010011001100;
	1765 : 010010101000;
	1766 : 010010100110;
	1767 : 010010001111;
	1768 : 010001111000;
	1769 : 010010010100;
	1770 : 010001111101;
	1771 : 010010010111;
	1772 : 010001101110;
	1773 : 010001111000;
	1774 : 010001101110;
	1775 : 010010000111;
	1776 : 010010000101;
	1777 : 010001011110;
	1778 : 010001110011;
	1779 : 010010111010;
	1780 : 010010110101;
	1781 : 010011110000;
	1782 : 010100001010;
	1783 : 010010111000;
	1784 : 010010011110;
	1785 : 010001100110;
	1786 : 010001101110;
	1787 : 010001011100;
	1788 : 010001010010;
	1789 : 010000010100;
	1790 : 001110110110;
	1791 : 001111001101;
	1792 : 001111100100;
	1793 : 010000001000;
	1794 : 010000001010;
	1795 : 010000010111;
	1796 : 001111110001;
	1797 : 010000001010;
	1798 : 010110101000;
	1799 : 011010100101;
	1800 : 100001011111;
	1801 : 111001011110;
	1802 : 111011010100;
	1803 : 011100000001;
	1804 : 001101101110;
	1805 : 000000000000;
	1806 : 000001110000;
	1807 : 001101111011;
	1808 : 010000000000;
	1809 : 010000101110;
	1810 : 010001101011;
	1811 : 010011011100;
	1812 : 010010111111;
	1813 : 010011011100;
	1814 : 010010111000;
	1815 : 010100001111;
	1816 : 010100011011;
	1817 : 010011111000;
	1818 : 010100110000;
	1819 : 010101111101;
	1820 : 010110000010;
	1821 : 010110110000;
	1822 : 010111010011;
	1823 : 011000011000;
	1824 : 000000000000;
	1825 : 000000000000;
	1826 : 000000000000;
	1827 : 000000000000;
	1828 : 000000000000;
	1829 : 000000000000;
	1830 : 000000000000;
	1831 : 000000000000;
	1832 : 000000000000;
	1833 : 000000000000;
	1834 : 000000000000;
	1835 : 000000000000;
	1836 : 000000000000;
	1837 : 000000000000;
	1838 : 000000000000;
	1839 : 000000000000;
	1840 : 000000000000;
	1841 : 000000000000;
	1842 : 000000000000;
	1843 : 000000000000;
	1844 : 000000000000;
	1845 : 000000000000;
	1846 : 000000000000;
	1847 : 000000000000;
	1848 : 000000000000;
	1849 : 000000000000;
	1850 : 000000000000;
	1851 : 000000000000;
	1852 : 000000000000;
	1853 : 000000000000;
	1854 : 000000000000;
	1855 : 000000000000;
	1856 : 000000000000;
	1857 : 000000000000;
	1858 : 000000000000;
	1859 : 000000000000;
	1860 : 000000000000;
	1861 : 000000000000;
	1862 : 000000000000;
	1863 : 000000000000;
	1864 : 000000000000;
	1865 : 000000000000;
	1866 : 000000000000;
	1867 : 000000000000;
	1868 : 000000000000;
	1869 : 000000000000;
	1870 : 000000000000;
	1871 : 000000000000;
	1872 : 000000000000;
	1873 : 000000000000;
	1874 : 000000000000;
	1875 : 000000000000;
	1876 : 000000000000;
	1877 : 000000000000;
	1878 : 000000000000;
	1879 : 000000000000;
	1880 : 111110000001;
	1881 : 101001111100;
	1882 : 001011000110;
	1883 : 000000000000;
	1884 : 000011110111;
	1885 : 001100001110;
	1886 : 001111111010;
	1887 : 010000101000;
	1888 : 010001000000;
	1889 : 010000110010;
	1890 : 010000110110;
	1891 : 010001110010;
	1892 : 010010000111;
	1893 : 010010010110;
	1894 : 010010101101;
	1895 : 010010110101;
	1896 : 010011010110;
	1897 : 010100010000;
	1898 : 010100111011;
	1899 : 010101111101;
	1900 : 010110110010;
	1901 : 010111000101;
	1902 : 010111111000;
	1903 : 011001011001;
	1904 : 011010101011;
	1905 : 011100100010;
	1906 : 011110001110;
	1907 : 011111110111;
	1908 : 100010000100;
	1909 : 100011101010;
	1910 : 100101000011;
	1911 : 100110001000;
	1912 : 100110010010;
	1913 : 100110001010;
	1914 : 100100110101;
	1915 : 100010010000;
	1916 : 011111011111;
	1917 : 011100001111;
	1918 : 011001010111;
	1919 : 010110111110;
	1920 : 010101001011;
	1921 : 010011100100;
	1922 : 010010110101;
	1923 : 010010000010;
	1924 : 010001111011;
	1925 : 010001011100;
	1926 : 010001011000;
	1927 : 010001010001;
	1928 : 010001010011;
	1929 : 010001100100;
	1930 : 010001010101;
	1931 : 010001100011;
	1932 : 010001110111;
	1933 : 010010010001;
	1934 : 010010011011;
	1935 : 010011000110;
	1936 : 010010110111;
	1937 : 010011010010;
	1938 : 010011010110;
	1939 : 010011001011;
	1940 : 010011011001;
	1941 : 010011011001;
	1942 : 010011001000;
	1943 : 010011000110;
	1944 : 010010100010;
	1945 : 010010101011;
	1946 : 010010100100;
	1947 : 010010101101;
	1948 : 010010010110;
	1949 : 010010101011;
	1950 : 010010110010;
	1951 : 010010010011;
	1952 : 010001111011;
	1953 : 010001110101;
	1954 : 010001101011;
	1955 : 010001100100;
	1956 : 010001100011;
	1957 : 010001110100;
	1958 : 010010000101;
	1959 : 010010001110;
	1960 : 010010000010;
	1961 : 010001111100;
	1962 : 010001101111;
	1963 : 010001011101;
	1964 : 010001011101;
	1965 : 010001000101;
	1966 : 010001100001;
	1967 : 010001010001;
	1968 : 010000111001;
	1969 : 010001001001;
	1970 : 010001001001;
	1971 : 010001001110;
	1972 : 010001000000;
	1973 : 010000101101;
	1974 : 010001000100;
	1975 : 010000110001;
	1976 : 010000101010;
	1977 : 010000100110;
	1978 : 010000111101;
	1979 : 010000101100;
	1980 : 010000110100;
	1981 : 010000011010;
	1982 : 010001010001;
	1983 : 010011011101;
	1984 : 010011101100;
	1985 : 010011011011;
	1986 : 010010100111;
	1987 : 010001100100;
	1988 : 010001010000;
	1989 : 010001010101;
	1990 : 010000110001;
	1991 : 010000010101;
	1992 : 010000101101;
	1993 : 010000110110;
	1994 : 010001000010;
	1995 : 010001011010;
	1996 : 010001111001;
	1997 : 010001101101;
	1998 : 010001001110;
	1999 : 010000101000;
	2000 : 010001011101;
	2001 : 011010000010;
	2002 : 100110100100;
	2003 : 111000001010;
	2004 : 111111111111;
	2005 : 011111001110;
	2006 : 001010101100;
	2007 : 000011110101;
	2008 : 001010111010;
	2009 : 010000101000;
	2010 : 010011100000;
	2011 : 010011001111;
	2012 : 010011000101;
	2013 : 010011111010;
	2014 : 010100011001;
	2015 : 010100011001;
	2016 : 010101010010;
	2017 : 010101001110;
	2018 : 010101100101;
	2019 : 010110000101;
	2020 : 010110011111;
	2021 : 010110101001;
	2022 : 010110011100;
	2023 : 010110110111;
	2024 : 011000001000;
	2025 : 011001100000;
	2026 : 000000000000;
	2027 : 000000000000;
	2028 : 000000000000;
	2029 : 000000000000;
	2030 : 000000000000;
	2031 : 000000000000;
	2032 : 000000000000;
	2033 : 000000000000;
	2034 : 000000000000;
	2035 : 000000000000;
	2036 : 000000000000;
	2037 : 000000000000;
	2038 : 000000000000;
	2039 : 000000000000;
	2040 : 000000000000;
	2041 : 000000000000;
	2042 : 000000000000;
	2043 : 000000000000;
	2044 : 000000000000;
	2045 : 000000000000;
	2046 : 000000000000;
	2047 : 000000000000;
	2048 : 000000000000;
	2049 : 000000000000;
	2050 : 000000000000;
	2051 : 000000000000;
	2052 : 000000000000;
	2053 : 000000000000;
	2054 : 000000000000;
	2055 : 000000000000;
	2056 : 000000000000;
	2057 : 000000000000;
	2058 : 000000000000;
	2059 : 000000000000;
	2060 : 000000000000;
	2061 : 000000000000;
	2062 : 000000000000;
	2063 : 000000000000;
	2064 : 000000000000;
	2065 : 000000000000;
	2066 : 000000000000;
	2067 : 000000000000;
	2068 : 111111111111;
	2069 : 001100010101;
	2070 : 000001011110;
	2071 : 000011000001;
	2072 : 000001110000;
	2073 : 000110000010;
	2074 : 000111010111;
	2075 : 000111100111;
	2076 : 001000000111;
	2077 : 001000010000;
	2078 : 001000001001;
	2079 : 001000010011;
	2080 : 001000011010;
	2081 : 001000101100;
	2082 : 001000111011;
	2083 : 001000111111;
	2084 : 001001001110;
	2085 : 001001010011;
	2086 : 001010000000;
	2087 : 001010000100;
	2088 : 001010100101;
	2089 : 001010001110;
	2090 : 001010111011;
	2091 : 001011010101;
	2092 : 001100000010;
	2093 : 001100011100;
	2094 : 001100101111;
	2095 : 001101101101;
	2096 : 001110001100;
	2097 : 001110111110;
	2098 : 001111001010;
	2099 : 001111111001;
	2100 : 010000010110;
	2101 : 010000100111;
	2102 : 010000011011;
	2103 : 001111110010;
	2104 : 001111010110;
	2105 : 001110001111;
	2106 : 001101011000;
	2107 : 001100111001;
	2108 : 001011110110;
	2109 : 001011000010;
	2110 : 001010001011;
	2111 : 001001101010;
	2112 : 001001010000;
	2113 : 001001001100;
	2114 : 001000110001;
	2115 : 001000100011;
	2116 : 001000011001;
	2117 : 001000011100;
	2118 : 001000010010;
	2119 : 000111111010;
	2120 : 001000011110;
	2121 : 001000100110;
	2122 : 001001000010;
	2123 : 001001010000;
	2124 : 001001011110;
	2125 : 001001111000;
	2126 : 001010000000;
	2127 : 001001111101;
	2128 : 001010000100;
	2129 : 001010010000;
	2130 : 001010010111;
	2131 : 001010000010;
	2132 : 001010001100;
	2133 : 001001111001;
	2134 : 001001110001;
	2135 : 001001100001;
	2136 : 001001010101;
	2137 : 001001001100;
	2138 : 001001000110;
	2139 : 001001000000;
	2140 : 001000010111;
	2141 : 000111111010;
	2142 : 001000101000;
	2143 : 001000010000;
	2144 : 001000001011;
	2145 : 001000010010;
	2146 : 000111111101;
	2147 : 001000000111;
	2148 : 001000000010;
	2149 : 000111111011;
	2150 : 000111111011;
	2151 : 001000011010;
	2152 : 001001001001;
	2153 : 001010011000;
	2154 : 001100100100;
	2155 : 001100111011;
	2156 : 001100000100;
	2157 : 001011110111;
	2158 : 001101111001;
	2159 : 001101010101;
	2160 : 001100001010;
	2161 : 001100000100;
	2162 : 001011100001;
	2163 : 001000111011;
	2164 : 000111001101;
	2165 : 000110101010;
	2166 : 000110100011;
	2167 : 000110000100;
	2168 : 000101101000;
	2169 : 000101100111;
	2170 : 000101101000;
	2171 : 000101010111;
	2172 : 000101100010;
	2173 : 000101111000;
	2174 : 000101100101;
	2175 : 000101010111;
	2176 : 000011101110;
	2177 : 000111001101;
	2178 : 001101110111;
	2179 : 100011100110;
	2180 : 111010100011;
	2181 : 111001010111;
	2182 : 000110001000;
	2183 : 000000000000;
	2184 : 000001111010;
	2185 : 000001001111;
	2186 : 000100110110;
	2187 : 000101111101;
	2188 : 000110101010;
	2189 : 000110101010;
	2190 : 000110101100;
	2191 : 000110101000;
	2192 : 000110111111;
	2193 : 000111001110;
	2194 : 000111000110;
	2195 : 000111010100;
	2196 : 000111101111;
	2197 : 000111111010;
	2198 : 001000001101;
	2199 : 001000000111;
	2200 : 001000010111;
	2201 : 001000101000;
	2202 : 001001011010;
	2203 : 001001101101;
	2204 : 001010010000;
	2205 : 001010100011;
	2206 : 001011001100;
	2207 : 001100001010;
	2208 : 001100101101;
	2209 : 000000000000;
	2210 : 000000000000;
	2211 : 000000000000;
	2212 : 000000000000;
	2213 : 000000000000;
	2214 : 000000000000;
	2215 : 000000000000;
	2216 : 000000000000;
	2217 : 000000000000;
	2218 : 000000000000;
	2219 : 000000000000;
	2220 : 000000000000;
	2221 : 000000000000;
	2222 : 000000000000;
	2223 : 000000000000;
	2224 : 000000000000;
	2225 : 000000000000;
	2226 : 000000000000;
	2227 : 000000000000;
	2228 : 000000000000;
	2229 : 000000000000;
	2230 : 000000000000;
	2231 : 000000000000;
	2232 : 000000000000;
	2233 : 000000000000;
	2234 : 000000000000;
	2235 : 000000000000;
	2236 : 000000000000;
	2237 : 000000000000;
	2238 : 000000000000;
	2239 : 000000000000;
	2240 : 000000000000;
	2241 : 000000000000;
	2242 : 000000000000;
	2243 : 000000000000;
	2244 : 000000000000;
	2245 : 000000000000;
	2246 : 000000000000;
	2247 : 000000000000;
	2248 : 000000000000;
	2249 : 000000000000;
	2250 : 000000000000;
	2251 : 000000000000;
	2252 : 000000000000;
	2253 : 000000000000;
	2254 : 000000000000;
	2255 : 000000000000;
	2256 : 111111111111;
	2257 : 111010100110;
	2258 : 001100010010;
	2259 : 001001100001;
	2260 : 001010110000;
	2261 : 001110110010;
	2262 : 001111011110;
	2263 : 010000001010;
	2264 : 001110101101;
	2265 : 010000100011;
	2266 : 001110000110;
	2267 : 001110111110;
	2268 : 010001010111;
	2269 : 010001000000;
	2270 : 010010011110;
	2271 : 010001101010;
	2272 : 010010011011;
	2273 : 010000010100;
	2274 : 010101001111;
	2275 : 010100110110;
	2276 : 010111101010;
	2277 : 010111011101;
	2278 : 011011000010;
	2279 : 011011000100;
	2280 : 100000000110;
	2281 : 100100010000;
	2282 : 100011100100;
	2283 : 100111010111;
	2284 : 100110000110;
	2285 : 101011110100;
	2286 : 101010000001;
	2287 : 101001100011;
	2288 : 100110111100;
	2289 : 100010101011;
	2290 : 100000000110;
	2291 : 011001101001;
	2292 : 010101010100;
	2293 : 010011001000;
	2294 : 010000100101;
	2295 : 010000011110;
	2296 : 001011010000;
	2297 : 001101000001;
	2298 : 001010110101;
	2299 : 001100010000;
	2300 : 001001100110;
	2301 : 001010001011;
	2302 : 001010010000;
	2303 : 001001110000;
	2304 : 001010000001;
	2305 : 001011011110;
	2306 : 001000110101;
	2307 : 001010011111;
	2308 : 001010011010;
	2309 : 001000110111;
	2310 : 001010101011;
	2311 : 001010011111;
	2312 : 001100011100;
	2313 : 001010110101;
	2314 : 001011001000;
	2315 : 001011110111;
	2316 : 001011111110;
	2317 : 001010010000;
	2318 : 001100011110;
	2319 : 001010001000;
	2320 : 000111111111;
	2321 : 001010000001;
	2322 : 001010001000;
	2323 : 001000110010;
	2324 : 000111110101;
	2325 : 001011001000;
	2326 : 001000011100;
	2327 : 001010100001;
	2328 : 001011000011;
	2329 : 001000111010;
	2330 : 001000110111;
	2331 : 001011101101;
	2332 : 001011110000;
	2333 : 001011000001;
	2334 : 001101011100;
	2335 : 010000101111;
	2336 : 010001111110;
	2337 : 001110100011;
	2338 : 001011010101;
	2339 : 001010110000;
	2340 : 000011111111;
	2341 : 000010111101;
	2342 : 000101100100;
	2343 : 000001100111;
	2344 : 000011100100;
	2345 : 000101101011;
	2346 : 000001111000;
	2347 : 000000000010;
	2348 : 000110000110;
	2349 : 010010001101;
	2350 : 100010111100;
	2351 : 111000010000;
	2352 : 111101111111;
	2353 : 001000001011;
	2354 : 000000000000;
	2355 : 000010100111;
	2356 : 001001010101;
	2357 : 001001000001;
	2358 : 000110010101;
	2359 : 001001111010;
	2360 : 001000101101;
	2361 : 001001000100;
	2362 : 001010111100;
	2363 : 001000110010;
	2364 : 000110101001;
	2365 : 001001010000;
	2366 : 000111101110;
	2367 : 001011100001;
	2368 : 001011111100;
	2369 : 001011110010;
	2370 : 001111010100;
	2371 : 010000001000;
	2372 : 010100110110;
	2373 : 000000000000;
	2374 : 000000000000;
	2375 : 000000000000;
	2376 : 000000000000;
	2377 : 000000000000;
	2378 : 000000000000;
	2379 : 000000000000;
	2380 : 000000000000;
	2381 : 000000000000;
	2382 : 000000000000;
	2383 : 000000000000;
	2384 : 000000000000;
	2385 : 000000000000;
	2386 : 000000000000;
	2387 : 000000000000;
	2388 : 000000000000;
	2389 : 000000000000;
	2390 : 000000000000;
	2391 : 000000000000;
	2392 : 000000000000;
	2393 : 000000000000;
	2394 : 000000000000;
	2395 : 000000000000;
	2396 : 000000000000;
	2397 : 000000000000;
	2398 : 000000000000;
	2399 : 000000000000;
	2400 : 000000000000;
	2401 : 000000000000;
	2402 : 000000000000;
	2403 : 000000000000;
	2404 : 000000000000;
	2405 : 000000000000;
	2406 : 000000000000;
	2407 : 000000000000;
	2408 : 000000000000;
	2409 : 000000000000;
	2410 : 000000000000;
	2411 : 000000000000;
	2412 : 000000000000;
	2413 : 000000000000;
	2414 : 000000000000;
	2415 : 000000000000;
	2416 : 000000000000;
	2417 : 000000000000;
	2418 : 000000000000;
	2419 : 000000000000;
	2420 : 000000000000;
	2421 : 000000000000;
	2422 : 000000000000;
	2423 : 000000000000;
	2424 : 000000000000;
	2425 : 000000000000;
	2426 : 000000000000;
	2427 : 000000000000;
	2428 : 000000000000;
	2429 : 000000000000;
	2430 : 000000000000;
	2431 : 000000000000;
	2432 : 000000000000;
	2433 : 000000000000;
	2434 : 000000000000;
	2435 : 000000000000;
	2436 : 000000000000;
	2437 : 000000000000;
	2438 : 000000000000;
	2439 : 000000000000;
	2440 : 000000000000;
	2441 : 000000000000;
	2442 : 000000000000;
	2443 : 000000000000;
	2444 : 111011001110;
	2445 : 110010100111;
	2446 : 011101010111;
	2447 : 001111100000;
	2448 : 001001001000;
	2449 : 001011100000;
	2450 : 001100001101;
	2451 : 001011110010;
	2452 : 001011111011;
	2453 : 001011101110;
	2454 : 001011110110;
	2455 : 001100000110;
	2456 : 001100001000;
	2457 : 001100010100;
	2458 : 001100011111;
	2459 : 001100110110;
	2460 : 001101000001;
	2461 : 001101001000;
	2462 : 001101011111;
	2463 : 001110000001;
	2464 : 001110101011;
	2465 : 001111010010;
	2466 : 010000000100;
	2467 : 010000110110;
	2468 : 010001110100;
	2469 : 010010101001;
	2470 : 010011100001;
	2471 : 010100100001;
	2472 : 010101010100;
	2473 : 010101101111;
	2474 : 010101111010;
	2475 : 010110000010;
	2476 : 010101100010;
	2477 : 010100010100;
	2478 : 010010100110;
	2479 : 010000110101;
	2480 : 001111010010;
	2481 : 001110001001;
	2482 : 001101001010;
	2483 : 001100100000;
	2484 : 001100000110;
	2485 : 001011101001;
	2486 : 001011101101;
	2487 : 001011100100;
	2488 : 001011100110;
	2489 : 001011100110;
	2490 : 001011101001;
	2491 : 001011101111;
	2492 : 001011100101;
	2493 : 001011100101;
	2494 : 001011101010;
	2495 : 001011111100;
	2496 : 001011101001;
	2497 : 001011101110;
	2498 : 001011110011;
	2499 : 001011111010;
	2500 : 001011110000;
	2501 : 001011101101;
	2502 : 001011101100;
	2503 : 001011101111;
	2504 : 001011101000;
	2505 : 001011100000;
	2506 : 001011011101;
	2507 : 001011100001;
	2508 : 001011100111;
	2509 : 001011010110;
	2510 : 001011010011;
	2511 : 001100100001;
	2512 : 001101001111;
	2513 : 001101110110;
	2514 : 001101100011;
	2515 : 001110001010;
	2516 : 001111010000;
	2517 : 001111011111;
	2518 : 001111100111;
	2519 : 001110100110;
	2520 : 001100111101;
	2521 : 001011010100;
	2522 : 001010111010;
	2523 : 001010011110;
	2524 : 001001111100;
	2525 : 001001110110;
	2526 : 001001111000;
	2527 : 001001101101;
	2528 : 001001101010;
	2529 : 001001101111;
	2530 : 001001110001;
	2531 : 001001110111;
	2532 : 001001111000;
	2533 : 001000100100;
	2534 : 000000000000;
	2535 : 000001011101;
	2536 : 010001011110;
	2537 : 101001001101;
	2538 : 111111111111;
	2539 : 101101011110;
	2540 : 011010100110;
	2541 : 001100000000;
	2542 : 001001110110;
	2543 : 001011110001;
	2544 : 001100000101;
	2545 : 001011100100;
	2546 : 001011100100;
	2547 : 001011101010;
	2548 : 001011110011;
	2549 : 001011111100;
	2550 : 001011111010;
	2551 : 001100000011;
	2552 : 001100010011;
	2553 : 001100100100;
	2554 : 001100101011;
	2555 : 001100111001;
	2556 : 000000000000;
	2557 : 000000000000;
	2558 : 000000000000;
	2559 : 000000000000;
	2560 : 000000000000;
	2561 : 000000000000;
	2562 : 000000000000;
	2563 : 000000000000;
	2564 : 000000000000;
	2565 : 000000000000;
	2566 : 000000000000;
	2567 : 000000000000;
	2568 : 000000000000;
	2569 : 000000000000;
	2570 : 000000000000;
	2571 : 000000000000;
	2572 : 000000000000;
	2573 : 000000000000;
	2574 : 000000000000;
	2575 : 000000000000;
	2576 : 000000000000;
	2577 : 000000000000;
	2578 : 000000000000;
	2579 : 000000000000;
	2580 : 000000000000;
	2581 : 000000000000;
	2582 : 000000000000;
	2583 : 000000000000;
	2584 : 000000000000;
	2585 : 000000000000;
	2586 : 000000000000;
	2587 : 000000000000;
	2588 : 000000000000;
	2589 : 000000000000;
	2590 : 000000000000;
	2591 : 000000000000;
	2592 : 000000000000;
	2593 : 000000000000;
	2594 : 000000000000;
	2595 : 000000000000;
	2596 : 000000000000;
	2597 : 000000000000;
	2598 : 000000000000;
	2599 : 000000000000;
	2600 : 000000000000;
	2601 : 000000000000;
	2602 : 000000000000;
	2603 : 000000000000;
	2604 : 000000000000;
	2605 : 000000000000;
	2606 : 000000000000;
	2607 : 000000000000;
	2608 : 000000000000;
	2609 : 000000000000;
	2610 : 000000000000;
	2611 : 000000000000;
	2612 : 000000000000;
	2613 : 000000000000;
	2614 : 000000000000;
	2615 : 000000000000;
	2616 : 000000000000;
	2617 : 000000000000;
	2618 : 000000000000;
	2619 : 000000000000;
	2620 : 000000000000;
	2621 : 000000000000;
	2622 : 000000000000;
	2623 : 000000000000;
	2624 : 000000000000;
	2625 : 000000000000;
	2626 : 000000000000;
	2627 : 000000000000;
	2628 : 000000000000;
	2629 : 000000000000;
	2630 : 000000000000;
	2631 : 000000000000;
	2632 : 111111111111;
	2633 : 101001010000;
	2634 : 010011110001;
	2635 : 000100111000;
	2636 : 000010001000;
	2637 : 001111000110;
	2638 : 010010001000;
	2639 : 010010110010;
	2640 : 010100010110;
	2641 : 010101000111;
	2642 : 010110001110;
	2643 : 010110100011;
	2644 : 010110110011;
	2645 : 010110101011;
	2646 : 010111000000;
	2647 : 010111101101;
	2648 : 011000000100;
	2649 : 011000101110;
	2650 : 011000000010;
	2651 : 011001011011;
	2652 : 011010010101;
	2653 : 011011011110;
	2654 : 011101001111;
	2655 : 011111000000;
	2656 : 100000111011;
	2657 : 100010110100;
	2658 : 100101000010;
	2659 : 100110111000;
	2660 : 101000001100;
	2661 : 101001001011;
	2662 : 101010000101;
	2663 : 101010101010;
	2664 : 101001100011;
	2665 : 100110000100;
	2666 : 100010101010;
	2667 : 011111011000;
	2668 : 011100010011;
	2669 : 011001111011;
	2670 : 010111111010;
	2671 : 010110010001;
	2672 : 010101110111;
	2673 : 010101000101;
	2674 : 010100101011;
	2675 : 010100011101;
	2676 : 010100101011;
	2677 : 010011111011;
	2678 : 010011111110;
	2679 : 010100110000;
	2680 : 010011110001;
	2681 : 010100001110;
	2682 : 010100000011;
	2683 : 010011111110;
	2684 : 010100001011;
	2685 : 010011010111;
	2686 : 010100000011;
	2687 : 010011100110;
	2688 : 010100010000;
	2689 : 010100000110;
	2690 : 010011100001;
	2691 : 010011111011;
	2692 : 010011010001;
	2693 : 010011100110;
	2694 : 010011000010;
	2695 : 010011010100;
	2696 : 010011011100;
	2697 : 010010111111;
	2698 : 010010111111;
	2699 : 010011010001;
	2700 : 010010110111;
	2701 : 010010011111;
	2702 : 010011001001;
	2703 : 010010011111;
	2704 : 010001100000;
	2705 : 010010011010;
	2706 : 010010010101;
	2707 : 010001111000;
	2708 : 010001110011;
	2709 : 010001111011;
	2710 : 010010100010;
	2711 : 010010001000;
	2712 : 010010000011;
	2713 : 010010001010;
	2714 : 010001110011;
	2715 : 010001101011;
	2716 : 010010001101;
	2717 : 010001100000;
	2718 : 010001011110;
	2719 : 010001110011;
	2720 : 010001111000;
	2721 : 010001111000;
	2722 : 010010001101;
	2723 : 010001110011;
	2724 : 010011010100;
	2725 : 010100101101;
	2726 : 010110110011;
	2727 : 010111101010;
	2728 : 011010001101;
	2729 : 011010101100;
	2730 : 011001111101;
	2731 : 011000010111;
	2732 : 011010101100;
	2733 : 010111100000;
	2734 : 010101001010;
	2735 : 010010001101;
	2736 : 010001010110;
	2737 : 010001100000;
	2738 : 010001110000;
	2739 : 010001000110;
	2740 : 010000111110;
	2741 : 010001110000;
	2742 : 010001011001;
	2743 : 010010000000;
	2744 : 010010000101;
	2745 : 011010000101;
	2746 : 011011101110;
	2747 : 100011000100;
	2748 : 111010011100;
	2749 : 111010110001;
	2750 : 011011010100;
	2751 : 001100101000;
	2752 : 000000000000;
	2753 : 000101000000;
	2754 : 001111010011;
	2755 : 010000110100;
	2756 : 010010000011;
	2757 : 010011000010;
	2758 : 010011110011;
	2759 : 010011100110;
	2760 : 010100100101;
	2761 : 000000000000;
	2762 : 000000000000;
	2763 : 000000000000;
	2764 : 000000000000;
	2765 : 000000000000;
	2766 : 000000000000;
	2767 : 000000000000;
	2768 : 000000000000;
	2769 : 000000000000;
	2770 : 000000000000;
	2771 : 000000000000;
	2772 : 000000000000;
	2773 : 000000000000;
	2774 : 000000000000;
	2775 : 000000000000;
	2776 : 000000000000;
	2777 : 000000000000;
	2778 : 000000000000;
	2779 : 000000000000;
	2780 : 000000000000;
	2781 : 000000000000;
	2782 : 000000000000;
	2783 : 000000000000;
	2784 : 000000000000;
	2785 : 000000000000;
	2786 : 000000000000;
	2787 : 000000000000;
	2788 : 000000000000;
	2789 : 000000000000;
	2790 : 000000000000;
	2791 : 000000000000;
	2792 : 000000000000;
	2793 : 000000000000;
	2794 : 000000000000;
	2795 : 000000000000;
	2796 : 000000000000;
	2797 : 000000000000;
	2798 : 000000000000;
	2799 : 000000000000;
	2800 : 000000000000;
	2801 : 000000000000;
	2802 : 000000000000;
	2803 : 000000000000;
	2804 : 000000000000;
	2805 : 000000000000;
	2806 : 000000000000;
	2807 : 000000000000;
	2808 : 000000000000;
	2809 : 000000000000;
	2810 : 000000000000;
	2811 : 000000000000;
	2812 : 000000000000;
	2813 : 000000000000;
	2814 : 000000000000;
	2815 : 000000000000;
	2816 : 000000000000;
	2817 : 000000000000;
	2818 : 000000000000;
	2819 : 000000000000;
	2820 : 111101111111;
	2821 : 100000100010;
	2822 : 001000011101;
	2823 : 000100001110;
	2824 : 000000000010;
	2825 : 000010110110;
	2826 : 000011100010;
	2827 : 000010110011;
	2828 : 000001110110;
	2829 : 000001011110;
	2830 : 000001100011;
	2831 : 000001101001;
	2832 : 000001010101;
	2833 : 000010011101;
	2834 : 000010110000;
	2835 : 000010101110;
	2836 : 000010111110;
	2837 : 000011110011;
	2838 : 000100101101;
	2839 : 000110001110;
	2840 : 000101100111;
	2841 : 000101010110;
	2842 : 000101011100;
	2843 : 000101100111;
	2844 : 000101111101;
	2845 : 000110110100;
	2846 : 000111101100;
	2847 : 000111110111;
	2848 : 001001000001;
	2849 : 001010001111;
	2850 : 001011010111;
	2851 : 001011111101;
	2852 : 001100101100;
	2853 : 001100101010;
	2854 : 001011101101;
	2855 : 001010100101;
	2856 : 001001111001;
	2857 : 001000011101;
	2858 : 000110001000;
	2859 : 000100101010;
	2860 : 000010101110;
	2861 : 000001100000;
	2862 : 000001111100;
	2863 : 000001110100;
	2864 : 000000111111;
	2865 : 000000000000;
	2866 : 000000011110;
	2867 : 000000001101;
	2868 : 000001011011;
	2869 : 000001111100;
	2870 : 000010111100;
	2871 : 000001010010;
	2872 : 000010101011;
	2873 : 000100100101;
	2874 : 000100001001;
	2875 : 000011111000;
	2876 : 000011101101;
	2877 : 000010111001;
	2878 : 000011101011;
	2879 : 000010111110;
	2880 : 000010011010;
	2881 : 000010100101;
	2882 : 000011010111;
	2883 : 000010010010;
	2884 : 000011010100;
	2885 : 000011001100;
	2886 : 000010101011;
	2887 : 000010100000;
	2888 : 000010000100;
	2889 : 000010101011;
	2890 : 000001110100;
	2891 : 000001010010;
	2892 : 000001000010;
	2893 : 000001010000;
	2894 : 000001111111;
	2895 : 000010010010;
	2896 : 000010000111;
	2897 : 000010101011;
	2898 : 000011100010;
	2899 : 000011011010;
	2900 : 000100010001;
	2901 : 000100110000;
	2902 : 000101110101;
	2903 : 000101111101;
	2904 : 000110000000;
	2905 : 000101110101;
	2906 : 000101101010;
	2907 : 000101000110;
	2908 : 000101110101;
	2909 : 001000100011;
	2910 : 001001101011;
	2911 : 001010011010;
	2912 : 001011011001;
	2913 : 001001011010;
	2914 : 000111010011;
	2915 : 000110110111;
	2916 : 000110110010;
	2917 : 000110110100;
	2918 : 000110100111;
	2919 : 000101100001;
	2920 : 000110011001;
	2921 : 000111111100;
	2922 : 001000010010;
	2923 : 000111001010;
	2924 : 000111001101;
	2925 : 000110100111;
	2926 : 000101011001;
	2927 : 000000110001;
	2928 : 000011001111;
	2929 : 001101000000;
	2930 : 011110001111;
	2931 : 111011001100;
	2932 : 111111111111;
	2933 : 100001011110;
	2934 : 001011110010;
	2935 : 001001000001;
	2936 : 000110010110;
	2937 : 001001011000;
	2938 : 001001101110;
	2939 : 001000110001;
	2940 : 000111111100;
	2941 : 001000011101;
	2942 : 001000111111;
	2943 : 001001101011;
	2944 : 001001100011;
	2945 : 001010000100;
	2946 : 001010110110;
	2947 : 001010100010;
	2948 : 001011001110;
	2949 : 001100001110;
	2950 : 001101111101;
	2951 : 001110100011;
	2952 : 001110110001;
	2953 : 001111111111;
	2954 : 001111101000;
	2955 : 010000000001;
	2956 : 000000000000;
	2957 : 000000000000;
	2958 : 000000000000;
	2959 : 000000000000;
	2960 : 000000000000;
	2961 : 000000000000;
	2962 : 000000000000;
	2963 : 000000000000;
	2964 : 000000000000;
	2965 : 000000000000;
	2966 : 000000000000;
	2967 : 000000000000;
	2968 : 000000000000;
	2969 : 000000000000;
	2970 : 000000000000;
	2971 : 000000000000;
	2972 : 000000000000;
	2973 : 000000000000;
	2974 : 000000000000;
	2975 : 000000000000;
	2976 : 000000000000;
	2977 : 000000000000;
	2978 : 000000000000;
	2979 : 000000000000;
	2980 : 000000000000;
	2981 : 000000000000;
	2982 : 000000000000;
	2983 : 000000000000;
	2984 : 000000000000;
	2985 : 000000000000;
	2986 : 000000000000;
	2987 : 000000000000;
	2988 : 000000000000;
	2989 : 000000000000;
	2990 : 000000000000;
	2991 : 000000000000;
	2992 : 000000000000;
	2993 : 000000000000;
	2994 : 000000000000;
	2995 : 000000000000;
	2996 : 000000000000;
	2997 : 000000000000;
	2998 : 000000000000;
	2999 : 000000000000;
	3000 : 000000000000;
	3001 : 000000000000;
	3002 : 000000000000;
	3003 : 000000000000;
	3004 : 000000000000;
	3005 : 000000000000;
	3006 : 000000000000;
	3007 : 000000000000;
	3008 : 111011000010;
	3009 : 101010111101;
	3010 : 001110110010;
	3011 : 000000010100;
	3012 : 000100110110;
	3013 : 000100011010;
	3014 : 000011100110;
	3015 : 000011011101;
	3016 : 000011000110;
	3017 : 000011010100;
	3018 : 000011111000;
	3019 : 000011110110;
	3020 : 000100000110;
	3021 : 000100010011;
	3022 : 000011111101;
	3023 : 000100001111;
	3024 : 000100000110;
	3025 : 000100100001;
	3026 : 000101001111;
	3027 : 000100111010;
	3028 : 000101001000;
	3029 : 000110010101;
	3030 : 000110101010;
	3031 : 000111000101;
	3032 : 000111011110;
	3033 : 000111110001;
	3034 : 000111111110;
	3035 : 001000111010;
	3036 : 001001111001;
	3037 : 001011101011;
	3038 : 001101100100;
	3039 : 001110110100;
	3040 : 010001011101;
	3041 : 010011101010;
	3042 : 010100111010;
	3043 : 010110010001;
	3044 : 010111000011;
	3045 : 010101111110;
	3046 : 010011011000;
	3047 : 010000011011;
	3048 : 001100110000;
	3049 : 001010011001;
	3050 : 000111101010;
	3051 : 000110001111;
	3052 : 000101001100;
	3053 : 000100110001;
	3054 : 000011110001;
	3055 : 000100011111;
	3056 : 000100010110;
	3057 : 000011111111;
	3058 : 000011110011;
	3059 : 000011111010;
	3060 : 000100001000;
	3061 : 000011011111;
	3062 : 000100010110;
	3063 : 000100001000;
	3064 : 000100010110;
	3065 : 000100101111;
	3066 : 000100111000;
	3067 : 000100111100;
	3068 : 000101010011;
	3069 : 000101011100;
	3070 : 000101100101;
	3071 : 000101100011;
	3072 : 000101001100;
	3073 : 000101010011;
	3074 : 000101110101;
	3075 : 000110001010;
	3076 : 000101110011;
	3077 : 000101111100;
	3078 : 000101100011;
	3079 : 000101010110;
	3080 : 000110001111;
	3081 : 000101110001;
	3082 : 000101001100;
	3083 : 000100110011;
	3084 : 000100111111;
	3085 : 000101000110;
	3086 : 000101000001;
	3087 : 000110010001;
	3088 : 000101100011;
	3089 : 000101101100;
	3090 : 000101111100;
	3091 : 000101011111;
	3092 : 000101100101;
	3093 : 000101101010;
	3094 : 000101111000;
	3095 : 000101100001;
	3096 : 000101000011;
	3097 : 000100111111;
	3098 : 000101000011;
	3099 : 000100111111;
	3100 : 000101100011;
	3101 : 000110101100;
	3102 : 000111110111;
	3103 : 001001100000;
	3104 : 001001100111;
	3105 : 001001001100;
	3106 : 001001110000;
	3107 : 001011101001;
	3108 : 001010100010;
	3109 : 001000100000;
	3110 : 001001001001;
	3111 : 000111110111;
	3112 : 000110001000;
	3113 : 000101110101;
	3114 : 000100101100;
	3115 : 000100101100;
	3116 : 000100101000;
	3117 : 000100010110;
	3118 : 000100011010;
	3119 : 000100010011;
	3120 : 000100101111;
	3121 : 000011111101;
	3122 : 000000000000;
	3123 : 000000001001;
	3124 : 001101000010;
	3125 : 110010111110;
	3126 : 111111111111;
	3127 : 101110110110;
	3128 : 010000011000;
	3129 : 000011010110;
	3130 : 000111100111;
	3131 : 001000111100;
	3132 : 000111011110;
	3133 : 000110010011;
	3134 : 000110001010;
	3135 : 000110101010;
	3136 : 000110100001;
	3137 : 000110010101;
	3138 : 000110011010;
	3139 : 000110110101;
	3140 : 000110110001;
	3141 : 000111010101;
	3142 : 000111011110;
	3143 : 000110111000;
	3144 : 000110101010;
	3145 : 000111000001;
	3146 : 000111001110;
	3147 : 000110111010;
	3148 : 000111101100;
	3149 : 000111011010;
	3150 : 001000010111;
	3151 : 001000101110;
	3152 : 001001101110;
	3153 : 001010000010;
	3154 : 001011100111;
	3155 : 000000000000;
	3156 : 000000000000;
	3157 : 000000000000;
	3158 : 000000000000;
	3159 : 000000000000;
	3160 : 000000000000;
	3161 : 000000000000;
	3162 : 000000000000;
	3163 : 000000000000;
	3164 : 000000000000;
	3165 : 000000000000;
	3166 : 000000000000;
	3167 : 000000000000;
	3168 : 000000000000;
	3169 : 000000000000;
	3170 : 000000000000;
	3171 : 000000000000;
	3172 : 000000000000;
	3173 : 000000000000;
	3174 : 000000000000;
	3175 : 000000000000;
	3176 : 000000000000;
	3177 : 000000000000;
	3178 : 000000000000;
	3179 : 000000000000;
	3180 : 000000000000;
	3181 : 000000000000;
	3182 : 000000000000;
	3183 : 000000000000;
	3184 : 000000000000;
	3185 : 000000000000;
	3186 : 000000000000;
	3187 : 000000000000;
	3188 : 000000000000;
	3189 : 000000000000;
	3190 : 000000000000;
	3191 : 000000000000;
	3192 : 000000000000;
	3193 : 000000000000;
	3194 : 000000000000;
	3195 : 000000000000;
	3196 : 111110110000;
	3197 : 010110111110;
	3198 : 000011110111;
	3199 : 000000100110;
	3200 : 000101111100;
	3201 : 001011111000;
	3202 : 001100111000;
	3203 : 001110000110;
	3204 : 001110001000;
	3205 : 001101111010;
	3206 : 001110011011;
	3207 : 001110011011;
	3208 : 001110110011;
	3209 : 001110101110;
	3210 : 001110100011;
	3211 : 001111000110;
	3212 : 001111000110;
	3213 : 001110111000;
	3214 : 001111010100;
	3215 : 010000010101;
	3216 : 010001011100;
	3217 : 010010011010;
	3218 : 010011000100;
	3219 : 010100011111;
	3220 : 010101101101;
	3221 : 010110111001;
	3222 : 010111110111;
	3223 : 011000001100;
	3224 : 011001001100;
	3225 : 011000101101;
	3226 : 011000100110;
	3227 : 011000101001;
	3228 : 010111011111;
	3229 : 010110011101;
	3230 : 010101010001;
	3231 : 010011101101;
	3232 : 010010100001;
	3233 : 010001011010;
	3234 : 010000010101;
	3235 : 001111110011;
	3236 : 001111010100;
	3237 : 001111100101;
	3238 : 001111000100;
	3239 : 001110111000;
	3240 : 001110110011;
	3241 : 001111000110;
	3242 : 001111001001;
	3243 : 001110111010;
	3244 : 001111001001;
	3245 : 001111011100;
	3246 : 001111011001;
	3247 : 001111110011;
	3248 : 001111110011;
	3249 : 010000001011;
	3250 : 001111100011;
	3251 : 001111111000;
	3252 : 010000101000;
	3253 : 010000011001;
	3254 : 001111111111;
	3255 : 001111100101;
	3256 : 001111110110;
	3257 : 001111111101;
	3258 : 010100111110;
	3259 : 010100000010;
	3260 : 010100010101;
	3261 : 010101000000;
	3262 : 010111101001;
	3263 : 011001010001;
	3264 : 011010001000;
	3265 : 010101111110;
	3266 : 010101010001;
	3267 : 010001110110;
	3268 : 001111111000;
	3269 : 001110010111;
	3270 : 001101100010;
	3271 : 001100111111;
	3272 : 001101000110;
	3273 : 001100101100;
	3274 : 001100011001;
	3275 : 001100100000;
	3276 : 001100001101;
	3277 : 001100111111;
	3278 : 001100101100;
	3279 : 010001101000;
	3280 : 011001010110;
	3281 : 011111101100;
	3282 : 110000100111;
	3283 : 111111111111;
	3284 : 010110110100;
	3285 : 000010101101;
	3286 : 000000000000;
	3287 : 000111101001;
	3288 : 001011100111;
	3289 : 001100111010;
	3290 : 001101011011;
	3291 : 001101001111;
	3292 : 001101110001;
	3293 : 001100110011;
	3294 : 001101111101;
	3295 : 001101010100;
	3296 : 001110110110;
	3297 : 001110110110;
	3298 : 001111000001;
	3299 : 001111010000;
	3300 : 000000000000;
	3301 : 000000000000;
	3302 : 000000000000;
	3303 : 000000000000;
	3304 : 000000000000;
	3305 : 000000000000;
	3306 : 000000000000;
	3307 : 000000000000;
	3308 : 000000000000;
	3309 : 000000000000;
	3310 : 000000000000;
	3311 : 000000000000;
	3312 : 000000000000;
	3313 : 000000000000;
	3314 : 000000000000;
	3315 : 000000000000;
	3316 : 000000000000;
	3317 : 000000000000;
	3318 : 000000000000;
	3319 : 000000000000;
	3320 : 000000000000;
	3321 : 000000000000;
	3322 : 000000000000;
	3323 : 000000000000;
	3324 : 000000000000;
	3325 : 000000000000;
	3326 : 000000000000;
	3327 : 000000000000;
	3328 : 000000000000;
	3329 : 000000000000;
	3330 : 000000000000;
	3331 : 000000000000;
	3332 : 000000000000;
	3333 : 000000000000;
	3334 : 000000000000;
	3335 : 000000000000;
	3336 : 000000000000;
	3337 : 000000000000;
	3338 : 000000000000;
	3339 : 000000000000;
	3340 : 000000000000;
	3341 : 000000000000;
	3342 : 000000000000;
	3343 : 000000000000;
	3344 : 000000000000;
	3345 : 000000000000;
	3346 : 000000000000;
	3347 : 000000000000;
	3348 : 000000000000;
	3349 : 000000000000;
	3350 : 000000000000;
	3351 : 000000000000;
	3352 : 000000000000;
	3353 : 000000000000;
	3354 : 000000000000;
	3355 : 000000000000;
	3356 : 000000000000;
	3357 : 000000000000;
	3358 : 000000000000;
	3359 : 000000000000;
	3360 : 000000000000;
	3361 : 000000000000;
	3362 : 000000000000;
	3363 : 000000000000;
	3364 : 000000000000;
	3365 : 000000000000;
	3366 : 000000000000;
	3367 : 000000000000;
	3368 : 000000000000;
	3369 : 000000000000;
	3370 : 000000000000;
	3371 : 000000000000;
	3372 : 000000000000;
	3373 : 000000000000;
	3374 : 000000000000;
	3375 : 000000000000;
	3376 : 000000000000;
	3377 : 000000000000;
	3378 : 000000000000;
	3379 : 000000000000;
	3380 : 000000000000;
	3381 : 000000000000;
	3382 : 000000000000;
	3383 : 000000000000;
	3384 : 111111111111;
	3385 : 101011111000;
	3386 : 010100110010;
	3387 : 001111000110;
	3388 : 010000011111;
	3389 : 001110001011;
	3390 : 001101111111;
	3391 : 001101110001;
	3392 : 001101000111;
	3393 : 001101010101;
	3394 : 001110000101;
	3395 : 001110010101;
	3396 : 001110001111;
	3397 : 001111010110;
	3398 : 001111100010;
	3399 : 010000000111;
	3400 : 010001001000;
	3401 : 010001111010;
	3402 : 010011000001;
	3403 : 010011111010;
	3404 : 010101010001;
	3405 : 010111001100;
	3406 : 011001100100;
	3407 : 011011101000;
	3408 : 011101001111;
	3409 : 011101010101;
	3410 : 011110001100;
	3411 : 011110001110;
	3412 : 011101000111;
	3413 : 011010110111;
	3414 : 010111111111;
	3415 : 010100100100;
	3416 : 010010010011;
	3417 : 010000110111;
	3418 : 001111110011;
	3419 : 001110101100;
	3420 : 001101110101;
	3421 : 001101001111;
	3422 : 001101111011;
	3423 : 001101010111;
	3424 : 001101110101;
	3425 : 001101101111;
	3426 : 001101111001;
	3427 : 001101110011;
	3428 : 001101110001;
	3429 : 001110001001;
	3430 : 001101110111;
	3431 : 001101000111;
	3432 : 001101010011;
	3433 : 001101000000;
	3434 : 001101000010;
	3435 : 001100100110;
	3436 : 001100110100;
	3437 : 001100111110;
	3438 : 001111000100;
	3439 : 001111100100;
	3440 : 001111110001;
	3441 : 010011011011;
	3442 : 010010111101;
	3443 : 010011101010;
	3444 : 010011000101;
	3445 : 010001011000;
	3446 : 001100011100;
	3447 : 001011100101;
	3448 : 001001010000;
	3449 : 001000010011;
	3450 : 001000010011;
	3451 : 000111110111;
	3452 : 000111110010;
	3453 : 000111110100;
	3454 : 001000010001;
	3455 : 000111010110;
	3456 : 000101010001;
	3457 : 000000000000;
	3458 : 000110111100;
	3459 : 011011100100;
	3460 : 111000100010;
	3461 : 110110110000;
	3462 : 011111011011;
	3463 : 001011001101;
	3464 : 001000011001;
	3465 : 001010100101;
	3466 : 001001001001;
	3467 : 001001000001;
	3468 : 001001010000;
	3469 : 001001010100;
	3470 : 001001010000;
	3471 : 001010000010;
	3472 : 001001110010;
	3473 : 001001110100;
	3474 : 001010100101;
	3475 : 001011000101;
	3476 : 000000000000;
	3477 : 000000000000;
	3478 : 000000000000;
	3479 : 000000000000;
	3480 : 000000000000;
	3481 : 000000000000;
	3482 : 000000000000;
	3483 : 000000000000;
	3484 : 000000000000;
	3485 : 000000000000;
	3486 : 000000000000;
	3487 : 000000000000;
	3488 : 000000000000;
	3489 : 000000000000;
	3490 : 000000000000;
	3491 : 000000000000;
	3492 : 000000000000;
	3493 : 000000000000;
	3494 : 000000000000;
	3495 : 000000000000;
	3496 : 000000000000;
	3497 : 000000000000;
	3498 : 000000000000;
	3499 : 000000000000;
	3500 : 000000000000;
	3501 : 000000000000;
	3502 : 000000000000;
	3503 : 000000000000;
	3504 : 000000000000;
	3505 : 000000000000;
	3506 : 000000000000;
	3507 : 000000000000;
	3508 : 000000000000;
	3509 : 000000000000;
	3510 : 000000000000;
	3511 : 000000000000;
	3512 : 000000000000;
	3513 : 000000000000;
	3514 : 000000000000;
	3515 : 000000000000;
	3516 : 000000000000;
	3517 : 000000000000;
	3518 : 000000000000;
	3519 : 000000000000;
	3520 : 000000000000;
	3521 : 000000000000;
	3522 : 000000000000;
	3523 : 000000000000;
	3524 : 000000000000;
	3525 : 000000000000;
	3526 : 000000000000;
	3527 : 000000000000;
	3528 : 000000000000;
	3529 : 000000000000;
	3530 : 000000000000;
	3531 : 000000000000;
	3532 : 000000000000;
	3533 : 000000000000;
	3534 : 000000000000;
	3535 : 000000000000;
	3536 : 000000000000;
	3537 : 000000000000;
	3538 : 000000000000;
	3539 : 000000000000;
	3540 : 000000000000;
	3541 : 000000000000;
	3542 : 000000000000;
	3543 : 000000000000;
	3544 : 000000000000;
	3545 : 000000000000;
	3546 : 000000000000;
	3547 : 000000000000;
	3548 : 000000000000;
	3549 : 000000000000;
	3550 : 000000000000;
	3551 : 000000000000;
	3552 : 000000000000;
	3553 : 000000000000;
	3554 : 000000000000;
	3555 : 000000000000;
	3556 : 000000000000;
	3557 : 000000000000;
	3558 : 000000000000;
	3559 : 000000000000;
	3560 : 000000000000;
	3561 : 000000000000;
	3562 : 000000000000;
	3563 : 000000000000;
	3564 : 000000000000;
	3565 : 000000000000;
	3566 : 000000000000;
	3567 : 000000000000;
	3568 : 000000000000;
	3569 : 000000000000;
	3570 : 000000000000;
	3571 : 000000000000;
	3572 : 111110001001;
	3573 : 100000010101;
	3574 : 000011011000;
	3575 : 000000001111;
	3576 : 000100100010;
	3577 : 001001110101;
	3578 : 001010111111;
	3579 : 001010000111;
	3580 : 001011111111;
	3581 : 001100011000;
	3582 : 001011111001;
	3583 : 001101101100;
	3584 : 001101000001;
	3585 : 001100010011;
	3586 : 001101111110;
	3587 : 001101010011;
	3588 : 001110100010;
	3589 : 001101100010;
	3590 : 001110111001;
	3591 : 001111100110;
	3592 : 010000001111;
	3593 : 010001101101;
	3594 : 010000110011;
	3595 : 010010010001;
	3596 : 010100000100;
	3597 : 010111000011;
	3598 : 010111010000;
	3599 : 011010001010;
	3600 : 011010100011;
	3601 : 011100011101;
	3602 : 011101011101;
	3603 : 011110011000;
	3604 : 011110100111;
	3605 : 011101001110;
	3606 : 011100000100;
	3607 : 011001001111;
	3608 : 010110010011;
	3609 : 010110001101;
	3610 : 010010111010;
	3611 : 010001100011;
	3612 : 010001110000;
	3613 : 001111011111;
	3614 : 001111011010;
	3615 : 010000000000;
	3616 : 001110011111;
	3617 : 001110111001;
	3618 : 010000001101;
	3619 : 001111110001;
	3620 : 001110011101;
	3621 : 001111010111;
	3622 : 010000000010;
	3623 : 010000011110;
	3624 : 010000011100;
	3625 : 001111111011;
	3626 : 010000010111;
	3627 : 010000000010;
	3628 : 010000100110;
	3629 : 010000100001;
	3630 : 001111111000;
	3631 : 001110000011;
	3632 : 001111101001;
	3633 : 001110100111;
	3634 : 001111000000;
	3635 : 001111001000;
	3636 : 001111100100;
	3637 : 001111001111;
	3638 : 001101110100;
	3639 : 001101111001;
	3640 : 001111100110;
	3641 : 010000001101;
	3642 : 010010100110;
	3643 : 010100100010;
	3644 : 011001011110;
	3645 : 010101011010;
	3646 : 010100001011;
	3647 : 010101011101;
	3648 : 010100111100;
	3649 : 010011111010;
	3650 : 010010011001;
	3651 : 010000100100;
	3652 : 001101110100;
	3653 : 001100011000;
	3654 : 001100100010;
	3655 : 001010010110;
	3656 : 001011011000;
	3657 : 001010101101;
	3658 : 001010101101;
	3659 : 001011001001;
	3660 : 001010110111;
	3661 : 001010101101;
	3662 : 000111010010;
	3663 : 000111111000;
	3664 : 010001000010;
	3665 : 100010100110;
	3666 : 101101100011;
	3667 : 111111111111;
	3668 : 011000010010;
	3669 : 000000000000;
	3670 : 000000000111;
	3671 : 000110011100;
	3672 : 001000101000;
	3673 : 001001101101;
	3674 : 001010111111;
	3675 : 001011010110;
	3676 : 001011011000;
	3677 : 001100000001;
	3678 : 001100001011;
	3679 : 001011001110;
	3680 : 001100001011;
	3681 : 001011101000;
	3682 : 001101011010;
	3683 : 001101011010;
	3684 : 001110101110;
	3685 : 001110110011;
	3686 : 001111010010;
	3687 : 001111101100;
	3688 : 010001011110;
	3689 : 000000000000;
	3690 : 000000000000;
	3691 : 000000000000;
	3692 : 000000000000;
	3693 : 000000000000;
	3694 : 000000000000;
	3695 : 000000000000;
	3696 : 000000000000;
	3697 : 000000000000;
	3698 : 000000000000;
	3699 : 000000000000;
	3700 : 000000000000;
	3701 : 000000000000;
	3702 : 000000000000;
	3703 : 000000000000;
	3704 : 000000000000;
	3705 : 000000000000;
	3706 : 000000000000;
	3707 : 000000000000;
	3708 : 000000000000;
	3709 : 000000000000;
	3710 : 000000000000;
	3711 : 000000000000;
	3712 : 000000000000;
	3713 : 000000000000;
	3714 : 000000000000;
	3715 : 000000000000;
	3716 : 000000000000;
	3717 : 000000000000;
	3718 : 000000000000;
	3719 : 000000000000;
	3720 : 000000000000;
	3721 : 000000000000;
	3722 : 000000000000;
	3723 : 000000000000;
	3724 : 000000000000;
	3725 : 000000000000;
	3726 : 000000000000;
	3727 : 000000000000;
	3728 : 000000000000;
	3729 : 000000000000;
	3730 : 000000000000;
	3731 : 000000000000;
	3732 : 000000000000;
	3733 : 000000000000;
	3734 : 000000000000;
	3735 : 000000000000;
	3736 : 000000000000;
	3737 : 000000000000;
	3738 : 000000000000;
	3739 : 000000000000;
	3740 : 000000000000;
	3741 : 000000000000;
	3742 : 000000000000;
	3743 : 000000000000;
	3744 : 000000000000;
	3745 : 000000000000;
	3746 : 000000000000;
	3747 : 000000000000;
	3748 : 000000000000;
	3749 : 000000000000;
	3750 : 000000000000;
	3751 : 000000000000;
	3752 : 000000000000;
	3753 : 000000000000;
	3754 : 000000000000;
	3755 : 000000000000;
	3756 : 000000000000;
	3757 : 000000000000;
	3758 : 000000000000;
	3759 : 000000000000;
	3760 : 111110111000;
	3761 : 110101111010;
	3762 : 011010111101;
	3763 : 000000000000;
	3764 : 000111101011;
	3765 : 001111111011;
	3766 : 010100111011;
	3767 : 010111011111;
	3768 : 010110110111;
	3769 : 010111100010;
	3770 : 010111100100;
	3771 : 010110111100;
	3772 : 011000110101;
	3773 : 011001111110;
	3774 : 011000100000;
	3775 : 011001001011;
	3776 : 011001011010;
	3777 : 011001011010;
	3778 : 011001110100;
	3779 : 011010011001;
	3780 : 011010110011;
	3781 : 011011010011;
	3782 : 011011010001;
	3783 : 011011101100;
	3784 : 011011010011;
	3785 : 011011001100;
	3786 : 011100010010;
	3787 : 011100100100;
	3788 : 011101010001;
	3789 : 011110110001;
	3790 : 011110010000;
	3791 : 100000100010;
	3792 : 100000101100;
	3793 : 100001001011;
	3794 : 100011010011;
	3795 : 100100011110;
	3796 : 100100001010;
	3797 : 100110110101;
	3798 : 100110001000;
	3799 : 100110101110;
	3800 : 100101101111;
	3801 : 100011000110;
	3802 : 100001001101;
	3803 : 011111010100;
	3804 : 011101011011;
	3805 : 011011111110;
	3806 : 011010100110;
	3807 : 011001011010;
	3808 : 011000011001;
	3809 : 010111111101;
	3810 : 011000000000;
	3811 : 010111001000;
	3812 : 010110011000;
	3813 : 011000111010;
	3814 : 011000011001;
	3815 : 010111111101;
	3816 : 011000111010;
	3817 : 011000010001;
	3818 : 011001100100;
	3819 : 011000101000;
	3820 : 011010000000;
	3821 : 011010101011;
	3822 : 011010001111;
	3823 : 011010011110;
	3824 : 011010000000;
	3825 : 011001111001;
	3826 : 011001100111;
	3827 : 011000010100;
	3828 : 011000000010;
	3829 : 011000010001;
	3830 : 011000110111;
	3831 : 010110111100;
	3832 : 011000010110;
	3833 : 010111101001;
	3834 : 011000010100;
	3835 : 010111001101;
	3836 : 010111110001;
	3837 : 010110111001;
	3838 : 010110011000;
	3839 : 010111001000;
	3840 : 010110101111;
	3841 : 010101110101;
	3842 : 010110111110;
	3843 : 010110100000;
	3844 : 010110001001;
	3845 : 010101010111;
	3846 : 010101101011;
	3847 : 010110010001;
	3848 : 010110010011;
	3849 : 010110110111;
	3850 : 010110111001;
	3851 : 011000111111;
	3852 : 011011101100;
	3853 : 011010111101;
	3854 : 011101000111;
	3855 : 011100110000;
	3856 : 011100010111;
	3857 : 011100100100;
	3858 : 011100011100;
	3859 : 011010010010;
	3860 : 011010110101;
	3861 : 010111101110;
	3862 : 011000011110;
	3863 : 010110001001;
	3864 : 010111001101;
	3865 : 010100101111;
	3866 : 010110000100;
	3867 : 010110000100;
	3868 : 010101101110;
	3869 : 010110011000;
	3870 : 010111011111;
	3871 : 010110000111;
	3872 : 010110110010;
	3873 : 010011111010;
	3874 : 011011011101;
	3875 : 110000000011;
	3876 : 111110010101;
	3877 : 111111111111;
	3878 : 100000111110;
	3879 : 000101010110;
	3880 : 000110100111;
	3881 : 010001000111;
	3882 : 010110001110;
	3883 : 011001000110;
	3884 : 011011111100;
	3885 : 011010010111;
	3886 : 011010101000;
	3887 : 011100101001;
	3888 : 011101011011;
	3889 : 011100111101;
	3890 : 011101100011;
	3891 : 011100101001;
	3892 : 011100101001;
	3893 : 011100111011;
	3894 : 011100000001;
	3895 : 011110011000;
	3896 : 011101110100;
	3897 : 011101101010;
	3898 : 011110011101;
	3899 : 011101100011;
	3900 : 011110011101;
	3901 : 000000000000;
	3902 : 000000000000;
	3903 : 000000000000;
	3904 : 000000000000;
	3905 : 000000000000;
	3906 : 000000000000;
	3907 : 000000000000;
	3908 : 000000000000;
	3909 : 000000000000;
	3910 : 000000000000;
	3911 : 000000000000;
	3912 : 000000000000;
	3913 : 000000000000;
	3914 : 000000000000;
	3915 : 000000000000;
	3916 : 000000000000;
	3917 : 000000000000;
	3918 : 000000000000;
	3919 : 000000000000;
	3920 : 000000000000;
	3921 : 000000000000;
	3922 : 000000000000;
	3923 : 000000000000;
	3924 : 000000000000;
	3925 : 000000000000;
	3926 : 000000000000;
	3927 : 000000000000;
	3928 : 000000000000;
	3929 : 000000000000;
	3930 : 000000000000;
	3931 : 000000000000;
	3932 : 000000000000;
	3933 : 000000000000;
	3934 : 000000000000;
	3935 : 000000000000;
	3936 : 000000000000;
	3937 : 000000000000;
	3938 : 000000000000;
	3939 : 000000000000;
	3940 : 000000000000;
	3941 : 000000000000;
	3942 : 000000000000;
	3943 : 000000000000;
	3944 : 000000000000;
	3945 : 000000000000;
	3946 : 000000000000;
	3947 : 000000000000;
	3948 : 111111110011;
	3949 : 011001000010;
	3950 : 001110001000;
	3951 : 000010100001;
	3952 : 000011011101;
	3953 : 001010011001;
	3954 : 001110010100;
	3955 : 001111000111;
	3956 : 001111101110;
	3957 : 001111111010;
	3958 : 001111111010;
	3959 : 010000001001;
	3960 : 010000011011;
	3961 : 010000101101;
	3962 : 010000111100;
	3963 : 010001010100;
	3964 : 010010010011;
	3965 : 010001110010;
	3966 : 010010100101;
	3967 : 010010101011;
	3968 : 010011011011;
	3969 : 010011100001;
	3970 : 010100111011;
	3971 : 010100111110;
	3972 : 010110101111;
	3973 : 010111000001;
	3974 : 011001000101;
	3975 : 011001101001;
	3976 : 011001110101;
	3977 : 011010000100;
	3978 : 011010011001;
	3979 : 011011000110;
	3980 : 011011111001;
	3981 : 011010101000;
	3982 : 011000110011;
	3983 : 010110110010;
	3984 : 010100100000;
	3985 : 010011010101;
	3986 : 010001010111;
	3987 : 001111111101;
	3988 : 001111010000;
	3989 : 001110111110;
	3990 : 001111000001;
	3991 : 001110111000;
	3992 : 001110101111;
	3993 : 001111000001;
	3994 : 001110101001;
	3995 : 001110010100;
	3996 : 001111010011;
	3997 : 001110100011;
	3998 : 001110111000;
	3999 : 001110100110;
	4000 : 001101111111;
	4001 : 001111001010;
	4002 : 001110100110;
	4003 : 001110101100;
	4004 : 001110000101;
	4005 : 001101011011;
	4006 : 001101111111;
	4007 : 001101111100;
	4008 : 001101011000;
	4009 : 001101010101;
	4010 : 001101001100;
	4011 : 001100000100;
	4012 : 001101001100;
	4013 : 001100010110;
	4014 : 001100001010;
	4015 : 001100011100;
	4016 : 001100111101;
	4017 : 001101001100;
	4018 : 001101100100;
	4019 : 001100111010;
	4020 : 001101000011;
	4021 : 001100110100;
	4022 : 001110100000;
	4023 : 010000000000;
	4024 : 010001111000;
	4025 : 010100000010;
	4026 : 010110001011;
	4027 : 011000101101;
	4028 : 010011110000;
	4029 : 010000001100;
	4030 : 001111110100;
	4031 : 001110001011;
	4032 : 001011010111;
	4033 : 001001101001;
	4034 : 001001010100;
	4035 : 001001011010;
	4036 : 001000111111;
	4037 : 001001010001;
	4038 : 001010011001;
	4039 : 001001111011;
	4040 : 001010010011;
	4041 : 001010111100;
	4042 : 001010010011;
	4043 : 001010111100;
	4044 : 001111010000;
	4045 : 010010110111;
	4046 : 100000111001;
	4047 : 111111111111;
	4048 : 101101000100;
	4049 : 001101011110;
	4050 : 001000010101;
	4051 : 000000000000;
	4052 : 000110000101;
	4053 : 001011110010;
	4054 : 001110111110;
	4055 : 001111000001;
	4056 : 001111110100;
	4057 : 001111101110;
	4058 : 001111101000;
	4059 : 001111110100;
	4060 : 001111111010;
	4061 : 010000100001;
	4062 : 010000110011;
	4063 : 010001010001;
	4064 : 010001100011;
	4065 : 010000111111;
	4066 : 000000000000;
	4067 : 000000000000;
	4068 : 000000000000;
	4069 : 000000000000;
	4070 : 000000000000;
	4071 : 000000000000;
	4072 : 000000000000;
	4073 : 000000000000;
	4074 : 000000000000;
	4075 : 000000000000;
	4076 : 000000000000;
	4077 : 000000000000;
	4078 : 000000000000;
	4079 : 000000000000;
	4080 : 000000000000;
	4081 : 000000000000;
	4082 : 000000000000;
	4083 : 000000000000;
	4084 : 000000000000;
	4085 : 000000000000;
	4086 : 000000000000;
	4087 : 000000000000;
	4088 : 000000000000;
	4089 : 000000000000;
	4090 : 000000000000;
	4091 : 000000000000;
	4092 : 000000000000;
	4093 : 000000000000;
	4094 : 000000000000;
	4095 : 000000000000;
	4096 : 000000000000;
	4097 : 000000000000;
	4098 : 000000000000;
	4099 : 000000000000;
	4100 : 000000000000;
	4101 : 000000000000;
	4102 : 000000000000;
	4103 : 000000000000;
	4104 : 000000000000;
	4105 : 000000000000;
	4106 : 000000000000;
	4107 : 000000000000;
	4108 : 000000000000;
	4109 : 000000000000;
	4110 : 000000000000;
	4111 : 000000000000;
	4112 : 000000000000;
	4113 : 000000000000;
	4114 : 000000000000;
	4115 : 000000000000;
	4116 : 000000000000;
	4117 : 000000000000;
	4118 : 000000000000;
	4119 : 000000000000;
	4120 : 000000000000;
	4121 : 000000000000;
	4122 : 000000000000;
	4123 : 000000000000;
	4124 : 000000000000;
	4125 : 000000000000;
	4126 : 000000000000;
	4127 : 000000000000;
	4128 : 000000000000;
	4129 : 000000000000;
	4130 : 000000000000;
	4131 : 000000000000;
	4132 : 000000000000;
	4133 : 000000000000;
	4134 : 000000000000;
	4135 : 000000000000;
	4136 : 111111111111;
	4137 : 110011011101;
	4138 : 001111001101;
	4139 : 000100101100;
	4140 : 000110001111;
	4141 : 001011010000;
	4142 : 001011110000;
	4143 : 001011001011;
	4144 : 001011011110;
	4145 : 001011011010;
	4146 : 001011011010;
	4147 : 001011110001;
	4148 : 001011101010;
	4149 : 001011111101;
	4150 : 001100000011;
	4151 : 001100001001;
	4152 : 001100010111;
	4153 : 001100001001;
	4154 : 001100110111;
	4155 : 001100110011;
	4156 : 001101011000;
	4157 : 001110010110;
	4158 : 001110010100;
	4159 : 001111100100;
	4160 : 010000010101;
	4161 : 010001101011;
	4162 : 010011001110;
	4163 : 010100101100;
	4164 : 010111010101;
	4165 : 011001001011;
	4166 : 011011001001;
	4167 : 011101011101;
	4168 : 011110101001;
	4169 : 011111011100;
	4170 : 011101001001;
	4171 : 011001101000;
	4172 : 010101100101;
	4173 : 010001101101;
	4174 : 001111100111;
	4175 : 001101001001;
	4176 : 001011100111;
	4177 : 001010110110;
	4178 : 001001111010;
	4179 : 001010000000;
	4180 : 001001101100;
	4181 : 001001100100;
	4182 : 001001011000;
	4183 : 001001001110;
	4184 : 001001111101;
	4185 : 001001100001;
	4186 : 001001011010;
	4187 : 001001110101;
	4188 : 001001010100;
	4189 : 001010000000;
	4190 : 001001111101;
	4191 : 001010000101;
	4192 : 001010001010;
	4193 : 001001110001;
	4194 : 001010000010;
	4195 : 001001100100;
	4196 : 001001100001;
	4197 : 001001101111;
	4198 : 001000111110;
	4199 : 001001010101;
	4200 : 001001000011;
	4201 : 001000110111;
	4202 : 001000110000;
	4203 : 001000010100;
	4204 : 001000010110;
	4205 : 001000100101;
	4206 : 001000000011;
	4207 : 001000001000;
	4208 : 001000000111;
	4209 : 001000111000;
	4210 : 001001010001;
	4211 : 001010100110;
	4212 : 001011010100;
	4213 : 001010110010;
	4214 : 001011100000;
	4215 : 001010110010;
	4216 : 001001110101;
	4217 : 001001100100;
	4218 : 001000100110;
	4219 : 001000010111;
	4220 : 000111111010;
	4221 : 000110111000;
	4222 : 000110101001;
	4223 : 000101111010;
	4224 : 000110010011;
	4225 : 000110001011;
	4226 : 000101110010;
	4227 : 000110000101;
	4228 : 000101100111;
	4229 : 000110011110;
	4230 : 000110010000;
	4231 : 000101111000;
	4232 : 000100110100;
	4233 : 000000000000;
	4234 : 000101011010;
	4235 : 010000111110;
	4236 : 110000011000;
	4237 : 111011000001;
	4238 : 100001101111;
	4239 : 000110010100;
	4240 : 000001101001;
	4241 : 000011110111;
	4242 : 001000010111;
	4243 : 000111110111;
	4244 : 001000101001;
	4245 : 001000011011;
	4246 : 001000001101;
	4247 : 001000110101;
	4248 : 001000011000;
	4249 : 001000111110;
	4250 : 001001010001;
	4251 : 001001011110;
	4252 : 001001110110;
	4253 : 001001011100;
	4254 : 001010001101;
	4255 : 001010010111;
	4256 : 001010100100;
	4257 : 001011010010;
	4258 : 001011011110;
	4259 : 001100111100;
	4260 : 001101110100;
	4261 : 001111001010;
	4262 : 000000000000;
	4263 : 000000000000;
	4264 : 000000000000;
	4265 : 000000000000;
	4266 : 000000000000;
	4267 : 000000000000;
	4268 : 000000000000;
	4269 : 000000000000;
	4270 : 000000000000;
	4271 : 000000000000;
	4272 : 000000000000;
	4273 : 000000000000;
	4274 : 000000000000;
	4275 : 000000000000;
	4276 : 000000000000;
	4277 : 000000000000;
	4278 : 000000000000;
	4279 : 000000000000;
	4280 : 000000000000;
	4281 : 000000000000;
	4282 : 000000000000;
	4283 : 000000000000;
	4284 : 000000000000;
	4285 : 000000000000;
	4286 : 000000000000;
	4287 : 000000000000;
	4288 : 000000000000;
	4289 : 000000000000;
	4290 : 000000000000;
	4291 : 000000000000;
	4292 : 000000000000;
	4293 : 000000000000;
	4294 : 000000000000;
	4295 : 000000000000;
	4296 : 000000000000;
	4297 : 000000000000;
	4298 : 000000000000;
	4299 : 000000000000;
	4300 : 000000000000;
	4301 : 000000000000;
	4302 : 000000000000;
	4303 : 000000000000;
	4304 : 000000000000;
	4305 : 000000000000;
	4306 : 000000000000;
	4307 : 000000000000;
	4308 : 000000000000;
	4309 : 000000000000;
	4310 : 000000000000;
	4311 : 000000000000;
	4312 : 000000000000;
	4313 : 000000000000;
	4314 : 000000000000;
	4315 : 000000000000;
	4316 : 000000000000;
	4317 : 000000000000;
	4318 : 000000000000;
	4319 : 000000000000;
	4320 : 000000000000;
	4321 : 000000000000;
	4322 : 000000000000;
	4323 : 000000000000;
	4324 : 111111111111;
	4325 : 100101111110;
	4326 : 010110010110;
	4327 : 000111110011;
	4328 : 000001100011;
	4329 : 000101001011;
	4330 : 001000111110;
	4331 : 001000101111;
	4332 : 001000101011;
	4333 : 001001000011;
	4334 : 001000111110;
	4335 : 001001001010;
	4336 : 001000111110;
	4337 : 001001010111;
	4338 : 001001101100;
	4339 : 001001110111;
	4340 : 001001111111;
	4341 : 001010010001;
	4342 : 001010101000;
	4343 : 001011001011;
	4344 : 001011100010;
	4345 : 001100001000;
	4346 : 001100101011;
	4347 : 001101001100;
	4348 : 001101111011;
	4349 : 001110101101;
	4350 : 001111101010;
	4351 : 010000010101;
	4352 : 010000100101;
	4353 : 010000111011;
	4354 : 010001000101;
	4355 : 010001001111;
	4356 : 010000111010;
	4357 : 010000001000;
	4358 : 001110110111;
	4359 : 001101100010;
	4360 : 001100001011;
	4361 : 001010101101;
	4362 : 001001101110;
	4363 : 001001010000;
	4364 : 001001000110;
	4365 : 001000101100;
	4366 : 001000011000;
	4367 : 001000000010;
	4368 : 001000011000;
	4369 : 001000001110;
	4370 : 001000000110;
	4371 : 001000001110;
	4372 : 001000000001;
	4373 : 001000000010;
	4374 : 000111111011;
	4375 : 000111111010;
	4376 : 000111101100;
	4377 : 000111101011;
	4378 : 000111110011;
	4379 : 000111100101;
	4380 : 000111100100;
	4381 : 000111010100;
	4382 : 000111001111;
	4383 : 000110111010;
	4384 : 000110110110;
	4385 : 000110111110;
	4386 : 000110100010;
	4387 : 000110100001;
	4388 : 000110100001;
	4389 : 000110001011;
	4390 : 000110011010;
	4391 : 000110000000;
	4392 : 000110001000;
	4393 : 000110001110;
	4394 : 000110001000;
	4395 : 000101110101;
	4396 : 000101111000;
	4397 : 000110000111;
	4398 : 000110001000;
	4399 : 000101111000;
	4400 : 000101111000;
	4401 : 000110000011;
	4402 : 000110000100;
	4403 : 000110100001;
	4404 : 000110010010;
	4405 : 000111001001;
	4406 : 001000100011;
	4407 : 001001000110;
	4408 : 001000111010;
	4409 : 001000101011;
	4410 : 000111111011;
	4411 : 000111100000;
	4412 : 000110011110;
	4413 : 000111001011;
	4414 : 000110111011;
	4415 : 000101110100;
	4416 : 000100011001;
	4417 : 000100001000;
	4418 : 000100000001;
	4419 : 000100000000;
	4420 : 000100001111;
	4421 : 000100100110;
	4422 : 000100100110;
	4423 : 000100101000;
	4424 : 000100111111;
	4425 : 000101010111;
	4426 : 000101000011;
	4427 : 000011110000;
	4428 : 000100111000;
	4429 : 001110000101;
	4430 : 101001001001;
	4431 : 111111010111;
	4432 : 100000101101;
	4433 : 010011000011;
	4434 : 000101000011;
	4435 : 000000000000;
	4436 : 000010111000;
	4437 : 000110111000;
	4438 : 000110111010;
	4439 : 000111000111;
	4440 : 000111010010;
	4441 : 000111010110;
	4442 : 000111011101;
	4443 : 000111100000;
	4444 : 000111111010;
	4445 : 000111111111;
	4446 : 000111111111;
	4447 : 001000010001;
	4448 : 001000100101;
	4449 : 001000111111;
	4450 : 001001001010;
	4451 : 000000000000;
	4452 : 000000000000;
	4453 : 000000000000;
	4454 : 000000000000;
	4455 : 000000000000;
	4456 : 000000000000;
	4457 : 000000000000;
	4458 : 000000000000;
	4459 : 000000000000;
	4460 : 000000000000;
	4461 : 000000000000;
	4462 : 000000000000;
	4463 : 000000000000;
	4464 : 000000000000;
	4465 : 000000000000;
	4466 : 000000000000;
	4467 : 000000000000;
	4468 : 000000000000;
	4469 : 000000000000;
	4470 : 000000000000;
	4471 : 000000000000;
	4472 : 000000000000;
	4473 : 000000000000;
	4474 : 000000000000;
	4475 : 000000000000;
	4476 : 000000000000;
	4477 : 000000000000;
	4478 : 000000000000;
	4479 : 000000000000;
	4480 : 000000000000;
	4481 : 000000000000;
	4482 : 000000000000;
	4483 : 000000000000;
	4484 : 000000000000;
	4485 : 000000000000;
	4486 : 000000000000;
	4487 : 000000000000;
	4488 : 000000000000;
	4489 : 000000000000;
	4490 : 000000000000;
	4491 : 000000000000;
	4492 : 000000000000;
	4493 : 000000000000;
	4494 : 000000000000;
	4495 : 000000000000;
	4496 : 000000000000;
	4497 : 000000000000;
	4498 : 000000000000;
	4499 : 000000000000;
	4500 : 000000000000;
	4501 : 000000000000;
	4502 : 000000000000;
	4503 : 000000000000;
	4504 : 000000000000;
	4505 : 000000000000;
	4506 : 000000000000;
	4507 : 000000000000;
	4508 : 000000000000;
	4509 : 000000000000;
	4510 : 000000000000;
	4511 : 000000000000;
	4512 : 111010001111;
	4513 : 111111111111;
	4514 : 101000100001;
	4515 : 001110100111;
	4516 : 000001111110;
	4517 : 001010101010;
	4518 : 010011000011;
	4519 : 010100111000;
	4520 : 010101010100;
	4521 : 010110011000;
	4522 : 010110110001;
	4523 : 010110110111;
	4524 : 010111100111;
	4525 : 011000000000;
	4526 : 011000001111;
	4527 : 011000111111;
	4528 : 011000111101;
	4529 : 011001010100;
	4530 : 011001101000;
	4531 : 011010101100;
	4532 : 011011110011;
	4533 : 011100110011;
	4534 : 011111000011;
	4535 : 100000010010;
	4536 : 100001110101;
	4537 : 100100001000;
	4538 : 100110111001;
	4539 : 101001010111;
	4540 : 101011110001;
	4541 : 101101111000;
	4542 : 101110101101;
	4543 : 101111111001;
	4544 : 110000001000;
	4545 : 101110000111;
	4546 : 101010100011;
	4547 : 100110010001;
	4548 : 100001110000;
	4549 : 011101001111;
	4550 : 011010010001;
	4551 : 011000100100;
	4552 : 010110101111;
	4553 : 010101111010;
	4554 : 010101010110;
	4555 : 010100110101;
	4556 : 010100110000;
	4557 : 010100111101;
	4558 : 010100111101;
	4559 : 010100001111;
	4560 : 010100001101;
	4561 : 010100010010;
	4562 : 010100100001;
	4563 : 010100101110;
	4564 : 010100101011;
	4565 : 010100011100;
	4566 : 010100101011;
	4567 : 010100111000;
	4568 : 010100010111;
	4569 : 010100100110;
	4570 : 010101000010;
	4571 : 010100111111;
	4572 : 010101001010;
	4573 : 010101001100;
	4574 : 010100100110;
	4575 : 010100011001;
	4576 : 010100010100;
	4577 : 010100000011;
	4578 : 010011101001;
	4579 : 010100000011;
	4580 : 010011010111;
	4581 : 010010111100;
	4582 : 010010110110;
	4583 : 010010101111;
	4584 : 010010110110;
	4585 : 010010011000;
	4586 : 010010001001;
	4587 : 010010100010;
	4588 : 010001111100;
	4589 : 010010010000;
	4590 : 010001110010;
	4591 : 010001101101;
	4592 : 010010001011;
	4593 : 010001101101;
	4594 : 010001110101;
	4595 : 010001111111;
	4596 : 010001010110;
	4597 : 010001101010;
	4598 : 010001100101;
	4599 : 010001011001;
	4600 : 010001101111;
	4601 : 010001110111;
	4602 : 010001101000;
	4603 : 010001101111;
	4604 : 010001100101;
	4605 : 010001100101;
	4606 : 010011010010;
	4607 : 010101111100;
	4608 : 010111010101;
	4609 : 010111100010;
	4610 : 011010010011;
	4611 : 011010100111;
	4612 : 011000110101;
	4613 : 011001101011;
	4614 : 010111101110;
	4615 : 010100001101;
	4616 : 010001110101;
	4617 : 001111110110;
	4618 : 001111001101;
	4619 : 001110100111;
	4620 : 001111011111;
	4621 : 001111011111;
	4622 : 001111011111;
	4623 : 001111010000;
	4624 : 001111101001;
	4625 : 001111011111;
	4626 : 010101101010;
	4627 : 011000100001;
	4628 : 011110111100;
	4629 : 111000101110;
	4630 : 111011111001;
	4631 : 100011101010;
	4632 : 001011011010;
	4633 : 000000000000;
	4634 : 001001010011;
	4635 : 010001001001;
	4636 : 010010011000;
	4637 : 010011100111;
	4638 : 010100010111;
	4639 : 010100111111;
	4640 : 010101011110;
	4641 : 010101011001;
	4642 : 010101001010;
	4643 : 010101110000;
	4644 : 010101110101;
	4645 : 010111001101;
	4646 : 010111010000;
	4647 : 010111110011;
	4648 : 011000110000;
	4649 : 011001101011;
	4650 : 011010111001;
	4651 : 000000000000;
	4652 : 000000000000;
	4653 : 000000000000;
	4654 : 000000000000;
	4655 : 000000000000;
	4656 : 000000000000;
	4657 : 000000000000;
	4658 : 000000000000;
	4659 : 000000000000;
	4660 : 000000000000;
	4661 : 000000000000;
	4662 : 000000000000;
	4663 : 000000000000;
	4664 : 000000000000;
	4665 : 000000000000;
	4666 : 000000000000;
	4667 : 000000000000;
	4668 : 000000000000;
	4669 : 000000000000;
	4670 : 000000000000;
	4671 : 000000000000;
	4672 : 000000000000;
	4673 : 000000000000;
	4674 : 000000000000;
	4675 : 000000000000;
	4676 : 000000000000;
	4677 : 000000000000;
	4678 : 000000000000;
	4679 : 000000000000;
	4680 : 000000000000;
	4681 : 000000000000;
	4682 : 000000000000;
	4683 : 000000000000;
	4684 : 000000000000;
	4685 : 000000000000;
	4686 : 000000000000;
	4687 : 000000000000;
	4688 : 000000000000;
	4689 : 000000000000;
	4690 : 000000000000;
	4691 : 000000000000;
	4692 : 000000000000;
	4693 : 000000000000;
	4694 : 000000000000;
	4695 : 000000000000;
	4696 : 000000000000;
	4697 : 000000000000;
	4698 : 000000000000;
	4699 : 000000000000;
	4700 : 111101111000;
	4701 : 100110010000;
	4702 : 000111101000;
	4703 : 000001101010;
	4704 : 000011110111;
	4705 : 000011010100;
	4706 : 000011000000;
	4707 : 000010110010;
	4708 : 000010110001;
	4709 : 000011000010;
	4710 : 000010110101;
	4711 : 000011011101;
	4712 : 000011001110;
	4713 : 000011101101;
	4714 : 000100010011;
	4715 : 000100000001;
	4716 : 000100100100;
	4717 : 000100011111;
	4718 : 000100110111;
	4719 : 000101000110;
	4720 : 000101001011;
	4721 : 000110000010;
	4722 : 000110100000;
	4723 : 000110101100;
	4724 : 000111011110;
	4725 : 001000010001;
	4726 : 001001011000;
	4727 : 001010010111;
	4728 : 001011010001;
	4729 : 001100000101;
	4730 : 001100111000;
	4731 : 001110011011;
	4732 : 001111000100;
	4733 : 001111111001;
	4734 : 001111111001;
	4735 : 001110101010;
	4736 : 001101001010;
	4737 : 001010100100;
	4738 : 001000000110;
	4739 : 000110011001;
	4740 : 000100010110;
	4741 : 000011010101;
	4742 : 000001111000;
	4743 : 000001100101;
	4744 : 000001100110;
	4745 : 000001000010;
	4746 : 000001000001;
	4747 : 000000100110;
	4748 : 000000101001;
	4749 : 000000101100;
	4750 : 000000101001;
	4751 : 000000110010;
	4752 : 000000110010;
	4753 : 000000111111;
	4754 : 000001001111;
	4755 : 000000111010;
	4756 : 000001001001;
	4757 : 000000101010;
	4758 : 000000111010;
	4759 : 000001001010;
	4760 : 000000110111;
	4761 : 000001001000;
	4762 : 000000111011;
	4763 : 000001001100;
	4764 : 000001001001;
	4765 : 000000110110;
	4766 : 000001001111;
	4767 : 000000111100;
	4768 : 000000101111;
	4769 : 000000110000;
	4770 : 000000101000;
	4771 : 000000101010;
	4772 : 000000011011;
	4773 : 000000101101;
	4774 : 000000110001;
	4775 : 000000011101;
	4776 : 000000101110;
	4777 : 000000101001;
	4778 : 000000100110;
	4779 : 000000011110;
	4780 : 000000010110;
	4781 : 000000110000;
	4782 : 000000111011;
	4783 : 000001001110;
	4784 : 000001110001;
	4785 : 000001110001;
	4786 : 000001110000;
	4787 : 000001111100;
	4788 : 000010010000;
	4789 : 000010000010;
	4790 : 000001101011;
	4791 : 000001101101;
	4792 : 000001101000;
	4793 : 000001001000;
	4794 : 000000101000;
	4795 : 000000100110;
	4796 : 000000110001;
	4797 : 000000100100;
	4798 : 000000110001;
	4799 : 000000011011;
	4800 : 000000001011;
	4801 : 000000101110;
	4802 : 000000011101;
	4803 : 000000001011;
	4804 : 000000000000;
	4805 : 000011100001;
	4806 : 010110001111;
	4807 : 101001111001;
	4808 : 111111111111;
	4809 : 110110000101;
	4810 : 010100100001;
	4811 : 000010110001;
	4812 : 000010010111;
	4813 : 000011000010;
	4814 : 000010001100;
	4815 : 000001100101;
	4816 : 000001110111;
	4817 : 000001101100;
	4818 : 000001111001;
	4819 : 000010011001;
	4820 : 000010011011;
	4821 : 000010111101;
	4822 : 000010111100;
	4823 : 000011001011;
	4824 : 000011100011;
	4825 : 000011011100;
	4826 : 000011110101;
	4827 : 000011110100;
	4828 : 000100000101;
	4829 : 000100101110;
	4830 : 000100111010;
	4831 : 000101110101;
	4832 : 000000000000;
	4833 : 000000000000;
	4834 : 000000000000;
	4835 : 000000000000;
	4836 : 000000000000;
	4837 : 000000000000;
	4838 : 000000000000;
	4839 : 000000000000;
	4840 : 000000000000;
	4841 : 000000000000;
	4842 : 000000000000;
	4843 : 000000000000;
	4844 : 000000000000;
	4845 : 000000000000;
	4846 : 000000000000;
	4847 : 000000000000;
	4848 : 000000000000;
	4849 : 000000000000;
	4850 : 000000000000;
	4851 : 000000000000;
	4852 : 000000000000;
	4853 : 000000000000;
	4854 : 000000000000;
	4855 : 000000000000;
	4856 : 000000000000;
	4857 : 000000000000;
	4858 : 000000000000;
	4859 : 000000000000;
	4860 : 000000000000;
	4861 : 000000000000;
	4862 : 000000000000;
	4863 : 000000000000;
	4864 : 000000000000;
	4865 : 000000000000;
	4866 : 000000000000;
	4867 : 000000000000;
	4868 : 000000000000;
	4869 : 000000000000;
	4870 : 000000000000;
	4871 : 000000000000;
	4872 : 000000000000;
	4873 : 000000000000;
	4874 : 000000000000;
	4875 : 000000000000;
	4876 : 000000000000;
	4877 : 000000000000;
	4878 : 000000000000;
	4879 : 000000000000;
	4880 : 000000000000;
	4881 : 000000000000;
	4882 : 000000000000;
	4883 : 000000000000;
	4884 : 000000000000;
	4885 : 000000000000;
	4886 : 000000000000;
	4887 : 000000000000;
	4888 : 111111111111;
	4889 : 101001110011;
	4890 : 000100101100;
	4891 : 000001000000;
	4892 : 000010110100;
	4893 : 000110111000;
	4894 : 000111011111;
	4895 : 000111100111;
	4896 : 000110111101;
	4897 : 000111100001;
	4898 : 000111011110;
	4899 : 000111110011;
	4900 : 000111101001;
	4901 : 001000001010;
	4902 : 001001000010;
	4903 : 001001010011;
	4904 : 001000100101;
	4905 : 001001111011;
	4906 : 001010100001;
	4907 : 001011011010;
	4908 : 001011110000;
	4909 : 001101011010;
	4910 : 001110101101;
	4911 : 001111100100;
	4912 : 010001101001;
	4913 : 010011100001;
	4914 : 010100011000;
	4915 : 010101000101;
	4916 : 010110000011;
	4917 : 010101111101;
	4918 : 010100010000;
	4919 : 010001101010;
	4920 : 001111100100;
	4921 : 001100011111;
	4922 : 001010010010;
	4923 : 001001000111;
	4924 : 000111011101;
	4925 : 000111110011;
	4926 : 000101111001;
	4927 : 000110101000;
	4928 : 000110001110;
	4929 : 000101101110;
	4930 : 000101111110;
	4931 : 000101111001;
	4932 : 000101110100;
	4933 : 000101111110;
	4934 : 000110000010;
	4935 : 000110101011;
	4936 : 000101101101;
	4937 : 000101010010;
	4938 : 000110000111;
	4939 : 000110010010;
	4940 : 000101110111;
	4941 : 000110001110;
	4942 : 000101101111;
	4943 : 000110100001;
	4944 : 000101100001;
	4945 : 000110010101;
	4946 : 000101111001;
	4947 : 000101110010;
	4948 : 000110101101;
	4949 : 000100101010;
	4950 : 000101111010;
	4951 : 000101001001;
	4952 : 000100110110;
	4953 : 000101001111;
	4954 : 000101001000;
	4955 : 000101011110;
	4956 : 000100101001;
	4957 : 000101011101;
	4958 : 000100011100;
	4959 : 000101000000;
	4960 : 000100101110;
	4961 : 000101001011;
	4962 : 000100101110;
	4963 : 000100101111;
	4964 : 000101010011;
	4965 : 000110001000;
	4966 : 000110100001;
	4967 : 000110110110;
	4968 : 000111100101;
	4969 : 000110000001;
	4970 : 000110100011;
	4971 : 000110000000;
	4972 : 000101001001;
	4973 : 000101010110;
	4974 : 000100011100;
	4975 : 000100011011;
	4976 : 000011101000;
	4977 : 000101000011;
	4978 : 000100001010;
	4979 : 000011100011;
	4980 : 000011111110;
	4981 : 000011110001;
	4982 : 000001011011;
	4983 : 000000101000;
	4984 : 000111011110;
	4985 : 011000111010;
	4986 : 110010111100;
	4987 : 111101011001;
	4988 : 100011111000;
	4989 : 000001010010;
	4990 : 000000000000;
	4991 : 000001110101;
	4992 : 000101111110;
	4993 : 000101001111;
	4994 : 000110010011;
	4995 : 000101010111;
	4996 : 000101111101;
	4997 : 000110100000;
	4998 : 000110101010;
	4999 : 000110101000;
	5000 : 000110111110;
	5001 : 000110111001;
	5002 : 000111101100;
	5003 : 001000001111;
	5004 : 001000010100;
	5005 : 001001101010;
	5006 : 001010000100;
	5007 : 001010111010;
	5008 : 001100001100;
	5009 : 001101011010;
	5010 : 000000000000;
	5011 : 000000000000;
	5012 : 000000000000;
	5013 : 000000000000;
	5014 : 000000000000;
	5015 : 000000000000;
	5016 : 000000000000;
	5017 : 000000000000;
	5018 : 000000000000;
	5019 : 000000000000;
	5020 : 000000000000;
	5021 : 000000000000;
	5022 : 000000000000;
	5023 : 000000000000;
	5024 : 000000000000;
	5025 : 000000000000;
	5026 : 000000000000;
	5027 : 000000000000;
	5028 : 000000000000;
	5029 : 000000000000;
	5030 : 000000000000;
	5031 : 000000000000;
	5032 : 000000000000;
	5033 : 000000000000;
	5034 : 000000000000;
	5035 : 000000000000;
	5036 : 000000000000;
	5037 : 000000000000;
	5038 : 000000000000;
	5039 : 000000000000;
	5040 : 000000000000;
	5041 : 000000000000;
	5042 : 000000000000;
	5043 : 000000000000;
	5044 : 000000000000;
	5045 : 000000000000;
	5046 : 000000000000;
	5047 : 000000000000;
	5048 : 000000000000;
	5049 : 000000000000;
	5050 : 000000000000;
	5051 : 000000000000;
	5052 : 000000000000;
	5053 : 000000000000;
	5054 : 000000000000;
	5055 : 000000000000;
	5056 : 000000000000;
	5057 : 000000000000;
	5058 : 000000000000;
	5059 : 000000000000;
	5060 : 000000000000;
	5061 : 000000000000;
	5062 : 000000000000;
	5063 : 000000000000;
	5064 : 000000000000;
	5065 : 000000000000;
	5066 : 000000000000;
	5067 : 000000000000;
	5068 : 000000000000;
	5069 : 000000000000;
	5070 : 000000000000;
	5071 : 000000000000;
	5072 : 000000000000;
	5073 : 000000000000;
	5074 : 000000000000;
	5075 : 000000000000;
	5076 : 111010011100;
	5077 : 111111111111;
	5078 : 010100101101;
	5079 : 000110110001;
	5080 : 000111000000;
	5081 : 000101100110;
	5082 : 000110001010;
	5083 : 000101111101;
	5084 : 000101100110;
	5085 : 000101011010;
	5086 : 000101101011;
	5087 : 000101111011;
	5088 : 000110000011;
	5089 : 000110001100;
	5090 : 000110011100;
	5091 : 000110011010;
	5092 : 000110100111;
	5093 : 000110110101;
	5094 : 000111100011;
	5095 : 001000001010;
	5096 : 001000111100;
	5097 : 001001110001;
	5098 : 001010111000;
	5099 : 001100011101;
	5100 : 001110001001;
	5101 : 010000010001;
	5102 : 010010010000;
	5103 : 010100000001;
	5104 : 010101111110;
	5105 : 010111110001;
	5106 : 011001000110;
	5107 : 011001010101;
	5108 : 011000101101;
	5109 : 010110110001;
	5110 : 010100000110;
	5111 : 010001001111;
	5112 : 001110110010;
	5113 : 001100010001;
	5114 : 001010010101;
	5115 : 001001100001;
	5116 : 001000101101;
	5117 : 000111110111;
	5118 : 000111011010;
	5119 : 000111011100;
	5120 : 000111011111;
	5121 : 000111100111;
	5122 : 000111100001;
	5123 : 000111100101;
	5124 : 000111100111;
	5125 : 000111110001;
	5126 : 000111110011;
	5127 : 000111100011;
	5128 : 000111010010;
	5129 : 000111100111;
	5130 : 000111011110;
	5131 : 000111001100;
	5132 : 000110110101;
	5133 : 000110100101;
	5134 : 000110011000;
	5135 : 000110101001;
	5136 : 000110011010;
	5137 : 000110010000;
	5138 : 000101100000;
	5139 : 000101011110;
	5140 : 000101101101;
	5141 : 000101010010;
	5142 : 000101000001;
	5143 : 000100100110;
	5144 : 000100111011;
	5145 : 000101000101;
	5146 : 000100111111;
	5147 : 000100110101;
	5148 : 000100101010;
	5149 : 000100001011;
	5150 : 000100001101;
	5151 : 000100001110;
	5152 : 000011111111;
	5153 : 000011110011;
	5154 : 000011110011;
	5155 : 000011111001;
	5156 : 000011101111;
	5157 : 000100010110;
	5158 : 000011111101;
	5159 : 000101011000;
	5160 : 000101011010;
	5161 : 000110110111;
	5162 : 000111101111;
	5163 : 001000110011;
	5164 : 001001010000;
	5165 : 000111110111;
	5166 : 000111010000;
	5167 : 000110110011;
	5168 : 000101100010;
	5169 : 000011010001;
	5170 : 000011000001;
	5171 : 000010010001;
	5172 : 000010011100;
	5173 : 000010101100;
	5174 : 000010011100;
	5175 : 000000000000;
	5176 : 001000110111;
	5177 : 011100000101;
	5178 : 110010011000;
	5179 : 111001100110;
	5180 : 011101010101;
	5181 : 000101111101;
	5182 : 000110001100;
	5183 : 000010111111;
	5184 : 000011101100;
	5185 : 000011100100;
	5186 : 000011011110;
	5187 : 000011100010;
	5188 : 000011100100;
	5189 : 000011101111;
	5190 : 000011101111;
	5191 : 000011100100;
	5192 : 000011101111;
	5193 : 000011111101;
	5194 : 000011101110;
	5195 : 000100000111;
	5196 : 000100011000;
	5197 : 000101011100;
	5198 : 000101110011;
	5199 : 000000000000;
	5200 : 000000000000;
	5201 : 000000000000;
	5202 : 000000000000;
	5203 : 000000000000;
	5204 : 000000000000;
	5205 : 000000000000;
	5206 : 000000000000;
	5207 : 000000000000;
	5208 : 000000000000;
	5209 : 000000000000;
	5210 : 000000000000;
	5211 : 000000000000;
	5212 : 000000000000;
	5213 : 000000000000;
	5214 : 000000000000;
	5215 : 000000000000;
	5216 : 000000000000;
	5217 : 000000000000;
	5218 : 000000000000;
	5219 : 000000000000;
	5220 : 000000000000;
	5221 : 000000000000;
	5222 : 000000000000;
	5223 : 000000000000;
	5224 : 000000000000;
	5225 : 000000000000;
	5226 : 000000000000;
	5227 : 000000000000;
	5228 : 000000000000;
	5229 : 000000000000;
	5230 : 000000000000;
	5231 : 000000000000;
	5232 : 000000000000;
	5233 : 000000000000;
	5234 : 000000000000;
	5235 : 000000000000;
	5236 : 000000000000;
	5237 : 000000000000;
	5238 : 000000000000;
	5239 : 000000000000;
	5240 : 000000000000;
	5241 : 000000000000;
	5242 : 000000000000;
	5243 : 000000000000;
	5244 : 000000000000;
	5245 : 000000000000;
	5246 : 000000000000;
	5247 : 000000000000;
	5248 : 000000000000;
	5249 : 000000000000;
	5250 : 000000000000;
	5251 : 000000000000;
	5252 : 000000000000;
	5253 : 000000000000;
	5254 : 000000000000;
	5255 : 000000000000;
	5256 : 000000000000;
	5257 : 000000000000;
	5258 : 000000000000;
	5259 : 000000000000;
	5260 : 000000000000;
	5261 : 000000000000;
	5262 : 000000000000;
	5263 : 000000000000;
	5264 : 111110000110;
	5265 : 110100111101;
	5266 : 010010110011;
	5267 : 000011001011;
	5268 : 000011100000;
	5269 : 000111110100;
	5270 : 000111110111;
	5271 : 000111101010;
	5272 : 000111100011;
	5273 : 000111101101;
	5274 : 000111110100;
	5275 : 000111100101;
	5276 : 000111001011;
	5277 : 000111101010;
	5278 : 000111011011;
	5279 : 000111111100;
	5280 : 001000000001;
	5281 : 000111101010;
	5282 : 001000011111;
	5283 : 001001010000;
	5284 : 001001111111;
	5285 : 001010000101;
	5286 : 001010011110;
	5287 : 001010110011;
	5288 : 001011100010;
	5289 : 001100100100;
	5290 : 001101011000;
	5291 : 001110010010;
	5292 : 001111001110;
	5293 : 010000100000;
	5294 : 010011001100;
	5295 : 010100111001;
	5296 : 010111101111;
	5297 : 011010101001;
	5298 : 011101000011;
	5299 : 011110111011;
	5300 : 011110111101;
	5301 : 011101010101;
	5302 : 011001111110;
	5303 : 010110000010;
	5304 : 010010010100;
	5305 : 001111001001;
	5306 : 001100101110;
	5307 : 001011001001;
	5308 : 001001111101;
	5309 : 001001011010;
	5310 : 001001000000;
	5311 : 001000110100;
	5312 : 000111101100;
	5313 : 000111101111;
	5314 : 000111110101;
	5315 : 000111011011;
	5316 : 000111100101;
	5317 : 000111101100;
	5318 : 000111110001;
	5319 : 001000001101;
	5320 : 000111011101;
	5321 : 000111110010;
	5322 : 000111111111;
	5323 : 001000000011;
	5324 : 001000011000;
	5325 : 001000001011;
	5326 : 001000010011;
	5327 : 000111111111;
	5328 : 000111111110;
	5329 : 001000000011;
	5330 : 000111001111;
	5331 : 000111100010;
	5332 : 000111011101;
	5333 : 000111000001;
	5334 : 000111011011;
	5335 : 000110110010;
	5336 : 000110110000;
	5337 : 000110000010;
	5338 : 000101101011;
	5339 : 000110000111;
	5340 : 000101100110;
	5341 : 000101011010;
	5342 : 000101011111;
	5343 : 000101010100;
	5344 : 000101010111;
	5345 : 000100101100;
	5346 : 000101000001;
	5347 : 000101110101;
	5348 : 001000000011;
	5349 : 001000111011;
	5350 : 001001000011;
	5351 : 001001110001;
	5352 : 001001110001;
	5353 : 001001101100;
	5354 : 001001011101;
	5355 : 000111111100;
	5356 : 000111111110;
	5357 : 000111000110;
	5358 : 000101110011;
	5359 : 000101100100;
	5360 : 000100111110;
	5361 : 000100111011;
	5362 : 000101010100;
	5363 : 000100111011;
	5364 : 000101011001;
	5365 : 000100101110;
	5366 : 000100111101;
	5367 : 000101001000;
	5368 : 000100111101;
	5369 : 000101000000;
	5370 : 000100101001;
	5371 : 000100011100;
	5372 : 000010010110;
	5373 : 000000000000;
	5374 : 001001111011;
	5375 : 011011101111;
	5376 : 111111111111;
	5377 : 111011100100;
	5378 : 010110111010;
	5379 : 000100101100;
	5380 : 000011110010;
	5381 : 001000100101;
	5382 : 001000110011;
	5383 : 000111111110;
	5384 : 000111100111;
	5385 : 000111010001;
	5386 : 000111001001;
	5387 : 000111001011;
	5388 : 000111001001;
	5389 : 000111001110;
	5390 : 000110110111;
	5391 : 000110110101;
	5392 : 000110100011;
	5393 : 000110011001;
	5394 : 000110010111;
	5395 : 000110010111;
	5396 : 000111000111;
	5397 : 000111000111;
	5398 : 000111110001;
	5399 : 001000101100;
	5400 : 000000000000;
	5401 : 000000000000;
	5402 : 000000000000;
	5403 : 000000000000;
	5404 : 000000000000;
	5405 : 000000000000;
	5406 : 000000000000;
	5407 : 000000000000;
	5408 : 000000000000;
	5409 : 000000000000;
	5410 : 000000000000;
	5411 : 000000000000;
	5412 : 000000000000;
	5413 : 000000000000;
	5414 : 000000000000;
	5415 : 000000000000;
	5416 : 000000000000;
	5417 : 000000000000;
	5418 : 000000000000;
	5419 : 000000000000;
	5420 : 000000000000;
	5421 : 000000000000;
	5422 : 000000000000;
	5423 : 000000000000;
	5424 : 000000000000;
	5425 : 000000000000;
	5426 : 000000000000;
	5427 : 000000000000;
	5428 : 000000000000;
	5429 : 000000000000;
	5430 : 000000000000;
	5431 : 000000000000;
	5432 : 000000000000;
	5433 : 000000000000;
	5434 : 000000000000;
	5435 : 000000000000;
	5436 : 000000000000;
	5437 : 000000000000;
	5438 : 000000000000;
	5439 : 000000000000;
	5440 : 000000000000;
	5441 : 000000000000;
	5442 : 000000000000;
	5443 : 000000000000;
	5444 : 000000000000;
	5445 : 000000000000;
	5446 : 000000000000;
	5447 : 000000000000;
	5448 : 000000000000;
	5449 : 000000000000;
	5450 : 000000000000;
	5451 : 000000000000;
	5452 : 111111111111;
	5453 : 100111100101;
	5454 : 000111011000;
	5455 : 000111100110;
	5456 : 001000000001;
	5457 : 000111001010;
	5458 : 000111001000;
	5459 : 000110001101;
	5460 : 000101111001;
	5461 : 000101100110;
	5462 : 000110010000;
	5463 : 000101111110;
	5464 : 000101010001;
	5465 : 000100110110;
	5466 : 000101101111;
	5467 : 000101110000;
	5468 : 000100101110;
	5469 : 000101010001;
	5470 : 000110000001;
	5471 : 000110010010;
	5472 : 000101110000;
	5473 : 000110101100;
	5474 : 000111010000;
	5475 : 000111000011;
	5476 : 001000011001;
	5477 : 001000111110;
	5478 : 001010001100;
	5479 : 001100010010;
	5480 : 001101111101;
	5481 : 001111101001;
	5482 : 010001000011;
	5483 : 010010011111;
	5484 : 010011101100;
	5485 : 010101001111;
	5486 : 010101110110;
	5487 : 010101110001;
	5488 : 010100110101;
	5489 : 010010001010;
	5490 : 001110110000;
	5491 : 001101010010;
	5492 : 001010100001;
	5493 : 001000010011;
	5494 : 000111111000;
	5495 : 000110100010;
	5496 : 000110100100;
	5497 : 000110010101;
	5498 : 000101011011;
	5499 : 000110001100;
	5500 : 000101110000;
	5501 : 000110000000;
	5502 : 000110100011;
	5503 : 000110011011;
	5504 : 000110011011;
	5505 : 000110100001;
	5506 : 000110010011;
	5507 : 000110011010;
	5508 : 000110101000;
	5509 : 000110010100;
	5510 : 000110001111;
	5511 : 000110011011;
	5512 : 000110001111;
	5513 : 000110100110;
	5514 : 000101111010;
	5515 : 000101101111;
	5516 : 000110101001;
	5517 : 000111001101;
	5518 : 001000010001;
	5519 : 001001111010;
	5520 : 001011010001;
	5521 : 001011011110;
	5522 : 001011001111;
	5523 : 001000101010;
	5524 : 000111011111;
	5525 : 000110001011;
	5526 : 000101001111;
	5527 : 000011111011;
	5528 : 000011110110;
	5529 : 000011000010;
	5530 : 000011100001;
	5531 : 000011110010;
	5532 : 000010110100;
	5533 : 000010010111;
	5534 : 000011000100;
	5535 : 000010110110;
	5536 : 000010011010;
	5537 : 000000000000;
	5538 : 001001101100;
	5539 : 011110001110;
	5540 : 110110011111;
	5541 : 111111011101;
	5542 : 010111111101;
	5543 : 000011111101;
	5544 : 000101100101;
	5545 : 000110000001;
	5546 : 000101000010;
	5547 : 000100001001;
	5548 : 000011100000;
	5549 : 000011010100;
	5550 : 000011110010;
	5551 : 000011100000;
	5552 : 000011110010;
	5553 : 000011111001;
	5554 : 000100001101;
	5555 : 000011100011;
	5556 : 000011110011;
	5557 : 000100000010;
	5558 : 000100000110;
	5559 : 000100001110;
	5560 : 000100100011;
	5561 : 000100110011;
	5562 : 000101001001;
	5563 : 000110001000;
	5564 : 000111000010;
	5565 : 000111100101;
	5566 : 001000111011;
	5567 : 001010110010;
	5568 : 001100010100;
	5569 : 001110001001;
	5570 : 001111100100;
	5571 : 010001011111;
	5572 : 010011000100;
	5573 : 010100001001;
	5574 : 010100111101;
	5575 : 010100011011;
	5576 : 010010100011;
	5577 : 001111110011;
	5578 : 001101001110;
	5579 : 001010011101;
	5580 : 001000101110;
	5581 : 000110110010;
	5582 : 000101101001;
	5583 : 000101001000;
	5584 : 000100111010;
	5585 : 000100100100;
	5586 : 000100101010;
	5587 : 000100100010;
	5588 : 000100011000;
	5589 : 000100001111;
	5590 : 000100010011;
	5591 : 000100110011;
	5592 : 000100111011;
	5593 : 000100111001;
	5594 : 000101010111;
	5595 : 000101011111;
	5596 : 000000000000;
	5597 : 000000000000;
	5598 : 000000000000;
	5599 : 000000000000;
	5600 : 000000000000;
	5601 : 000000000000;
	5602 : 000000000000;
	5603 : 000000000000;
	5604 : 000000000000;
	5605 : 000000000000;
	5606 : 000000000000;
	5607 : 000000000000;
	5608 : 000000000000;
	5609 : 000000000000;
	5610 : 000000000000;
	5611 : 000000000000;
	5612 : 000000000000;
	5613 : 000000000000;
	5614 : 000000000000;
	5615 : 000000000000;
	5616 : 000000000000;
	5617 : 000000000000;
	5618 : 000000000000;
	5619 : 000000000000;
	5620 : 000000000000;
	5621 : 000000000000;
	5622 : 000000000000;
	5623 : 000000000000;
	5624 : 000000000000;
	5625 : 000000000000;
	5626 : 000000000000;
	5627 : 000000000000;
	5628 : 000000000000;
	5629 : 000000000000;
	5630 : 000000000000;
	5631 : 000000000000;
	5632 : 000000000000;
	5633 : 000000000000;
	5634 : 000000000000;
	5635 : 000000000000;
	5636 : 000000000000;
	5637 : 000000000000;
	5638 : 000000000000;
	5639 : 000000000000;
	5640 : 111111111111;
	5641 : 111101000101;
	5642 : 100100011110;
	5643 : 010010110000;
	5644 : 000000000000;
	5645 : 001000100100;
	5646 : 001110101000;
	5647 : 010011011100;
	5648 : 010100011110;
	5649 : 010011111110;
	5650 : 010101011011;
	5651 : 010101011101;
	5652 : 010110000011;
	5653 : 010110111100;
	5654 : 010110000011;
	5655 : 010111000101;
	5656 : 010110110110;
	5657 : 010111100011;
	5658 : 011000001011;
	5659 : 010111100000;
	5660 : 011000101101;
	5661 : 011000100000;
	5662 : 011001000010;
	5663 : 011001110100;
	5664 : 011001000110;
	5665 : 011010100011;
	5666 : 011010011000;
	5667 : 011011111110;
	5668 : 011101101010;
	5669 : 011101001100;
	5670 : 011101101110;
	5671 : 011011001101;
	5672 : 011001111011;
	5673 : 011000110011;
	5674 : 010110101001;
	5675 : 010110110100;
	5676 : 010101001000;
	5677 : 010101000100;
	5678 : 010101010001;
	5679 : 010100001011;
	5680 : 010101000100;
	5681 : 010100100100;
	5682 : 010101001111;
	5683 : 010101101110;
	5684 : 010100110001;
	5685 : 010101100110;
	5686 : 010100111110;
	5687 : 010110010000;
	5688 : 011000100000;
	5689 : 011001110000;
	5690 : 011011000001;
	5691 : 011100010011;
	5692 : 011110000111;
	5693 : 011101000000;
	5694 : 011110101110;
	5695 : 011110100101;
	5696 : 011011110101;
	5697 : 011011000011;
	5698 : 011000010111;
	5699 : 010100101111;
	5700 : 010100100110;
	5701 : 010011000111;
	5702 : 010011001011;
	5703 : 010011011100;
	5704 : 010001110111;
	5705 : 010010110000;
	5706 : 010001100110;
	5707 : 010001110010;
	5708 : 010010000100;
	5709 : 010000100000;
	5710 : 010101000010;
	5711 : 011110010000;
	5712 : 111101100001;
	5713 : 111110101111;
	5714 : 100100001111;
	5715 : 010011001011;
	5716 : 000000000011;
	5717 : 000111010000;
	5718 : 001111001101;
	5719 : 010010111000;
	5720 : 010100011010;
	5721 : 010100011000;
	5722 : 010101011001;
	5723 : 010110100001;
	5724 : 010101110011;
	5725 : 010111000111;
	5726 : 000000000000;
	5727 : 000000000000;
	5728 : 000000000000;
	5729 : 000000000000;
	5730 : 000000000000;
	5731 : 000000000000;
	5732 : 000000000000;
	5733 : 000000000000;
	5734 : 000000000000;
	5735 : 000000000000;
	5736 : 000000000000;
	5737 : 000000000000;
	5738 : 000000000000;
	5739 : 000000000000;
	5740 : 000000000000;
	5741 : 000000000000;
	5742 : 000000000000;
	5743 : 000000000000;
	5744 : 000000000000;
	5745 : 000000000000;
	5746 : 000000000000;
	5747 : 000000000000;
	5748 : 000000000000;
	5749 : 000000000000;
	5750 : 000000000000;
	5751 : 000000000000;
	5752 : 000000000000;
	5753 : 000000000000;
	5754 : 000000000000;
	5755 : 000000000000;
	5756 : 000000000000;
	5757 : 000000000000;
	5758 : 000000000000;
	5759 : 000000000000;
	5760 : 000000000000;
	5761 : 000000000000;
	5762 : 000000000000;
	5763 : 000000000000;
	5764 : 000000000000;
	5765 : 000000000000;
	5766 : 000000000000;
	5767 : 000000000000;
	5768 : 000000000000;
	5769 : 000000000000;
	5770 : 000000000000;
	5771 : 000000000000;
	5772 : 000000000000;
	5773 : 000000000000;
	5774 : 000000000000;
	5775 : 000000000000;
	5776 : 000000000000;
	5777 : 000000000000;
	5778 : 000000000000;
	5779 : 000000000000;
	5780 : 000000000000;
	5781 : 000000000000;
	5782 : 000000000000;
	5783 : 000000000000;
	5784 : 000000000000;
	5785 : 000000000000;
	5786 : 000000000000;
	5787 : 000000000000;
	5788 : 000000000000;
	5789 : 000000000000;
	5790 : 000000000000;
	5791 : 000000000000;
	5792 : 000000000000;
	5793 : 000000000000;
	5794 : 000000000000;
	5795 : 000000000000;
	5796 : 000000000000;
	5797 : 000000000000;
	5798 : 000000000000;
	5799 : 000000000000;
	5800 : 000000000000;
	5801 : 000000000000;
	5802 : 000000000000;
	5803 : 000000000000;
	5804 : 000000000000;
	5805 : 000000000000;
	5806 : 000000000000;
	5807 : 000000000000;
	5808 : 000000000000;
	5809 : 000000000000;
	5810 : 000000000000;
	5811 : 000000000000;
	5812 : 000000000000;
	5813 : 000000000000;
	5814 : 000000000000;
	5815 : 000000000000;
	5816 : 000000000000;
	5817 : 000000000000;
	5818 : 000000000000;
	5819 : 000000000000;
	5820 : 000000000000;
	5821 : 000000000000;
	5822 : 000000000000;
	5823 : 000000000000;
	5824 : 000000000000;
	5825 : 000000000000;
	5826 : 000000000000;
	5827 : 000000000000;
	5828 : 111111111111;
	5829 : 111100000001;
	5830 : 100001010110;
	5831 : 001000110001;
	5832 : 000000000000;
	5833 : 001101110011;
	5834 : 010101100011;
	5835 : 010110001101;
	5836 : 010111110001;
	5837 : 011001000111;
	5838 : 011001000100;
	5839 : 011001110001;
	5840 : 011001100000;
	5841 : 011001100110;
	5842 : 011001111010;
	5843 : 011010111001;
	5844 : 011011101111;
	5845 : 011100001110;
	5846 : 011100111100;
	5847 : 011101111000;
	5848 : 011110001110;
	5849 : 011111011001;
	5850 : 100001101010;
	5851 : 100011000010;
	5852 : 100101100101;
	5853 : 101000101100;
	5854 : 101011011010;
	5855 : 101110011100;
	5856 : 110000110110;
	5857 : 110010111001;
	5858 : 110011111101;
	5859 : 110100101000;
	5860 : 110011011011;
	5861 : 101111100011;
	5862 : 101010101111;
	5863 : 100101010110;
	5864 : 100000011010;
	5865 : 011100000110;
	5866 : 011010100101;
	5867 : 011000111011;
	5868 : 010111101001;
	5869 : 010111000110;
	5870 : 010110110101;
	5871 : 010110110000;
	5872 : 010110001101;
	5873 : 010110001000;
	5874 : 010101100011;
	5875 : 010100111011;
	5876 : 010101001111;
	5877 : 010101001001;
	5878 : 010101001111;
	5879 : 010101100011;
	5880 : 010101100011;
	5881 : 010101110111;
	5882 : 010110001101;
	5883 : 010110000010;
	5884 : 010110010110;
	5885 : 010110010110;
	5886 : 010110100100;
	5887 : 010110011100;
	5888 : 010101111111;
	5889 : 010110010110;
	5890 : 010110001000;
	5891 : 010110001000;
	5892 : 010110010000;
	5893 : 010110010011;
	5894 : 010110000010;
	5895 : 010101110001;
	5896 : 010101100000;
	5897 : 010101001111;
	5898 : 010100111110;
	5899 : 010110001101;
	5900 : 011000111000;
	5901 : 011010110110;
	5902 : 011011100011;
	5903 : 011100011111;
	5904 : 011111111011;
	5905 : 011111111011;
	5906 : 100001011110;
	5907 : 100000110100;
	5908 : 011101110101;
	5909 : 011010001110;
	5910 : 010101100000;
	5911 : 010100001000;
	5912 : 010011001111;
	5913 : 010011011010;
	5914 : 010011001100;
	5915 : 010010100100;
	5916 : 010011000011;
	5917 : 010010100100;
	5918 : 010010011000;
	5919 : 010111001001;
	5920 : 011101111010;
	5921 : 100001000010;
	5922 : 110011000001;
	5923 : 111111101011;
	5924 : 101111110100;
	5925 : 010001001001;
	5926 : 000010011001;
	5927 : 000100100101;
	5928 : 010001101011;
	5929 : 010100011100;
	5930 : 010101011010;
	5931 : 010110011111;
	5932 : 010111000100;
	5933 : 010111111111;
	5934 : 011001010101;
	5935 : 011001101001;
	5936 : 011001111010;
	5937 : 011010110011;
	5938 : 011011001010;
	5939 : 011011010000;
	5940 : 011011111101;
	5941 : 011101010000;
	5942 : 011101111000;
	5943 : 011111101111;
	5944 : 100001100001;
	5945 : 100010001111;
	5946 : 000000000000;
	5947 : 000000000000;
	5948 : 000000000000;
	5949 : 000000000000;
	5950 : 000000000000;
	5951 : 000000000000;
	5952 : 000000000000;
	5953 : 000000000000;
	5954 : 000000000000;
	5955 : 000000000000;
	5956 : 000000000000;
	5957 : 000000000000;
	5958 : 000000000000;
	5959 : 000000000000;
	5960 : 000000000000;
	5961 : 000000000000;
	5962 : 000000000000;
	5963 : 000000000000;
	5964 : 000000000000;
	5965 : 000000000000;
	5966 : 000000000000;
	5967 : 000000000000;
	5968 : 000000000000;
	5969 : 000000000000;
	5970 : 000000000000;
	5971 : 000000000000;
	5972 : 000000000000;
	5973 : 000000000000;
	5974 : 000000000000;
	5975 : 000000000000;
	5976 : 000000000000;
	5977 : 000000000000;
	5978 : 000000000000;
	5979 : 000000000000;
	5980 : 000000000000;
	5981 : 000000000000;
	5982 : 000000000000;
	5983 : 000000000000;
	5984 : 000000000000;
	5985 : 000000000000;
	5986 : 000000000000;
	5987 : 000000000000;
	5988 : 000000000000;
	5989 : 000000000000;
	5990 : 000000000000;
	5991 : 000000000000;
	5992 : 000000000000;
	5993 : 000000000000;
	5994 : 000000000000;
	5995 : 000000000000;
	5996 : 000000000000;
	5997 : 000000000000;
	5998 : 000000000000;
	5999 : 000000000000;
	6000 : 000000000000;
	6001 : 000000000000;
	6002 : 000000000000;
	6003 : 000000000000;
	6004 : 000000000000;
	6005 : 000000000000;
	6006 : 000000000000;
	6007 : 000000000000;
	6008 : 000000000000;
	6009 : 000000000000;
	6010 : 000000000000;
	6011 : 000000000000;
	6012 : 000000000000;
	6013 : 000000000000;
	6014 : 000000000000;
	6015 : 000000000000;
	6016 : 111110000011;
	6017 : 010111010110;
	6018 : 000111111001;
	6019 : 000010010010;
	6020 : 000000110110;
	6021 : 000101110010;
	6022 : 001000011001;
	6023 : 001011011010;
	6024 : 001100000001;
	6025 : 001100100011;
	6026 : 001100111000;
	6027 : 001101010110;
	6028 : 001101011011;
	6029 : 001101011110;
	6030 : 001110000111;
	6031 : 001101111110;
	6032 : 001110011011;
	6033 : 001110001101;
	6034 : 001110001000;
	6035 : 001110110111;
	6036 : 001111001110;
	6037 : 001111000100;
	6038 : 001111000110;
	6039 : 001111010100;
	6040 : 001111100010;
	6041 : 010000001001;
	6042 : 010000010111;
	6043 : 010001000110;
	6044 : 010001010101;
	6045 : 010001101110;
	6046 : 010010101000;
	6047 : 010011001101;
	6048 : 010011111011;
	6049 : 010100011110;
	6050 : 010101000010;
	6051 : 010101100100;
	6052 : 010101011110;
	6053 : 010101010101;
	6054 : 010100111110;
	6055 : 010100101111;
	6056 : 010010110101;
	6057 : 010001101011;
	6058 : 010000111000;
	6059 : 001111110010;
	6060 : 001110111101;
	6061 : 001110010001;
	6062 : 001101111110;
	6063 : 001101101111;
	6064 : 001101001000;
	6065 : 001101001010;
	6066 : 001101010100;
	6067 : 001101101111;
	6068 : 001101001010;
	6069 : 001101001100;
	6070 : 001101011100;
	6071 : 001101100000;
	6072 : 001101110110;
	6073 : 001101111110;
	6074 : 001110100101;
	6075 : 001110001010;
	6076 : 001110100101;
	6077 : 001101111011;
	6078 : 001110010101;
	6079 : 001101111011;
	6080 : 001101100101;
	6081 : 001101111001;
	6082 : 001101011011;
	6083 : 001101100110;
	6084 : 001101100101;
	6085 : 001101100010;
	6086 : 001100110001;
	6087 : 001101001110;
	6088 : 001100100111;
	6089 : 001101001011;
	6090 : 001100101101;
	6091 : 001100111011;
	6092 : 001100111010;
	6093 : 001100111011;
	6094 : 001100010110;
	6095 : 001100101010;
	6096 : 001100101100;
	6097 : 001100111011;
	6098 : 001100100010;
	6099 : 001100011000;
	6100 : 001100001011;
	6101 : 001100110110;
	6102 : 001100101111;
	6103 : 001100100000;
	6104 : 001100111011;
	6105 : 001100101101;
	6106 : 001100001011;
	6107 : 001100100010;
	6108 : 001100110011;
	6109 : 001100101001;
	6110 : 001100011011;
	6111 : 001100000101;
	6112 : 001100000101;
	6113 : 001100101010;
	6114 : 001100101100;
	6115 : 001100011000;
	6116 : 001100010101;
	6117 : 001100101111;
	6118 : 001100101100;
	6119 : 001100011011;
	6120 : 001101001010;
	6121 : 001101110011;
	6122 : 001111001101;
	6123 : 001111111111;
	6124 : 010000010101;
	6125 : 010001100010;
	6126 : 010011100011;
	6127 : 010010000111;
	6128 : 010011011101;
	6129 : 010010110101;
	6130 : 010000100110;
	6131 : 001111100110;
	6132 : 001110000011;
	6133 : 001100001110;
	6134 : 001011101010;
	6135 : 001011100000;
	6136 : 001011100111;
	6137 : 001011011010;
	6138 : 001011010110;
	6139 : 001010110001;
	6140 : 001011010101;
	6141 : 001011010011;
	6142 : 001010111110;
	6143 : 001010110001;
	6144 : 001110000001;
	6145 : 011001001010;
	6146 : 101001101110;
	6147 : 111111111111;
	6148 : 011000010110;
	6149 : 001001001101;
	6150 : 000010110000;
	6151 : 000000000000;
	6152 : 000100101111;
	6153 : 000110111000;
	6154 : 001010100100;
	6155 : 001011100011;
	6156 : 001100001011;
	6157 : 001011111011;
	6158 : 001100001100;
	6159 : 001100110000;
	6160 : 001100010101;
	6161 : 001100100111;
	6162 : 001100100010;
	6163 : 001101010010;
	6164 : 001101100010;
	6165 : 001101011011;
	6166 : 001101101101;
	6167 : 001110001111;
	6168 : 001110000001;
	6169 : 001110000111;
	6170 : 001110001111;
	6171 : 001110101000;
	6172 : 001111100001;
	6173 : 000000000000;
	6174 : 000000000000;
	6175 : 000000000000;
	6176 : 000000000000;
	6177 : 000000000000;
	6178 : 000000000000;
	6179 : 000000000000;
	6180 : 000000000000;
	6181 : 000000000000;
	6182 : 000000000000;
	6183 : 000000000000;
	6184 : 000000000000;
	6185 : 000000000000;
	6186 : 000000000000;
	6187 : 000000000000;
	6188 : 000000000000;
	6189 : 000000000000;
	6190 : 000000000000;
	6191 : 000000000000;
	6192 : 000000000000;
	6193 : 000000000000;
	6194 : 000000000000;
	6195 : 000000000000;
	6196 : 000000000000;
	6197 : 000000000000;
	6198 : 000000000000;
	6199 : 000000000000;
	6200 : 000000000000;
	6201 : 000000000000;
	6202 : 000000000000;
	6203 : 000000000000;
	6204 : 111010000111;
	6205 : 101110001011;
	6206 : 010110100111;
	6207 : 001101010001;
	6208 : 001000110100;
	6209 : 000110110101;
	6210 : 000100100100;
	6211 : 000011101111;
	6212 : 000011000101;
	6213 : 000010010011;
	6214 : 000010010111;
	6215 : 000010000110;
	6216 : 000010100010;
	6217 : 000010011110;
	6218 : 000010001011;
	6219 : 000010010010;
	6220 : 000010111010;
	6221 : 000010111000;
	6222 : 000011000100;
	6223 : 000010111000;
	6224 : 000010111101;
	6225 : 000011100001;
	6226 : 000011100011;
	6227 : 000100101010;
	6228 : 000101010100;
	6229 : 000110001111;
	6230 : 000110110001;
	6231 : 000110100100;
	6232 : 001000111010;
	6233 : 001010001110;
	6234 : 001011000010;
	6235 : 001011101111;
	6236 : 001100001010;
	6237 : 001100010010;
	6238 : 001100000110;
	6239 : 001011100110;
	6240 : 001010101100;
	6241 : 001000110111;
	6242 : 000111000111;
	6243 : 000101001101;
	6244 : 000011101110;
	6245 : 000010110001;
	6246 : 000010000001;
	6247 : 000001001011;
	6248 : 000001010000;
	6249 : 000001001100;
	6250 : 000001100000;
	6251 : 000001100011;
	6252 : 000001001111;
	6253 : 000000111010;
	6254 : 000001010010;
	6255 : 000001011000;
	6256 : 000001001100;
	6257 : 000001001010;
	6258 : 000000111101;
	6259 : 000001000111;
	6260 : 000001000101;
	6261 : 000001001010;
	6262 : 000001001111;
	6263 : 000001011000;
	6264 : 000001001110;
	6265 : 000001101010;
	6266 : 000010000010;
	6267 : 000010010110;
	6268 : 000010010001;
	6269 : 000001111001;
	6270 : 000001111011;
	6271 : 000001111111;
	6272 : 000010010001;
	6273 : 000010001010;
	6274 : 000010001011;
	6275 : 000010001110;
	6276 : 000001111011;
	6277 : 000010001000;
	6278 : 000010010010;
	6279 : 000010100110;
	6280 : 000010011111;
	6281 : 000010101010;
	6282 : 000010100000;
	6283 : 000010111110;
	6284 : 000010110101;
	6285 : 000011000000;
	6286 : 000011001011;
	6287 : 000011010100;
	6288 : 000011011101;
	6289 : 000011011001;
	6290 : 000011010110;
	6291 : 000011101010;
	6292 : 000011000000;
	6293 : 000010110010;
	6294 : 000010101000;
	6295 : 000010100101;
	6296 : 000010101111;
	6297 : 000010101100;
	6298 : 000010011111;
	6299 : 000010100101;
	6300 : 000010000101;
	6301 : 000010000010;
	6302 : 000010001011;
	6303 : 000010001110;
	6304 : 000010000000;
	6305 : 000010010010;
	6306 : 000010111000;
	6307 : 000011000101;
	6308 : 000011000110;
	6309 : 000011001101;
	6310 : 000011011110;
	6311 : 000100111101;
	6312 : 000110000000;
	6313 : 000101110101;
	6314 : 000101010001;
	6315 : 000101100011;
	6316 : 000100111110;
	6317 : 000100101010;
	6318 : 000010101101;
	6319 : 000010001011;
	6320 : 000001100000;
	6321 : 000001010111;
	6322 : 000001000111;
	6323 : 000000101010;
	6324 : 000000011101;
	6325 : 000000101010;
	6326 : 000000111000;
	6327 : 000001001100;
	6328 : 000001101010;
	6329 : 000001101011;
	6330 : 000000000000;
	6331 : 000000100000;
	6332 : 001010101011;
	6333 : 010010010110;
	6334 : 011101011101;
	6335 : 110010010100;
	6336 : 111111111111;
	6337 : 100111111011;
	6338 : 010100010010;
	6339 : 001011001111;
	6340 : 001011100000;
	6341 : 001000100100;
	6342 : 000111000101;
	6343 : 000110010100;
	6344 : 000101111011;
	6345 : 000101110100;
	6346 : 000101010010;
	6347 : 000101000011;
	6348 : 000100111010;
	6349 : 000100101010;
	6350 : 000100100111;
	6351 : 000100111011;
	6352 : 000101010101;
	6353 : 000101101001;
	6354 : 000101111011;
	6355 : 000110001111;
	6356 : 000110110010;
	6357 : 000111011000;
	6358 : 000111101000;
	6359 : 001000010000;
	6360 : 001001010010;
	6361 : 001010001001;
	6362 : 000000000000;
	6363 : 000000000000;
	6364 : 000000000000;
	6365 : 000000000000;
	6366 : 000000000000;
	6367 : 000000000000;
	6368 : 000000000000;
	6369 : 000000000000;
	6370 : 000000000000;
	6371 : 000000000000;
	6372 : 000000000000;
	6373 : 000000000000;
	6374 : 000000000000;
	6375 : 000000000000;
	6376 : 000000000000;
	6377 : 000000000000;
	6378 : 000000000000;
	6379 : 000000000000;
	6380 : 000000000000;
	6381 : 000000000000;
	6382 : 000000000000;
	6383 : 000000000000;
	6384 : 000000000000;
	6385 : 000000000000;
	6386 : 000000000000;
	6387 : 000000000000;
	6388 : 000000000000;
	6389 : 000000000000;
	6390 : 000000000000;
	6391 : 000000000000;
	6392 : 111011111110;
	6393 : 110010110101;
	6394 : 010101000001;
	6395 : 001000111110;
	6396 : 000011010001;
	6397 : 000101100100;
	6398 : 001011000100;
	6399 : 000111111010;
	6400 : 000110110011;
	6401 : 000110000000;
	6402 : 000110011110;
	6403 : 000111101010;
	6404 : 001000010110;
	6405 : 000101100100;
	6406 : 000111100010;
	6407 : 000111110101;
	6408 : 001001000001;
	6409 : 001000100011;
	6410 : 001001100101;
	6411 : 001001100010;
	6412 : 001011101010;
	6413 : 001011011100;
	6414 : 001101000111;
	6415 : 001110001110;
	6416 : 001111000111;
	6417 : 010011100010;
	6418 : 010011001100;
	6419 : 010110000110;
	6420 : 010111001111;
	6421 : 011010100100;
	6422 : 011100000011;
	6423 : 011101011010;
	6424 : 011110100110;
	6425 : 011110010110;
	6426 : 011100111001;
	6427 : 011011001100;
	6428 : 011000111111;
	6429 : 010101010111;
	6430 : 010001101010;
	6431 : 010000110100;
	6432 : 001110000000;
	6433 : 001011011111;
	6434 : 001011001100;
	6435 : 001001111000;
	6436 : 001010010011;
	6437 : 001000011000;
	6438 : 001001100111;
	6439 : 001001100111;
	6440 : 001001010001;
	6441 : 001000001011;
	6442 : 001000111110;
	6443 : 001001000001;
	6444 : 001010010011;
	6445 : 001000010110;
	6446 : 000111101010;
	6447 : 000111100010;
	6448 : 000110111100;
	6449 : 000110101110;
	6450 : 001000000000;
	6451 : 001001110101;
	6452 : 000111011100;
	6453 : 001000010011;
	6454 : 001000011000;
	6455 : 001001111101;
	6456 : 001000110110;
	6457 : 001000011011;
	6458 : 001001100010;
	6459 : 001000000000;
	6460 : 001000000000;
	6461 : 001000011011;
	6462 : 001000001011;
	6463 : 000111101010;
	6464 : 001000100000;
	6465 : 001000101011;
	6466 : 000110111100;
	6467 : 001010000000;
	6468 : 001000000010;
	6469 : 000111100010;
	6470 : 001000001000;
	6471 : 001000111001;
	6472 : 001001000100;
	6473 : 001000011110;
	6474 : 001001000001;
	6475 : 001010001000;
	6476 : 001100001101;
	6477 : 001101111000;
	6478 : 001111111010;
	6479 : 001111010100;
	6480 : 001111000001;
	6481 : 010010011001;
	6482 : 010001001100;
	6483 : 001111010010;
	6484 : 001110100011;
	6485 : 001011001100;
	6486 : 001000010011;
	6487 : 000111111010;
	6488 : 000110110001;
	6489 : 000111010001;
	6490 : 000101101101;
	6491 : 000110110110;
	6492 : 000110100011;
	6493 : 000110100000;
	6494 : 001000000101;
	6495 : 001001110010;
	6496 : 000000000000;
	6497 : 000101001001;
	6498 : 100110000011;
	6499 : 111111111111;
	6500 : 110101101000;
	6501 : 010110111111;
	6502 : 001010001011;
	6503 : 000101000001;
	6504 : 001000101001;
	6505 : 001000000101;
	6506 : 001000011000;
	6507 : 000111111010;
	6508 : 000111111000;
	6509 : 000101011010;
	6510 : 000111110010;
	6511 : 000111000001;
	6512 : 001000100000;
	6513 : 000110101001;
	6514 : 001000001000;
	6515 : 000111110101;
	6516 : 001000110110;
	6517 : 001000110011;
	6518 : 001010010110;
	6519 : 001010110001;
	6520 : 001011000111;
	6521 : 001100001011;
	6522 : 001100010110;
	6523 : 001111010111;
	6524 : 000000000000;
	6525 : 000000000000;
	6526 : 000000000000;
	6527 : 000000000000;
	6528 : 000000000000;
	6529 : 000000000000;
	6530 : 000000000000;
	6531 : 000000000000;
	6532 : 000000000000;
	6533 : 000000000000;
	6534 : 000000000000;
	6535 : 000000000000;
	6536 : 000000000000;
	6537 : 000000000000;
	6538 : 000000000000;
	6539 : 000000000000;
	6540 : 000000000000;
	6541 : 000000000000;
	6542 : 000000000000;
	6543 : 000000000000;
	6544 : 000000000000;
	6545 : 000000000000;
	6546 : 000000000000;
	6547 : 000000000000;
	6548 : 000000000000;
	6549 : 000000000000;
	6550 : 000000000000;
	6551 : 000000000000;
	6552 : 000000000000;
	6553 : 000000000000;
	6554 : 000000000000;
	6555 : 000000000000;
	6556 : 000000000000;
	6557 : 000000000000;
	6558 : 000000000000;
	6559 : 000000000000;
	6560 : 000000000000;
	6561 : 000000000000;
	6562 : 000000000000;
	6563 : 000000000000;
	6564 : 000000000000;
	6565 : 000000000000;
	6566 : 000000000000;
	6567 : 000000000000;
	6568 : 000000000000;
	6569 : 000000000000;
	6570 : 000000000000;
	6571 : 000000000000;
	6572 : 000000000000;
	6573 : 000000000000;
	6574 : 000000000000;
	6575 : 000000000000;
	6576 : 000000000000;
	6577 : 000000000000;
	6578 : 000000000000;
	6579 : 000000000000;
	6580 : 111000001111;
	6581 : 111111111111;
	6582 : 100110011100;
	6583 : 001110100100;
	6584 : 001011001000;
	6585 : 001001101111;
	6586 : 001100111011;
	6587 : 001101001011;
	6588 : 001100110100;
	6589 : 001100111001;
	6590 : 001100101100;
	6591 : 001100010111;
	6592 : 001100101001;
	6593 : 001100011001;
	6594 : 001011101010;
	6595 : 001011011010;
	6596 : 001011011010;
	6597 : 001100000111;
	6598 : 001100010100;
	6599 : 001101001001;
	6600 : 001101001011;
	6601 : 001101011011;
	6602 : 001110000000;
	6603 : 001110001010;
	6604 : 001110010111;
	6605 : 001111010001;
	6606 : 001110111100;
	6607 : 001111111101;
	6608 : 010001001111;
	6609 : 010001101110;
	6610 : 010011011001;
	6611 : 010100010000;
	6612 : 010101001101;
	6613 : 010101001101;
	6614 : 010101110100;
	6615 : 010101011100;
	6616 : 010100010011;
	6617 : 010010101010;
	6618 : 010000010111;
	6619 : 001110001111;
	6620 : 001100001100;
	6621 : 001010100110;
	6622 : 001001101111;
	6623 : 001010001001;
	6624 : 001010110001;
	6625 : 001010001001;
	6626 : 001010001001;
	6627 : 001001101100;
	6628 : 001001011101;
	6629 : 001000101011;
	6630 : 001000111011;
	6631 : 001000101110;
	6632 : 001000111011;
	6633 : 001000101000;
	6634 : 001000001110;
	6635 : 000111111001;
	6636 : 001000001110;
	6637 : 000111010111;
	6638 : 001000010001;
	6639 : 001000000100;
	6640 : 001000101110;
	6641 : 001001101111;
	6642 : 001001010111;
	6643 : 001001111100;
	6644 : 001010011001;
	6645 : 001001101111;
	6646 : 001001101010;
	6647 : 001001001101;
	6648 : 001001100010;
	6649 : 001001011101;
	6650 : 001001010111;
	6651 : 001001010010;
	6652 : 001000111000;
	6653 : 001001000011;
	6654 : 000111111001;
	6655 : 000111000111;
	6656 : 000111010100;
	6657 : 001000000100;
	6658 : 001010000111;
	6659 : 001011101010;
	6660 : 001011110101;
	6661 : 001100111001;
	6662 : 001101100011;
	6663 : 001101100011;
	6664 : 001100110100;
	6665 : 001010001100;
	6666 : 000111011100;
	6667 : 000101100110;
	6668 : 000011011001;
	6669 : 000010100101;
	6670 : 000010011111;
	6671 : 000010110111;
	6672 : 000011001100;
	6673 : 000011000100;
	6674 : 000011101011;
	6675 : 000011101001;
	6676 : 000100001000;
	6677 : 000000000000;
	6678 : 000100010011;
	6679 : 001101100101;
	6680 : 011110011101;
	6681 : 111011001100;
	6682 : 110111100101;
	6683 : 011001110101;
	6684 : 001100011111;
	6685 : 001001010000;
	6686 : 001000101011;
	6687 : 001001111010;
	6688 : 001011001011;
	6689 : 001010000001;
	6690 : 001001010101;
	6691 : 001001010101;
	6692 : 001001010111;
	6693 : 000111110111;
	6694 : 001000000100;
	6695 : 000111110111;
	6696 : 000111111100;
	6697 : 001000100110;
	6698 : 001000100000;
	6699 : 001001000011;
	6700 : 001001100010;
	6701 : 000000000000;
	6702 : 000000000000;
	6703 : 000000000000;
	6704 : 000000000000;
	6705 : 000000000000;
	6706 : 000000000000;
	6707 : 000000000000;
	6708 : 000000000000;
	6709 : 000000000000;
	6710 : 000000000000;
	6711 : 000000000000;
	6712 : 000000000000;
	6713 : 000000000000;
	6714 : 000000000000;
	6715 : 000000000000;
	6716 : 000000000000;
	6717 : 000000000000;
	6718 : 000000000000;
	6719 : 000000000000;
	6720 : 000000000000;
	6721 : 000000000000;
	6722 : 000000000000;
	6723 : 000000000000;
	6724 : 000000000000;
	6725 : 000000000000;
	6726 : 000000000000;
	6727 : 000000000000;
	6728 : 000000000000;
	6729 : 000000000000;
	6730 : 000000000000;
	6731 : 000000000000;
	6732 : 000000000000;
	6733 : 000000000000;
	6734 : 000000000000;
	6735 : 000000000000;
	6736 : 000000000000;
	6737 : 000000000000;
	6738 : 000000000000;
	6739 : 000000000000;
	6740 : 000000000000;
	6741 : 000000000000;
	6742 : 000000000000;
	6743 : 000000000000;
	6744 : 000000000000;
	6745 : 000000000000;
	6746 : 000000000000;
	6747 : 000000000000;
	6748 : 000000000000;
	6749 : 000000000000;
	6750 : 000000000000;
	6751 : 000000000000;
	6752 : 000000000000;
	6753 : 000000000000;
	6754 : 000000000000;
	6755 : 000000000000;
	6756 : 000000000000;
	6757 : 000000000000;
	6758 : 000000000000;
	6759 : 000000000000;
	6760 : 000000000000;
	6761 : 000000000000;
	6762 : 000000000000;
	6763 : 000000000000;
	6764 : 000000000000;
	6765 : 000000000000;
	6766 : 000000000000;
	6767 : 000000000000;
	6768 : 111101100101;
	6769 : 101110000010;
	6770 : 011101101100;
	6771 : 010001001001;
	6772 : 001010111110;
	6773 : 001100110110;
	6774 : 001101000011;
	6775 : 001100100111;
	6776 : 001100110010;
	6777 : 001100100111;
	6778 : 001101001111;
	6779 : 001100110111;
	6780 : 001101001010;
	6781 : 001101100001;
	6782 : 001101011110;
	6783 : 001110001110;
	6784 : 001110000011;
	6785 : 001110011001;
	6786 : 001110111011;
	6787 : 001111011000;
	6788 : 010000001001;
	6789 : 010000001011;
	6790 : 010000111010;
	6791 : 010001111111;
	6792 : 010010100100;
	6793 : 010011111000;
	6794 : 010100011111;
	6795 : 010101011000;
	6796 : 010110010010;
	6797 : 010110100101;
	6798 : 010111100100;
	6799 : 010111001011;
	6800 : 010110111011;
	6801 : 010101111011;
	6802 : 010100011000;
	6803 : 010011000100;
	6804 : 010001001000;
	6805 : 001111110010;
	6806 : 001110111110;
	6807 : 001110000000;
	6808 : 001101111111;
	6809 : 001101100100;
	6810 : 001101010011;
	6811 : 001101100000;
	6812 : 001101000101;
	6813 : 001101101000;
	6814 : 001101001111;
	6815 : 001101011001;
	6816 : 001101100000;
	6817 : 001101001101;
	6818 : 001101101000;
	6819 : 001101001010;
	6820 : 001101000101;
	6821 : 001101001011;
	6822 : 001100111101;
	6823 : 001101011110;
	6824 : 001101001001;
	6825 : 001101001101;
	6826 : 001101010101;
	6827 : 001101001000;
	6828 : 001101011001;
	6829 : 001100111111;
	6830 : 001100111100;
	6831 : 001101001111;
	6832 : 001100111001;
	6833 : 001101001011;
	6834 : 001101011000;
	6835 : 001110001111;
	6836 : 001110111110;
	6837 : 001111001011;
	6838 : 001111101010;
	6839 : 010000000011;
	6840 : 010000000111;
	6841 : 010001000001;
	6842 : 001111101011;
	6843 : 001111011000;
	6844 : 001101001101;
	6845 : 001100010100;
	6846 : 001100001010;
	6847 : 001011101011;
	6848 : 001011110001;
	6849 : 001011001001;
	6850 : 001011001111;
	6851 : 001011100011;
	6852 : 001011001111;
	6853 : 001011100111;
	6854 : 001011001100;
	6855 : 001010111011;
	6856 : 000111110111;
	6857 : 000000000000;
	6858 : 001010010111;
	6859 : 011000100110;
	6860 : 110010110010;
	6861 : 111111111111;
	6862 : 100100101001;
	6863 : 011000011101;
	6864 : 001011111110;
	6865 : 001100100101;
	6866 : 001101110011;
	6867 : 001101100100;
	6868 : 001101101101;
	6869 : 001100111101;
	6870 : 001100111110;
	6871 : 001101011010;
	6872 : 001101001100;
	6873 : 001101111011;
	6874 : 001101101100;
	6875 : 001101111110;
	6876 : 001110011100;
	6877 : 001110011010;
	6878 : 001111001000;
	6879 : 001111000001;
	6880 : 001111100010;
	6881 : 010000001101;
	6882 : 010000101000;
	6883 : 000000000000;
	6884 : 000000000000;
	6885 : 000000000000;
	6886 : 000000000000;
	6887 : 000000000000;
	6888 : 000000000000;
	6889 : 000000000000;
	6890 : 000000000000;
	6891 : 000000000000;
	6892 : 000000000000;
	6893 : 000000000000;
	6894 : 000000000000;
	6895 : 000000000000;
	6896 : 000000000000;
	6897 : 000000000000;
	6898 : 000000000000;
	6899 : 000000000000;
	6900 : 000000000000;
	6901 : 000000000000;
	6902 : 000000000000;
	6903 : 000000000000;
	6904 : 000000000000;
	6905 : 000000000000;
	6906 : 000000000000;
	6907 : 000000000000;
	6908 : 000000000000;
	6909 : 000000000000;
	6910 : 000000000000;
	6911 : 000000000000;
	6912 : 000000000000;
	6913 : 000000000000;
	6914 : 000000000000;
	6915 : 000000000000;
	6916 : 000000000000;
	6917 : 000000000000;
	6918 : 000000000000;
	6919 : 000000000000;
	6920 : 000000000000;
	6921 : 000000000000;
	6922 : 000000000000;
	6923 : 000000000000;
	6924 : 000000000000;
	6925 : 000000000000;
	6926 : 000000000000;
	6927 : 000000000000;
	6928 : 000000000000;
	6929 : 000000000000;
	6930 : 000000000000;
	6931 : 000000000000;
	6932 : 000000000000;
	6933 : 000000000000;
	6934 : 000000000000;
	6935 : 000000000000;
	6936 : 000000000000;
	6937 : 000000000000;
	6938 : 000000000000;
	6939 : 000000000000;
	6940 : 000000000000;
	6941 : 000000000000;
	6942 : 000000000000;
	6943 : 000000000000;
	6944 : 000000000000;
	6945 : 000000000000;
	6946 : 000000000000;
	6947 : 000000000000;
	6948 : 000000000000;
	6949 : 000000000000;
	6950 : 000000000000;
	6951 : 000000000000;
	6952 : 000000000000;
	6953 : 000000000000;
	6954 : 000000000000;
	6955 : 000000000000;
	6956 : 111111111111;
	6957 : 110100110100;
	6958 : 011110001001;
	6959 : 001001111000;
	6960 : 000000000000;
	6961 : 000111101111;
	6962 : 001111101001;
	6963 : 010001101111;
	6964 : 010001110011;
	6965 : 010011011110;
	6966 : 010010111111;
	6967 : 010100000101;
	6968 : 010100000111;
	6969 : 010100000101;
	6970 : 010101011001;
	6971 : 010100111011;
	6972 : 010110000010;
	6973 : 010101110001;
	6974 : 010101101000;
	6975 : 010110110110;
	6976 : 010110010000;
	6977 : 010111001100;
	6978 : 010110110111;
	6979 : 010110110010;
	6980 : 010111111010;
	6981 : 010111011101;
	6982 : 011001000011;
	6983 : 011000110000;
	6984 : 011010001101;
	6985 : 011011111000;
	6986 : 011001111100;
	6987 : 011000111001;
	6988 : 010110111001;
	6989 : 010101000110;
	6990 : 010101001010;
	6991 : 010011100000;
	6992 : 010011101000;
	6993 : 010011000100;
	6994 : 010010010010;
	6995 : 010011100000;
	6996 : 010010101001;
	6997 : 010011011001;
	6998 : 010011010101;
	6999 : 010010011111;
	7000 : 010100000111;
	7001 : 010011111100;
	7002 : 010101111010;
	7003 : 010111101111;
	7004 : 011000001111;
	7005 : 011001111010;
	7006 : 011011100000;
	7007 : 011011011101;
	7008 : 011100100111;
	7009 : 011100001011;
	7010 : 011011100110;
	7011 : 011001010001;
	7012 : 010111000001;
	7013 : 010011101111;
	7014 : 010010001111;
	7015 : 010010001111;
	7016 : 010000111001;
	7017 : 010001010001;
	7018 : 010000110111;
	7019 : 001111111100;
	7020 : 010000100111;
	7021 : 001111110001;
	7022 : 010000011010;
	7023 : 001111101111;
	7024 : 010000110111;
	7025 : 010111011011;
	7026 : 101111001110;
	7027 : 111101110001;
	7028 : 100101000101;
	7029 : 010111000110;
	7030 : 000101001000;
	7031 : 000010000101;
	7032 : 001010101010;
	7033 : 010000010100;
	7034 : 010001001110;
	7035 : 010010110111;
	7036 : 010010110111;
	7037 : 010100001111;
	7038 : 010100010000;
	7039 : 010011010101;
	7040 : 000000000000;
	7041 : 000000000000;
	7042 : 000000000000;
	7043 : 000000000000;
	7044 : 000000000000;
	7045 : 000000000000;
	7046 : 000000000000;
	7047 : 000000000000;
	7048 : 000000000000;
	7049 : 000000000000;
	7050 : 000000000000;
	7051 : 000000000000;
	7052 : 000000000000;
	7053 : 000000000000;
	7054 : 000000000000;
	7055 : 000000000000;
	7056 : 000000000000;
	7057 : 000000000000;
	7058 : 000000000000;
	7059 : 000000000000;
	7060 : 000000000000;
	7061 : 000000000000;
	7062 : 000000000000;
	7063 : 000000000000;
	7064 : 000000000000;
	7065 : 000000000000;
	7066 : 000000000000;
	7067 : 000000000000;
	7068 : 000000000000;
	7069 : 000000000000;
	7070 : 000000000000;
	7071 : 000000000000;
	7072 : 000000000000;
	7073 : 000000000000;
	7074 : 000000000000;
	7075 : 000000000000;
	7076 : 000000000000;
	7077 : 000000000000;
	7078 : 000000000000;
	7079 : 000000000000;
	7080 : 000000000000;
	7081 : 000000000000;
	7082 : 000000000000;
	7083 : 000000000000;
	7084 : 000000000000;
	7085 : 000000000000;
	7086 : 000000000000;
	7087 : 000000000000;
	7088 : 000000000000;
	7089 : 000000000000;
	7090 : 000000000000;
	7091 : 000000000000;
	7092 : 000000000000;
	7093 : 000000000000;
	7094 : 000000000000;
	7095 : 000000000000;
	7096 : 000000000000;
	7097 : 000000000000;
	7098 : 000000000000;
	7099 : 000000000000;
	7100 : 000000000000;
	7101 : 000000000000;
	7102 : 000000000000;
	7103 : 000000000000;
	7104 : 000000000000;
	7105 : 000000000000;
	7106 : 000000000000;
	7107 : 000000000000;
	7108 : 000000000000;
	7109 : 000000000000;
	7110 : 000000000000;
	7111 : 000000000000;
	7112 : 000000000000;
	7113 : 000000000000;
	7114 : 000000000000;
	7115 : 000000000000;
	7116 : 000000000000;
	7117 : 000000000000;
	7118 : 000000000000;
	7119 : 000000000000;
	7120 : 000000000000;
	7121 : 000000000000;
	7122 : 000000000000;
	7123 : 000000000000;
	7124 : 000000000000;
	7125 : 000000000000;
	7126 : 000000000000;
	7127 : 000000000000;
	7128 : 000000000000;
	7129 : 000000000000;
	7130 : 000000000000;
	7131 : 000000000000;
	7132 : 000000000000;
	7133 : 000000000000;
	7134 : 000000000000;
	7135 : 000000000000;
	7136 : 000000000000;
	7137 : 000000000000;
	7138 : 000000000000;
	7139 : 000000000000;
	7140 : 000000000000;
	7141 : 000000000000;
	7142 : 000000000000;
	7143 : 000000000000;
	7144 : 111111011001;
	7145 : 110111101111;
	7146 : 010011010100;
	7147 : 000101110111;
	7148 : 001001001100;
	7149 : 000101111111;
	7150 : 000100000110;
	7151 : 000011001101;
	7152 : 000010101101;
	7153 : 000010111001;
	7154 : 000010100011;
	7155 : 000010110101;
	7156 : 000011001001;
	7157 : 000011010001;
	7158 : 000011101101;
	7159 : 000100010000;
	7160 : 000100011010;
	7161 : 000101001101;
	7162 : 000101000001;
	7163 : 000100111000;
	7164 : 000101011101;
	7165 : 000110000001;
	7166 : 000101110101;
	7167 : 000110000011;
	7168 : 000110010001;
	7169 : 000111000010;
	7170 : 000111001100;
	7171 : 000111101011;
	7172 : 001000011111;
	7173 : 001001001100;
	7174 : 001010010111;
	7175 : 001011100000;
	7176 : 001100011110;
	7177 : 001101011011;
	7178 : 001101101001;
	7179 : 001110011000;
	7180 : 001111001111;
	7181 : 010000000001;
	7182 : 001111100111;
	7183 : 001101111000;
	7184 : 001100101111;
	7185 : 001011000111;
	7186 : 001001101100;
	7187 : 001000011101;
	7188 : 000110111010;
	7189 : 000101111101;
	7190 : 000101011111;
	7191 : 000101001101;
	7192 : 000101000011;
	7193 : 000101000011;
	7194 : 000101001111;
	7195 : 000101001111;
	7196 : 000100111010;
	7197 : 000100110110;
	7198 : 000100011110;
	7199 : 000100100110;
	7200 : 000100011010;
	7201 : 000100011110;
	7202 : 000100110010;
	7203 : 000101000001;
	7204 : 000100110000;
	7205 : 000101000101;
	7206 : 000101101111;
	7207 : 000101011001;
	7208 : 000101010111;
	7209 : 000101001001;
	7210 : 000101010001;
	7211 : 000101100111;
	7212 : 000100110110;
	7213 : 000100110110;
	7214 : 000100100100;
	7215 : 000100001110;
	7216 : 000100000010;
	7217 : 000100100100;
	7218 : 000011110110;
	7219 : 000011101101;
	7220 : 000011101001;
	7221 : 000100001110;
	7222 : 000011100011;
	7223 : 000011001111;
	7224 : 000011110000;
	7225 : 000011100101;
	7226 : 000011011101;
	7227 : 000011000101;
	7228 : 000010110111;
	7229 : 000010101011;
	7230 : 000010101101;
	7231 : 000011010001;
	7232 : 000010111111;
	7233 : 000011000011;
	7234 : 000011000101;
	7235 : 000010111011;
	7236 : 000011000111;
	7237 : 000011001111;
	7238 : 000011101111;
	7239 : 000011011111;
	7240 : 000100000100;
	7241 : 000011110010;
	7242 : 000011101011;
	7243 : 000010110111;
	7244 : 000011011001;
	7245 : 000100010010;
	7246 : 000110101100;
	7247 : 001000001001;
	7248 : 001000000101;
	7249 : 001000100101;
	7250 : 001010000011;
	7251 : 001010011101;
	7252 : 001010110111;
	7253 : 001010010111;
	7254 : 000110011110;
	7255 : 000101010111;
	7256 : 000100001100;
	7257 : 000011001111;
	7258 : 000010010000;
	7259 : 000001111010;
	7260 : 000000111001;
	7261 : 000000110001;
	7262 : 000001000011;
	7263 : 000001000011;
	7264 : 000000000000;
	7265 : 000000010011;
	7266 : 000100101010;
	7267 : 011000100100;
	7268 : 111001111001;
	7269 : 111111111111;
	7270 : 011110010101;
	7271 : 000111011100;
	7272 : 001000110010;
	7273 : 001000101001;
	7274 : 000101101011;
	7275 : 000100000010;
	7276 : 000011011101;
	7277 : 000011011111;
	7278 : 000011000111;
	7279 : 000010110001;
	7280 : 000011000001;
	7281 : 000011001101;
	7282 : 000011001111;
	7283 : 000011001011;
	7284 : 000011100011;
	7285 : 000100000000;
	7286 : 000100000110;
	7287 : 000100101110;
	7288 : 000101000111;
	7289 : 000101010011;
	7290 : 000101011111;
	7291 : 000101110011;
	7292 : 000000000000;
	7293 : 000000000000;
	7294 : 000000000000;
	7295 : 000000000000;
	7296 : 000000000000;
	7297 : 000000000000;
	7298 : 000000000000;
	7299 : 000000000000;
	7300 : 000000000000;
	7301 : 000000000000;
	7302 : 000000000000;
	7303 : 000000000000;
	7304 : 000000000000;
	7305 : 000000000000;
	7306 : 000000000000;
	7307 : 000000000000;
	7308 : 000000000000;
	7309 : 000000000000;
	7310 : 000000000000;
	7311 : 000000000000;
	7312 : 000000000000;
	7313 : 000000000000;
	7314 : 000000000000;
	7315 : 000000000000;
	7316 : 000000000000;
	7317 : 000000000000;
	7318 : 000000000000;
	7319 : 000000000000;
	7320 : 000000000000;
	7321 : 000000000000;
	7322 : 000000000000;
	7323 : 000000000000;
	7324 : 000000000000;
	7325 : 000000000000;
	7326 : 000000000000;
	7327 : 000000000000;
	7328 : 000000000000;
	7329 : 000000000000;
	7330 : 000000000000;
	7331 : 000000000000;
	7332 : 111111111111;
	7333 : 111101001001;
	7334 : 011111110111;
	7335 : 001001000001;
	7336 : 000011000001;
	7337 : 000101101001;
	7338 : 000110111001;
	7339 : 000110111001;
	7340 : 000110101111;
	7341 : 000111001011;
	7342 : 000111001101;
	7343 : 000111001101;
	7344 : 001000010111;
	7345 : 001000011011;
	7346 : 001001000101;
	7347 : 001001001011;
	7348 : 001001101111;
	7349 : 001001101111;
	7350 : 001010110011;
	7351 : 001011111111;
	7352 : 001101001000;
	7353 : 001110001000;
	7354 : 001111010110;
	7355 : 010001010010;
	7356 : 010011010010;
	7357 : 010101011010;
	7358 : 010111011010;
	7359 : 011001111111;
	7360 : 011011111011;
	7361 : 011101001011;
	7362 : 011110011011;
	7363 : 011110101111;
	7364 : 011101111001;
	7365 : 011010010011;
	7366 : 010110100100;
	7367 : 010010101110;
	7368 : 001111000000;
	7369 : 001010111101;
	7370 : 001001000001;
	7371 : 001000000011;
	7372 : 000110110001;
	7373 : 000110000011;
	7374 : 000101110001;
	7375 : 000101101101;
	7376 : 000101111001;
	7377 : 000110000101;
	7378 : 000101111101;
	7379 : 000110000011;
	7380 : 000101110011;
	7381 : 000110010001;
	7382 : 000110001011;
	7383 : 000110100111;
	7384 : 000101111101;
	7385 : 000110011101;
	7386 : 000110100111;
	7387 : 000110010011;
	7388 : 000110111011;
	7389 : 000110010001;
	7390 : 000101110001;
	7391 : 000110001011;
	7392 : 000101110001;
	7393 : 000110000001;
	7394 : 000101011101;
	7395 : 000100111101;
	7396 : 000100111111;
	7397 : 000101001001;
	7398 : 000100110001;
	7399 : 000100001111;
	7400 : 000100100011;
	7401 : 000100101101;
	7402 : 000100110101;
	7403 : 000100011011;
	7404 : 000100101001;
	7405 : 000100001011;
	7406 : 000100100001;
	7407 : 000100101111;
	7408 : 000110000001;
	7409 : 000111111001;
	7410 : 000110110111;
	7411 : 001000101001;
	7412 : 001010101101;
	7413 : 001011001101;
	7414 : 001000001011;
	7415 : 000111010001;
	7416 : 000101110011;
	7417 : 000100101101;
	7418 : 000011000011;
	7419 : 000011000101;
	7420 : 000010100001;
	7421 : 000010101001;
	7422 : 000001101111;
	7423 : 000001111111;
	7424 : 000010101111;
	7425 : 000010101011;
	7426 : 000001000101;
	7427 : 000011100001;
	7428 : 001001001111;
	7429 : 010011110110;
	7430 : 110001110000;
	7431 : 111010010011;
	7432 : 110001010010;
	7433 : 001110110100;
	7434 : 000010010011;
	7435 : 000000000000;
	7436 : 000011001001;
	7437 : 000100001011;
	7438 : 000011010011;
	7439 : 000011001111;
	7440 : 000011011001;
	7441 : 000100000101;
	7442 : 000011110111;
	7443 : 000100011011;
	7444 : 000100001111;
	7445 : 000100101001;
	7446 : 000101000111;
	7447 : 000101111001;
	7448 : 000110010101;
	7449 : 000000000000;
	7450 : 000000000000;
	7451 : 000000000000;
	7452 : 000000000000;
	7453 : 000000000000;
	7454 : 000000000000;
	7455 : 000000000000;
	7456 : 000000000000;
	7457 : 000000000000;
	7458 : 000000000000;
	7459 : 000000000000;
	7460 : 000000000000;
	7461 : 000000000000;
	7462 : 000000000000;
	7463 : 000000000000;
	7464 : 000000000000;
	7465 : 000000000000;
	7466 : 000000000000;
	7467 : 000000000000;
	7468 : 000000000000;
	7469 : 000000000000;
	7470 : 000000000000;
	7471 : 000000000000;
	7472 : 000000000000;
	7473 : 000000000000;
	7474 : 000000000000;
	7475 : 000000000000;
	7476 : 000000000000;
	7477 : 000000000000;
	7478 : 000000000000;
	7479 : 000000000000;
	7480 : 000000000000;
	7481 : 000000000000;
	7482 : 000000000000;
	7483 : 000000000000;
	7484 : 000000000000;
	7485 : 000000000000;
	7486 : 000000000000;
	7487 : 000000000000;
	7488 : 000000000000;
	7489 : 000000000000;
	7490 : 000000000000;
	7491 : 000000000000;
	7492 : 000000000000;
	7493 : 000000000000;
	7494 : 000000000000;
	7495 : 000000000000;
	7496 : 000000000000;
	7497 : 000000000000;
	7498 : 000000000000;
	7499 : 000000000000;
	7500 : 000000000000;
	7501 : 000000000000;
	7502 : 000000000000;
	7503 : 000000000000;
	7504 : 000000000000;
	7505 : 000000000000;
	7506 : 000000000000;
	7507 : 000000000000;
	7508 : 000000000000;
	7509 : 000000000000;
	7510 : 000000000000;
	7511 : 000000000000;
	7512 : 000000000000;
	7513 : 000000000000;
	7514 : 000000000000;
	7515 : 000000000000;
	7516 : 000000000000;
	7517 : 000000000000;
	7518 : 000000000000;
	7519 : 000000000000;
	7520 : 111000011111;
	7521 : 011010010101;
	7522 : 000011011011;
	7523 : 000011010000;
	7524 : 000000011101;
	7525 : 000000011011;
	7526 : 000000100101;
	7527 : 000000010110;
	7528 : 000000111000;
	7529 : 000000101001;
	7530 : 000000111000;
	7531 : 000000111100;
	7532 : 000001010111;
	7533 : 000001110000;
	7534 : 000001100100;
	7535 : 000010100000;
	7536 : 000011000010;
	7537 : 000011101011;
	7538 : 000100010111;
	7539 : 000101001101;
	7540 : 000110011010;
	7541 : 000111110000;
	7542 : 001001010000;
	7543 : 001011000101;
	7544 : 001101011001;
	7545 : 001110110111;
	7546 : 010001010111;
	7547 : 010011000000;
	7548 : 010101000111;
	7549 : 010101111110;
	7550 : 010110101011;
	7551 : 010110000000;
	7552 : 010100011110;
	7553 : 010001110000;
	7554 : 001110110111;
	7555 : 001100010000;
	7556 : 001010010011;
	7557 : 000111110110;
	7558 : 000110110011;
	7559 : 000101111101;
	7560 : 000101010100;
	7561 : 000100110010;
	7562 : 000100011101;
	7563 : 000100110010;
	7564 : 000100111101;
	7565 : 000100101100;
	7566 : 000100110100;
	7567 : 000100111011;
	7568 : 000101100000;
	7569 : 000100111111;
	7570 : 000100101110;
	7571 : 000100111111;
	7572 : 000100100001;
	7573 : 000100101010;
	7574 : 000100101100;
	7575 : 000100010111;
	7576 : 000100001101;
	7577 : 000011111110;
	7578 : 000100101010;
	7579 : 000100001101;
	7580 : 000100001000;
	7581 : 000100011001;
	7582 : 000100001101;
	7583 : 000100001000;
	7584 : 000011111100;
	7585 : 000100000100;
	7586 : 000100000100;
	7587 : 000100000010;
	7588 : 000011111000;
	7589 : 000011101011;
	7590 : 000100110010;
	7591 : 000101110001;
	7592 : 000111100001;
	7593 : 001001001010;
	7594 : 001000100100;
	7595 : 001010100011;
	7596 : 001100000101;
	7597 : 001010101010;
	7598 : 001010101110;
	7599 : 001001001100;
	7600 : 001001000001;
	7601 : 000110010110;
	7602 : 000100101000;
	7603 : 000011100101;
	7604 : 000010110111;
	7605 : 000010101101;
	7606 : 000010101101;
	7607 : 000010110101;
	7608 : 000000000000;
	7609 : 001011101010;
	7610 : 100000110000;
	7611 : 111000000100;
	7612 : 111111111111;
	7613 : 011101100100;
	7614 : 000110100001;
	7615 : 000110110110;
	7616 : 000100111000;
	7617 : 000100111101;
	7618 : 000100011101;
	7619 : 000100000110;
	7620 : 000100010001;
	7621 : 000100110100;
	7622 : 000100101110;
	7623 : 000101001011;
	7624 : 000101000011;
	7625 : 000100111011;
	7626 : 000101110111;
	7627 : 000101011110;
	7628 : 000110010000;
	7629 : 000110010100;
	7630 : 000000000000;
	7631 : 000000000000;
	7632 : 000000000000;
	7633 : 000000000000;
	7634 : 000000000000;
	7635 : 000000000000;
	7636 : 000000000000;
	7637 : 000000000000;
	7638 : 000000000000;
	7639 : 000000000000;
	7640 : 000000000000;
	7641 : 000000000000;
	7642 : 000000000000;
	7643 : 000000000000;
	7644 : 000000000000;
	7645 : 000000000000;
	7646 : 000000000000;
	7647 : 000000000000;
	7648 : 000000000000;
	7649 : 000000000000;
	7650 : 000000000000;
	7651 : 000000000000;
	7652 : 000000000000;
	7653 : 000000000000;
	7654 : 000000000000;
	7655 : 000000000000;
	7656 : 000000000000;
	7657 : 000000000000;
	7658 : 000000000000;
	7659 : 000000000000;
	7660 : 000000000000;
	7661 : 000000000000;
	7662 : 000000000000;
	7663 : 000000000000;
	7664 : 000000000000;
	7665 : 000000000000;
	7666 : 000000000000;
	7667 : 000000000000;
	7668 : 000000000000;
	7669 : 000000000000;
	7670 : 000000000000;
	7671 : 000000000000;
	7672 : 000000000000;
	7673 : 000000000000;
	7674 : 000000000000;
	7675 : 000000000000;
	7676 : 000000000000;
	7677 : 000000000000;
	7678 : 000000000000;
	7679 : 000000000000;
	7680 : 000000000000;
	7681 : 000000000000;
	7682 : 000000000000;
	7683 : 000000000000;
	7684 : 000000000000;
	7685 : 000000000000;
	7686 : 000000000000;
	7687 : 000000000000;
	7688 : 000000000000;
	7689 : 000000000000;
	7690 : 000000000000;
	7691 : 000000000000;
	7692 : 000000000000;
	7693 : 000000000000;
	7694 : 000000000000;
	7695 : 000000000000;
	7696 : 000000000000;
	7697 : 000000000000;
	7698 : 000000000000;
	7699 : 000000000000;
	7700 : 000000000000;
	7701 : 000000000000;
	7702 : 000000000000;
	7703 : 000000000000;
	7704 : 000000000000;
	7705 : 000000000000;
	7706 : 000000000000;
	7707 : 000000000000;
	7708 : 111111110011;
	7709 : 010110011001;
	7710 : 000011110110;
	7711 : 000001000101;
	7712 : 000011010101;
	7713 : 000111000110;
	7714 : 001010011010;
	7715 : 001010111101;
	7716 : 001011001001;
	7717 : 001010101010;
	7718 : 001011000111;
	7719 : 001011101011;
	7720 : 001011100000;
	7721 : 001011101011;
	7722 : 001011101011;
	7723 : 001011101101;
	7724 : 001100000010;
	7725 : 001100100011;
	7726 : 001100010000;
	7727 : 001100111000;
	7728 : 001101001000;
	7729 : 001101101000;
	7730 : 001101110000;
	7731 : 001110101010;
	7732 : 001110011100;
	7733 : 001111001011;
	7734 : 001111111111;
	7735 : 010000010100;
	7736 : 010001100001;
	7737 : 010010001011;
	7738 : 010010111110;
	7739 : 010011101100;
	7740 : 010011111111;
	7741 : 010100001101;
	7742 : 010010001011;
	7743 : 010001101111;
	7744 : 010000011010;
	7745 : 001111010100;
	7746 : 001110001001;
	7747 : 001101010011;
	7748 : 001101000100;
	7749 : 001100111110;
	7750 : 001100011111;
	7751 : 001011100101;
	7752 : 001100010110;
	7753 : 001100010110;
	7754 : 001100011001;
	7755 : 001100011111;
	7756 : 001100100001;
	7757 : 001100100011;
	7758 : 001100101111;
	7759 : 001100001100;
	7760 : 001100111000;
	7761 : 001100011000;
	7762 : 001100111000;
	7763 : 001100011111;
	7764 : 001100011011;
	7765 : 001101000000;
	7766 : 001011111110;
	7767 : 001100011111;
	7768 : 001011110011;
	7769 : 001011010010;
	7770 : 001011001100;
	7771 : 001010010110;
	7772 : 001010110101;
	7773 : 001010000011;
	7774 : 001010011100;
	7775 : 001011000111;
	7776 : 001100110110;
	7777 : 001110110000;
	7778 : 001110110010;
	7779 : 001110100110;
	7780 : 010001110100;
	7781 : 010010010011;
	7782 : 010010011011;
	7783 : 010010001111;
	7784 : 010000011000;
	7785 : 001101100001;
	7786 : 001100011101;
	7787 : 001010101111;
	7788 : 001000111010;
	7789 : 001001101010;
	7790 : 001000111100;
	7791 : 001001011101;
	7792 : 000111111010;
	7793 : 000111110110;
	7794 : 001000111100;
	7795 : 001000100011;
	7796 : 000101110111;
	7797 : 001011010110;
	7798 : 011100100000;
	7799 : 101111110000;
	7800 : 111101100110;
	7801 : 111111111111;
	7802 : 010101001010;
	7803 : 000010011111;
	7804 : 000000000000;
	7805 : 000011010000;
	7806 : 000110001001;
	7807 : 001001100110;
	7808 : 001001001101;
	7809 : 001010001001;
	7810 : 001010010001;
	7811 : 001010110111;
	7812 : 001011100000;
	7813 : 001011001010;
	7814 : 001011001100;
	7815 : 001011010000;
	7816 : 001011010100;
	7817 : 001011111001;
	7818 : 001100000100;
	7819 : 001100001000;
	7820 : 001100011001;
	7821 : 001100110100;
	7822 : 001101001101;
	7823 : 001110000111;
	7824 : 001101111010;
	7825 : 000000000000;
	7826 : 000000000000;
	7827 : 000000000000;
	7828 : 000000000000;
	7829 : 000000000000;
	7830 : 000000000000;
	7831 : 000000000000;
	7832 : 000000000000;
	7833 : 000000000000;
	7834 : 000000000000;
	7835 : 000000000000;
	7836 : 000000000000;
	7837 : 000000000000;
	7838 : 000000000000;
	7839 : 000000000000;
	7840 : 000000000000;
	7841 : 000000000000;
	7842 : 000000000000;
	7843 : 000000000000;
	7844 : 000000000000;
	7845 : 000000000000;
	7846 : 000000000000;
	7847 : 000000000000;
	7848 : 000000000000;
	7849 : 000000000000;
	7850 : 000000000000;
	7851 : 000000000000;
	7852 : 000000000000;
	7853 : 000000000000;
	7854 : 000000000000;
	7855 : 000000000000;
	7856 : 000000000000;
	7857 : 000000000000;
	7858 : 000000000000;
	7859 : 000000000000;
	7860 : 000000000000;
	7861 : 000000000000;
	7862 : 000000000000;
	7863 : 000000000000;
	7864 : 000000000000;
	7865 : 000000000000;
	7866 : 000000000000;
	7867 : 000000000000;
	7868 : 000000000000;
	7869 : 000000000000;
	7870 : 000000000000;
	7871 : 000000000000;
	7872 : 000000000000;
	7873 : 000000000000;
	7874 : 000000000000;
	7875 : 000000000000;
	7876 : 000000000000;
	7877 : 000000000000;
	7878 : 000000000000;
	7879 : 000000000000;
	7880 : 000000000000;
	7881 : 000000000000;
	7882 : 000000000000;
	7883 : 000000000000;
	7884 : 000000000000;
	7885 : 000000000000;
	7886 : 000000000000;
	7887 : 000000000000;
	7888 : 000000000000;
	7889 : 000000000000;
	7890 : 000000000000;
	7891 : 000000000000;
	7892 : 000000000000;
	7893 : 000000000000;
	7894 : 000000000000;
	7895 : 000000000000;
	7896 : 111111111111;
	7897 : 101010110101;
	7898 : 010010000010;
	7899 : 000101011010;
	7900 : 000001000010;
	7901 : 001101111001;
	7902 : 010010011000;
	7903 : 010010100100;
	7904 : 010100010011;
	7905 : 010101011100;
	7906 : 010101110100;
	7907 : 010110010010;
	7908 : 010110110011;
	7909 : 010110100100;
	7910 : 010110111001;
	7911 : 010110111100;
	7912 : 010111100110;
	7913 : 010111101100;
	7914 : 011000010000;
	7915 : 011001000111;
	7916 : 011001010000;
	7917 : 011010010010;
	7918 : 011010100100;
	7919 : 011011010111;
	7920 : 011100111000;
	7921 : 011111001100;
	7922 : 100000110101;
	7923 : 100011111111;
	7924 : 100110101000;
	7925 : 101001011010;
	7926 : 101011000111;
	7927 : 101100001001;
	7928 : 101101111100;
	7929 : 101110010001;
	7930 : 101100110110;
	7931 : 101010001101;
	7932 : 100110110111;
	7933 : 100010000111;
	7934 : 011110001100;
	7935 : 011010100100;
	7936 : 010111100110;
	7937 : 010101111010;
	7938 : 010100111010;
	7939 : 010100000001;
	7940 : 010011001000;
	7941 : 010010110000;
	7942 : 010010100111;
	7943 : 010010110110;
	7944 : 010010011000;
	7945 : 010011000101;
	7946 : 010010001000;
	7947 : 010010000101;
	7948 : 010010100100;
	7949 : 010010011110;
	7950 : 010010101010;
	7951 : 010010111001;
	7952 : 010011100000;
	7953 : 010011001011;
	7954 : 010011011010;
	7955 : 010011110010;
	7956 : 010011101100;
	7957 : 010100000100;
	7958 : 010011111000;
	7959 : 010011101111;
	7960 : 010011011010;
	7961 : 010011001000;
	7962 : 010010110000;
	7963 : 010010101010;
	7964 : 010010011011;
	7965 : 010010011110;
	7966 : 010010011110;
	7967 : 010001110110;
	7968 : 010001110110;
	7969 : 010001110011;
	7970 : 010001110000;
	7971 : 010001100100;
	7972 : 010010000101;
	7973 : 010001001001;
	7974 : 010001100100;
	7975 : 010001101101;
	7976 : 010001111001;
	7977 : 010010001011;
	7978 : 010010001000;
	7979 : 010001111001;
	7980 : 010001110000;
	7981 : 010010000010;
	7982 : 010010000101;
	7983 : 010001110011;
	7984 : 010010000010;
	7985 : 010001111111;
	7986 : 010001111001;
	7987 : 010001011011;
	7988 : 010000111101;
	7989 : 010001011011;
	7990 : 010001010101;
	7991 : 010001001111;
	7992 : 010001100111;
	7993 : 010001100001;
	7994 : 010010000101;
	7995 : 010001011000;
	7996 : 010001011011;
	7997 : 010001100001;
	7998 : 010001100111;
	7999 : 010001100001;
	8000 : 010001001100;
	8001 : 010001110000;
	8002 : 010001010101;
	8003 : 010001100001;
	8004 : 010001000011;
	8005 : 010001101101;
	8006 : 010001001111;
	8007 : 010001011011;
	8008 : 010001001001;
	8009 : 010001001111;
	8010 : 010000110100;
	8011 : 010001011011;
	8012 : 010000110111;
	8013 : 010001111001;
	8014 : 010010111001;
	8015 : 010100011001;
	8016 : 010100010000;
	8017 : 010100000111;
	8018 : 010010100100;
	8019 : 010010011110;
	8020 : 010010101010;
	8021 : 010011100000;
	8022 : 010001111001;
	8023 : 010001001100;
	8024 : 001110101111;
	8025 : 001111101100;
	8026 : 010000010110;
	8027 : 010000011001;
	8028 : 010001000110;
	8029 : 010001010101;
	8030 : 010001011110;
	8031 : 010001110110;
	8032 : 010010001110;
	8033 : 011011011110;
	8034 : 011100010001;
	8035 : 100101100011;
	8036 : 111110110110;
	8037 : 111100101000;
	8038 : 011010010101;
	8039 : 001010001000;
	8040 : 000000000000;
	8041 : 000111111010;
	8042 : 010001010101;
	8043 : 010010100111;
	8044 : 010011010001;
	8045 : 010100111101;
	8046 : 010110000110;
	8047 : 010110001001;
	8048 : 010110100100;
	8049 : 000000000000;
	8050 : 000000000000;
	8051 : 000000000000;
	8052 : 000000000000;
	8053 : 000000000000;
	8054 : 000000000000;
	8055 : 000000000000;
	8056 : 000000000000;
	8057 : 000000000000;
	8058 : 000000000000;
	8059 : 000000000000;
	8060 : 000000000000;
	8061 : 000000000000;
	8062 : 000000000000;
	8063 : 000000000000;
	8064 : 000000000000;
	8065 : 000000000000;
	8066 : 000000000000;
	8067 : 000000000000;
	8068 : 000000000000;
	8069 : 000000000000;
	8070 : 000000000000;
	8071 : 000000000000;
	8072 : 000000000000;
	8073 : 000000000000;
	8074 : 000000000000;
	8075 : 000000000000;
	8076 : 000000000000;
	8077 : 000000000000;
	8078 : 000000000000;
	8079 : 000000000000;
	8080 : 000000000000;
	8081 : 000000000000;
	8082 : 000000000000;
	8083 : 000000000000;
	8084 : 111111111111;
	8085 : 101001111100;
	8086 : 001110011101;
	8087 : 000000000000;
	8088 : 000111010101;
	8089 : 010000111000;
	8090 : 010011000110;
	8091 : 010011110100;
	8092 : 010100110100;
	8093 : 010101010111;
	8094 : 010101101111;
	8095 : 010101111111;
	8096 : 010110111000;
	8097 : 010110110010;
	8098 : 011000000011;
	8099 : 011000000000;
	8100 : 011000011011;
	8101 : 011001011110;
	8102 : 011010010110;
	8103 : 011011001111;
	8104 : 011011111111;
	8105 : 011101100101;
	8106 : 011111001101;
	8107 : 100001010001;
	8108 : 100011100111;
	8109 : 100101111101;
	8110 : 101001000001;
	8111 : 101011010100;
	8112 : 101101101101;
	8113 : 101111110110;
	8114 : 110000010100;
	8115 : 110000100110;
	8116 : 101111110001;
	8117 : 101011110101;
	8118 : 100111010110;
	8119 : 100010101001;
	8120 : 011101010111;
	8121 : 011010000100;
	8122 : 011000000000;
	8123 : 010110110000;
	8124 : 010101101010;
	8125 : 010101000010;
	8126 : 010101000111;
	8127 : 010100110010;
	8128 : 010100100010;
	8129 : 010100000001;
	8130 : 010100010111;
	8131 : 010100001111;
	8132 : 010100001100;
	8133 : 010100110100;
	8134 : 010100011100;
	8135 : 010100011111;
	8136 : 010100100111;
	8137 : 010100100010;
	8138 : 010100110010;
	8139 : 010101000100;
	8140 : 010100101111;
	8141 : 010100111111;
	8142 : 010101000010;
	8143 : 010101001100;
	8144 : 010100110010;
	8145 : 010100110111;
	8146 : 010100111111;
	8147 : 010101000111;
	8148 : 010100101111;
	8149 : 010100011100;
	8150 : 010100000001;
	8151 : 010011111100;
	8152 : 010011101100;
	8153 : 010011011111;
	8154 : 010100000001;
	8155 : 010011010001;
	8156 : 010011011100;
	8157 : 010010110110;
	8158 : 010011011100;
	8159 : 010011000100;
	8160 : 010010111100;
	8161 : 010011011111;
	8162 : 010011100111;
	8163 : 010011101001;
	8164 : 010011100001;
	8165 : 010011010100;
	8166 : 010011101111;
	8167 : 010011001100;
	8168 : 010011100001;
	8169 : 010010111110;
	8170 : 010010111110;
	8171 : 010011101111;
	8172 : 010010111100;
	8173 : 010011000110;
	8174 : 010010110001;
	8175 : 010011000110;
	8176 : 010011110001;
	8177 : 010011110100;
	8178 : 010011011111;
	8179 : 010101010111;
	8180 : 010111001010;
	8181 : 011000110011;
	8182 : 011011010111;
	8183 : 011100101111;
	8184 : 011011010001;
	8185 : 011001000110;
	8186 : 011011100100;
	8187 : 011001011011;
	8188 : 010110001101;
	8189 : 010100001100;
	8190 : 010010011110;
	8191 : 010011000100;
	8192 : 010010111100;
	8193 : 010010110110;
	8194 : 010010101001;
	8195 : 010010001110;
	8196 : 010010110001;
	8197 : 010010101100;
	8198 : 010100001100;
	8199 : 011100000111;
	8200 : 011101100010;
	8201 : 100111011110;
	8202 : 111111000100;
	8203 : 111000110100;
	8204 : 011111010000;
	8205 : 001010111110;
	8206 : 000001110101;
	8207 : 001110001101;
	8208 : 010100101010;
	8209 : 010100101111;
	8210 : 010110111010;
	8211 : 010111100011;
	8212 : 010111110011;
	8213 : 010111111011;
	8214 : 011000100011;
	8215 : 011001000110;
	8216 : 011001001001;
	8217 : 011010000100;
	8218 : 011010001110;
	8219 : 000000000000;
	8220 : 000000000000;
	8221 : 000000000000;
	8222 : 000000000000;
	8223 : 000000000000;
	8224 : 000000000000;
	8225 : 000000000000;
	8226 : 000000000000;
	8227 : 000000000000;
	8228 : 000000000000;
	8229 : 000000000000;
	8230 : 000000000000;
	8231 : 000000000000;
	8232 : 000000000000;
	8233 : 000000000000;
	8234 : 000000000000;
	8235 : 000000000000;
	8236 : 000000000000;
	8237 : 000000000000;
	8238 : 000000000000;
	8239 : 000000000000;
	8240 : 000000000000;
	8241 : 000000000000;
	8242 : 000000000000;
	8243 : 000000000000;
	8244 : 000000000000;
	8245 : 000000000000;
	8246 : 000000000000;
	8247 : 000000000000;
	8248 : 000000000000;
	8249 : 000000000000;
	8250 : 000000000000;
	8251 : 000000000000;
	8252 : 000000000000;
	8253 : 000000000000;
	8254 : 000000000000;
	8255 : 000000000000;
	8256 : 000000000000;
	8257 : 000000000000;
	8258 : 000000000000;
	8259 : 000000000000;
	8260 : 000000000000;
	8261 : 000000000000;
	8262 : 000000000000;
	8263 : 000000000000;
	8264 : 000000000000;
	8265 : 000000000000;
	8266 : 000000000000;
	8267 : 000000000000;
	8268 : 000000000000;
	8269 : 000000000000;
	8270 : 000000000000;
	8271 : 000000000000;
	8272 : 111111111111;
	8273 : 110010001110;
	8274 : 001011110011;
	8275 : 000011101010;
	8276 : 000001101010;
	8277 : 000011011111;
	8278 : 001001001110;
	8279 : 001011011101;
	8280 : 001011001111;
	8281 : 001011011110;
	8282 : 001011010011;
	8283 : 001011010111;
	8284 : 001011101111;
	8285 : 001100000110;
	8286 : 001100101000;
	8287 : 001100101000;
	8288 : 001100110110;
	8289 : 001100111001;
	8290 : 001101001110;
	8291 : 001101000011;
	8292 : 001101101100;
	8293 : 001101101011;
	8294 : 001110010010;
	8295 : 001110100101;
	8296 : 001110111110;
	8297 : 001111000101;
	8298 : 001111011110;
	8299 : 010000110000;
	8300 : 010001011111;
	8301 : 010011100011;
	8302 : 010100101101;
	8303 : 010110100001;
	8304 : 010111110100;
	8305 : 011001111011;
	8306 : 011011101001;
	8307 : 011100011111;
	8308 : 011101110101;
	8309 : 011110101111;
	8310 : 011101110101;
	8311 : 011101000111;
	8312 : 011011011011;
	8313 : 011000101001;
	8314 : 010101111011;
	8315 : 010011000011;
	8316 : 010000010001;
	8317 : 001101111010;
	8318 : 001100001000;
	8319 : 001010101111;
	8320 : 001001111110;
	8321 : 001001000011;
	8322 : 001000100111;
	8323 : 001000111000;
	8324 : 001000011000;
	8325 : 000111110101;
	8326 : 000111111001;
	8327 : 001000101010;
	8328 : 001000101100;
	8329 : 001000001100;
	8330 : 001001000111;
	8331 : 001001001110;
	8332 : 001001100111;
	8333 : 001001100111;
	8334 : 001001100101;
	8335 : 001010000111;
	8336 : 001001101011;
	8337 : 001001011100;
	8338 : 001001100101;
	8339 : 001001011000;
	8340 : 001001001011;
	8341 : 001001001101;
	8342 : 001001001011;
	8343 : 001001000001;
	8344 : 001000110000;
	8345 : 001000001110;
	8346 : 000111110101;
	8347 : 000111110000;
	8348 : 000111100001;
	8349 : 000111100010;
	8350 : 000111100010;
	8351 : 000111001100;
	8352 : 000110110001;
	8353 : 000110111011;
	8354 : 000110111011;
	8355 : 000111001100;
	8356 : 000111010111;
	8357 : 000110111101;
	8358 : 000111001110;
	8359 : 000110110101;
	8360 : 001000001000;
	8361 : 000111111011;
	8362 : 001000000011;
	8363 : 000111110101;
	8364 : 001000101100;
	8365 : 001001001001;
	8366 : 001011010101;
	8367 : 001100100001;
	8368 : 001100101100;
	8369 : 001110010110;
	8370 : 001111111100;
	8371 : 001111000010;
	8372 : 001101011111;
	8373 : 001011101110;
	8374 : 001011000010;
	8375 : 001001101111;
	8376 : 000111100110;
	8377 : 000110111001;
	8378 : 000110010011;
	8379 : 000110001111;
	8380 : 000101011110;
	8381 : 000101010100;
	8382 : 000101011110;
	8383 : 000110010011;
	8384 : 000110001111;
	8385 : 000011101110;
	8386 : 000000101101;
	8387 : 001101010000;
	8388 : 101001000011;
	8389 : 111001011010;
	8390 : 101011000000;
	8391 : 001001010000;
	8392 : 000010100010;
	8393 : 000000000000;
	8394 : 000001010111;
	8395 : 000111011001;
	8396 : 001001001101;
	8397 : 001001011111;
	8398 : 001001110010;
	8399 : 001010000011;
	8400 : 001001110010;
	8401 : 001010000011;
	8402 : 001001111110;
	8403 : 001010000010;
	8404 : 001010001001;
	8405 : 001010000111;
	8406 : 001010011100;
	8407 : 001010111100;
	8408 : 001011010001;
	8409 : 001011011110;
	8410 : 001011101110;
	8411 : 001100100110;
	8412 : 000000000000;
	8413 : 000000000000;
	8414 : 000000000000;
	8415 : 000000000000;
	8416 : 000000000000;
	8417 : 000000000000;
	8418 : 000000000000;
	8419 : 000000000000;
	8420 : 000000000000;
	8421 : 000000000000;
	8422 : 000000000000;
	8423 : 000000000000;
	8424 : 000000000000;
	8425 : 000000000000;
	8426 : 000000000000;
	8427 : 000000000000;
	8428 : 000000000000;
	8429 : 000000000000;
	8430 : 000000000000;
	8431 : 000000000000;
	8432 : 000000000000;
	8433 : 000000000000;
	8434 : 000000000000;
	8435 : 000000000000;
	8436 : 000000000000;
	8437 : 000000000000;
	8438 : 000000000000;
	8439 : 000000000000;
	8440 : 000000000000;
	8441 : 000000000000;
	8442 : 000000000000;
	8443 : 000000000000;
	8444 : 000000000000;
	8445 : 000000000000;
	8446 : 000000000000;
	8447 : 000000000000;
	8448 : 000000000000;
	8449 : 000000000000;
	8450 : 000000000000;
	8451 : 000000000000;
	8452 : 000000000000;
	8453 : 000000000000;
	8454 : 000000000000;
	8455 : 000000000000;
	8456 : 000000000000;
	8457 : 000000000000;
	8458 : 000000000000;
	8459 : 000000000000;
	8460 : 111110110110;
	8461 : 111000010100;
	8462 : 011001111001;
	8463 : 001001011001;
	8464 : 000000000000;
	8465 : 001001000111;
	8466 : 010001101000;
	8467 : 010010111011;
	8468 : 010011110110;
	8469 : 010101100001;
	8470 : 010101110101;
	8471 : 010110101110;
	8472 : 010110101001;
	8473 : 010111000001;
	8474 : 010111010101;
	8475 : 011000001110;
	8476 : 010111101111;
	8477 : 011000001001;
	8478 : 011001001111;
	8479 : 011001111001;
	8480 : 011010111100;
	8481 : 011011010011;
	8482 : 011100011001;
	8483 : 011110110010;
	8484 : 100000010101;
	8485 : 100010000111;
	8486 : 100100111010;
	8487 : 100110111110;
	8488 : 101001010010;
	8489 : 101001111110;
	8490 : 101011001001;
	8491 : 101011001111;
	8492 : 101010010110;
	8493 : 101000001111;
	8494 : 100101001100;
	8495 : 100001101000;
	8496 : 011110010110;
	8497 : 011100010100;
	8498 : 011001101100;
	8499 : 011000011001;
	8500 : 010111100000;
	8501 : 010110111110;
	8502 : 010111010011;
	8503 : 010110111011;
	8504 : 010111001000;
	8505 : 010110101110;
	8506 : 010111000011;
	8507 : 010110101110;
	8508 : 010110110110;
	8509 : 010111000011;
	8510 : 010110010010;
	8511 : 010110111001;
	8512 : 010111001000;
	8513 : 010110110100;
	8514 : 010110100111;
	8515 : 010110010111;
	8516 : 010110101100;
	8517 : 010110100100;
	8518 : 010110110110;
	8519 : 010111100111;
	8520 : 010110010111;
	8521 : 010110111110;
	8522 : 010111000110;
	8523 : 010111010000;
	8524 : 010111000011;
	8525 : 010110100001;
	8526 : 010110100100;
	8527 : 010110001010;
	8528 : 010101111101;
	8529 : 010110101001;
	8530 : 010101111000;
	8531 : 010110000000;
	8532 : 010110001111;
	8533 : 010110010100;
	8534 : 010110100111;
	8535 : 010101101011;
	8536 : 010101111011;
	8537 : 010101101110;
	8538 : 010101110101;
	8539 : 010101010110;
	8540 : 010101111000;
	8541 : 010101011001;
	8542 : 010110001111;
	8543 : 010101110011;
	8544 : 010101010110;
	8545 : 010101101011;
	8546 : 010101100110;
	8547 : 010101010100;
	8548 : 010110010010;
	8549 : 010111111010;
	8550 : 011010100000;
	8551 : 011010100101;
	8552 : 011100011100;
	8553 : 011101100000;
	8554 : 011100100001;
	8555 : 011011110011;
	8556 : 011101101111;
	8557 : 011010011000;
	8558 : 010111110100;
	8559 : 010101011001;
	8560 : 010100101101;
	8561 : 010100010011;
	8562 : 010100000011;
	8563 : 010100100000;
	8564 : 010100010011;
	8565 : 010100001000;
	8566 : 010100000110;
	8567 : 010100011000;
	8568 : 010101010100;
	8569 : 011101110100;
	8570 : 011111111001;
	8571 : 101000100001;
	8572 : 111111111111;
	8573 : 111111011101;
	8574 : 011110110000;
	8575 : 001101010000;
	8576 : 000010010110;
	8577 : 001010000011;
	8578 : 010011101100;
	8579 : 010101010100;
	8580 : 010110011010;
	8581 : 011000000001;
	8582 : 011000001110;
	8583 : 011000011011;
	8584 : 011000110011;
	8585 : 011000110011;
	8586 : 011001100111;
	8587 : 011001110110;
	8588 : 011001111110;
	8589 : 011011000001;
	8590 : 011011010110;
	8591 : 011100001101;
	8592 : 011100100110;
	8593 : 000000000000;
	8594 : 000000000000;
	8595 : 000000000000;
	8596 : 000000000000;
	8597 : 000000000000;
	8598 : 000000000000;
	8599 : 000000000000;
	8600 : 000000000000;
	8601 : 000000000000;
	8602 : 000000000000;
	8603 : 000000000000;
	8604 : 000000000000;
	8605 : 000000000000;
	8606 : 000000000000;
	8607 : 000000000000;
	8608 : 000000000000;
	8609 : 000000000000;
	8610 : 000000000000;
	8611 : 000000000000;
	8612 : 000000000000;
	8613 : 000000000000;
	8614 : 000000000000;
	8615 : 000000000000;
	8616 : 000000000000;
	8617 : 000000000000;
	8618 : 000000000000;
	8619 : 000000000000;
	8620 : 000000000000;
	8621 : 000000000000;
	8622 : 000000000000;
	8623 : 000000000000;
	8624 : 000000000000;
	8625 : 000000000000;
	8626 : 000000000000;
	8627 : 000000000000;
	8628 : 000000000000;
	8629 : 000000000000;
	8630 : 000000000000;
	8631 : 000000000000;
	8632 : 000000000000;
	8633 : 000000000000;
	8634 : 000000000000;
	8635 : 000000000000;
	8636 : 000000000000;
	8637 : 000000000000;
	8638 : 000000000000;
	8639 : 000000000000;
	8640 : 000000000000;
	8641 : 000000000000;
	8642 : 000000000000;
	8643 : 000000000000;
	8644 : 000000000000;
	8645 : 000000000000;
	8646 : 000000000000;
	8647 : 000000000000;
	8648 : 111111111111;
	8649 : 111000000011;
	8650 : 100000010000;
	8651 : 010000111100;
	8652 : 000101001000;
	8653 : 000000100100;
	8654 : 000100111000;
	8655 : 000111101101;
	8656 : 000111110100;
	8657 : 001000000000;
	8658 : 001000001111;
	8659 : 001000101110;
	8660 : 001001000011;
	8661 : 001001001010;
	8662 : 001001000110;
	8663 : 001001111000;
	8664 : 001010011001;
	8665 : 001010101100;
	8666 : 001011010101;
	8667 : 001011101111;
	8668 : 001100010101;
	8669 : 001100100111;
	8670 : 001101001100;
	8671 : 001101101100;
	8672 : 001101110111;
	8673 : 001110101110;
	8674 : 001111110001;
	8675 : 010000100110;
	8676 : 010001101011;
	8677 : 010011001101;
	8678 : 010011110110;
	8679 : 010101001110;
	8680 : 010110010001;
	8681 : 010110110110;
	8682 : 010111000110;
	8683 : 010111001011;
	8684 : 010110101100;
	8685 : 010101000111;
	8686 : 010011000110;
	8687 : 010001000000;
	8688 : 001110110110;
	8689 : 001101001000;
	8690 : 001011111110;
	8691 : 001010111000;
	8692 : 001001111000;
	8693 : 001001110110;
	8694 : 001001111100;
	8695 : 001001101110;
	8696 : 001001101110;
	8697 : 001001110011;
	8698 : 001010011011;
	8699 : 001010011001;
	8700 : 001001111111;
	8701 : 001010110100;
	8702 : 001010100001;
	8703 : 001010110011;
	8704 : 001001111111;
	8705 : 001001111000;
	8706 : 001010000001;
	8707 : 001010101101;
	8708 : 001011000000;
	8709 : 001011010000;
	8710 : 001011010011;
	8711 : 001011010010;
	8712 : 001011000111;
	8713 : 001010100011;
	8714 : 001010101000;
	8715 : 001010101111;
	8716 : 001010101101;
	8717 : 001010011011;
	8718 : 001010100111;
	8719 : 001010100011;
	8720 : 001010100011;
	8721 : 001010011110;
	8722 : 001010001001;
	8723 : 001010101101;
	8724 : 001011010011;
	8725 : 001011001110;
	8726 : 001011010011;
	8727 : 001010101101;
	8728 : 001011001001;
	8729 : 001011001001;
	8730 : 001011101111;
	8731 : 001100011000;
	8732 : 001100100110;
	8733 : 001100111010;
	8734 : 001100101101;
	8735 : 001100000101;
	8736 : 001011101010;
	8737 : 001011100100;
	8738 : 001011111110;
	8739 : 001100100001;
	8740 : 001100010110;
	8741 : 001100000010;
	8742 : 001101001111;
	8743 : 001110001001;
	8744 : 001111100101;
	8745 : 010000001010;
	8746 : 010001001100;
	8747 : 010010010010;
	8748 : 010011010101;
	8749 : 010011001000;
	8750 : 010010010001;
	8751 : 010000001100;
	8752 : 001111101111;
	8753 : 001110011011;
	8754 : 001011010011;
	8755 : 001001100101;
	8756 : 001001001111;
	8757 : 001000110111;
	8758 : 001000111001;
	8759 : 001000111110;
	8760 : 001000110010;
	8761 : 001000000111;
	8762 : 001000011101;
	8763 : 001100111100;
	8764 : 100010011010;
	8765 : 111101100010;
	8766 : 111010000110;
	8767 : 101001110110;
	8768 : 010100110000;
	8769 : 000111110111;
	8770 : 000000000000;
	8771 : 000100011111;
	8772 : 001000110011;
	8773 : 001000100111;
	8774 : 001000111111;
	8775 : 001001000011;
	8776 : 001000110111;
	8777 : 001001010010;
	8778 : 001001101001;
	8779 : 001000110111;
	8780 : 001001010010;
	8781 : 001001101001;
	8782 : 001010001000;
	8783 : 001010011110;
	8784 : 001010110001;
	8785 : 001011011000;
	8786 : 001100001100;
	8787 : 001100110010;
	8788 : 001101100100;
	8789 : 001110010010;
	8790 : 001111001011;
	8791 : 010000101000;
	8792 : 010001001000;
	8793 : 010001111010;
	8794 : 010011000100;
	8795 : 010011101010;
	8796 : 010101010001;
	8797 : 010110101110;
	8798 : 010111011011;
	8799 : 010111100101;
	8800 : 010111010100;
	8801 : 000000000000;
	8802 : 000000000000;
	8803 : 000000000000;
	8804 : 000000000000;
	8805 : 000000000000;
	8806 : 000000000000;
	8807 : 000000000000;
	8808 : 000000000000;
	8809 : 000000000000;
	8810 : 000000000000;
	8811 : 000000000000;
	8812 : 000000000000;
	8813 : 000000000000;
	8814 : 000000000000;
	8815 : 000000000000;
	8816 : 000000000000;
	8817 : 000000000000;
	8818 : 000000000000;
	8819 : 000000000000;
	8820 : 000000000000;
	8821 : 000000000000;
	8822 : 000000000000;
	8823 : 000000000000;
	8824 : 000000000000;
	8825 : 000000000000;
	8826 : 000000000000;
	8827 : 000000000000;
	8828 : 000000000000;
	8829 : 000000000000;
	8830 : 000000000000;
	8831 : 000000000000;
	8832 : 000000000000;
	8833 : 000000000000;
	8834 : 000000000000;
	8835 : 000000000000;
	8836 : 111111111111;
	8837 : 111001011010;
	8838 : 100010110111;
	8839 : 010110000111;
	8840 : 001100111000;
	8841 : 001000110000;
	8842 : 000110101001;
	8843 : 000101111111;
	8844 : 000101001110;
	8845 : 000100111111;
	8846 : 000101001100;
	8847 : 000101001100;
	8848 : 000101010101;
	8849 : 000101010000;
	8850 : 000101101011;
	8851 : 000101011101;
	8852 : 000101100100;
	8853 : 000101111100;
	8854 : 000110011101;
	8855 : 000110101001;
	8856 : 000110111100;
	8857 : 000111111111;
	8858 : 001000110101;
	8859 : 001001100011;
	8860 : 001010001101;
	8861 : 001011011001;
	8862 : 001100000111;
	8863 : 001101110001;
	8864 : 001111110111;
	8865 : 010010000000;
	8866 : 010011100010;
	8867 : 010101100111;
	8868 : 010111100110;
	8869 : 011000011110;
	8870 : 011000100001;
	8871 : 011000010010;
	8872 : 010110000100;
	8873 : 010011100101;
	8874 : 010000101000;
	8875 : 001101110011;
	8876 : 001011100010;
	8877 : 001010001100;
	8878 : 001001011011;
	8879 : 001000111110;
	8880 : 001000000110;
	8881 : 001000011111;
	8882 : 001000001111;
	8883 : 001000010101;
	8884 : 001000010000;
	8885 : 001000010000;
	8886 : 001000010100;
	8887 : 001000011100;
	8888 : 001000011110;
	8889 : 001000000110;
	8890 : 001000001111;
	8891 : 001000001000;
	8892 : 000111110101;
	8893 : 001000001000;
	8894 : 000111101011;
	8895 : 000111010011;
	8896 : 000111000001;
	8897 : 000110111010;
	8898 : 000110101001;
	8899 : 000110000111;
	8900 : 000101111101;
	8901 : 000110000110;
	8902 : 000101100010;
	8903 : 000101001110;
	8904 : 000101000010;
	8905 : 000101000000;
	8906 : 000101000010;
	8907 : 000100111000;
	8908 : 000101001110;
	8909 : 000101000010;
	8910 : 000100111010;
	8911 : 000101001011;
	8912 : 000100111101;
	8913 : 000100110011;
	8914 : 000100100100;
	8915 : 000100101001;
	8916 : 000100100111;
	8917 : 000100110000;
	8918 : 000101001100;
	8919 : 000101000110;
	8920 : 000100110110;
	8921 : 000100100010;
	8922 : 000100000111;
	8923 : 000100100000;
	8924 : 000100010110;
	8925 : 000100001010;
	8926 : 000100011000;
	8927 : 000011111011;
	8928 : 000100001010;
	8929 : 000100001001;
	8930 : 000100001111;
	8931 : 000100000111;
	8932 : 000100000101;
	8933 : 000100100100;
	8934 : 000100011000;
	8935 : 000100011101;
	8936 : 000101110011;
	8937 : 000111001011;
	8938 : 001000010000;
	8939 : 001000010100;
	8940 : 001001001000;
	8941 : 001011100011;
	8942 : 001011011001;
	8943 : 001001101101;
	8944 : 001001010111;
	8945 : 001000001101;
	8946 : 000111101110;
	8947 : 000111000110;
	8948 : 000101011000;
	8949 : 000100001001;
	8950 : 000011001100;
	8951 : 000010100000;
	8952 : 000010010010;
	8953 : 000010000101;
	8954 : 000001111101;
	8955 : 000000000000;
	8956 : 000001000011;
	8957 : 001001110010;
	8958 : 100000011100;
	8959 : 110111101001;
	8960 : 111110000101;
	8961 : 111010100010;
	8962 : 100111000000;
	8963 : 011001011111;
	8964 : 001110100110;
	8965 : 001001001000;
	8966 : 000110101110;
	8967 : 000101000010;
	8968 : 000100100010;
	8969 : 000100010001;
	8970 : 000100100111;
	8971 : 000100100111;
	8972 : 000100110000;
	8973 : 000101001100;
	8974 : 000100110011;
	8975 : 000100111101;
	8976 : 000101011111;
	8977 : 000101110001;
	8978 : 000101110101;
	8979 : 000101111101;
	8980 : 000110000100;
	8981 : 000000000000;
	8982 : 000000000000;
	8983 : 000000000000;
	8984 : 000000000000;
	8985 : 000000000000;
	8986 : 000000000000;
	8987 : 000000000000;
	8988 : 000000000000;
	8989 : 000000000000;
	8990 : 000000000000;
	8991 : 000000000000;
	8992 : 000000000000;
	8993 : 000000000000;
	8994 : 000000000000;
	8995 : 000000000000;
	8996 : 000000000000;
	8997 : 000000000000;
	8998 : 000000000000;
	8999 : 000000000000;
	9000 : 000000000000;
	9001 : 000000000000;
	9002 : 000000000000;
	9003 : 000000000000;
	9004 : 000000000000;
	9005 : 000000000000;
	9006 : 000000000000;
	9007 : 000000000000;
	9008 : 000000000000;
	9009 : 000000000000;
	9010 : 000000000000;
	9011 : 000000000000;
	9012 : 000000000000;
	9013 : 000000000000;
	9014 : 000000000000;
	9015 : 000000000000;
	9016 : 000000000000;
	9017 : 000000000000;
	9018 : 000000000000;
	9019 : 000000000000;
	9020 : 000000000000;
	9021 : 000000000000;
	9022 : 000000000000;
	9023 : 000000000000;
	9024 : 111111111111;
	9025 : 011110101111;
	9026 : 000110100001;
	9027 : 000001111011;
	9028 : 000100000111;
	9029 : 001011101110;
	9030 : 001100101011;
	9031 : 001110110110;
	9032 : 001110100001;
	9033 : 001110100110;
	9034 : 001111100000;
	9035 : 001111101110;
	9036 : 001111111010;
	9037 : 001111111010;
	9038 : 010000000001;
	9039 : 010000011000;
	9040 : 010000110111;
	9041 : 010000110111;
	9042 : 010001011110;
	9043 : 010001101111;
	9044 : 010010010100;
	9045 : 010011010111;
	9046 : 010011100011;
	9047 : 010100100100;
	9048 : 010101110100;
	9049 : 010110111110;
	9050 : 011000000100;
	9051 : 011001010001;
	9052 : 011010010000;
	9053 : 011010111000;
	9054 : 011011011111;
	9055 : 011011110100;
	9056 : 011011010110;
	9057 : 011001101000;
	9058 : 010111100011;
	9059 : 010101011010;
	9060 : 010100000100;
	9061 : 010010101101;
	9062 : 010010000001;
	9063 : 010001011100;
	9064 : 010000110100;
	9065 : 010000010001;
	9066 : 010000101101;
	9067 : 010000100100;
	9068 : 010000010001;
	9069 : 010000000011;
	9070 : 010000100110;
	9071 : 010000111110;
	9072 : 010001010111;
	9073 : 010001011010;
	9074 : 010001100101;
	9075 : 010001110110;
	9076 : 010010001111;
	9077 : 010010010100;
	9078 : 010001100001;
	9079 : 010001011100;
	9080 : 010001011100;
	9081 : 010001010101;
	9082 : 010001010101;
	9083 : 010001001100;
	9084 : 010001000101;
	9085 : 010000011111;
	9086 : 010000101001;
	9087 : 010000111110;
	9088 : 010000010001;
	9089 : 010000011101;
	9090 : 010000110000;
	9091 : 010000100100;
	9092 : 010001001001;
	9093 : 010010101011;
	9094 : 010100100010;
	9095 : 010100000100;
	9096 : 010100001111;
	9097 : 010100111110;
	9098 : 010011110110;
	9099 : 010100100111;
	9100 : 010010101001;
	9101 : 010001010101;
	9102 : 010000000110;
	9103 : 001110111101;
	9104 : 001110001010;
	9105 : 001101101110;
	9106 : 001101000111;
	9107 : 001101100101;
	9108 : 001101010010;
	9109 : 001011110111;
	9110 : 001000101010;
	9111 : 010011100001;
	9112 : 100101101001;
	9113 : 111110101000;
	9114 : 110000001101;
	9115 : 010111110100;
	9116 : 000000111010;
	9117 : 000000000000;
	9118 : 000010111000;
	9119 : 001001001101;
	9120 : 001010011010;
	9121 : 001011011001;
	9122 : 001011100101;
	9123 : 001100100110;
	9124 : 001100100100;
	9125 : 001101001110;
	9126 : 001101101100;
	9127 : 001101010010;
	9128 : 001101110111;
	9129 : 001110101111;
	9130 : 001110111001;
	9131 : 001111010000;
	9132 : 001111111010;
	9133 : 010000010110;
	9134 : 010000001010;
	9135 : 010000110010;
	9136 : 010001001110;
	9137 : 010010000100;
	9138 : 010011010000;
	9139 : 000000000000;
	9140 : 000000000000;
	9141 : 000000000000;
	9142 : 000000000000;
	9143 : 000000000000;
	9144 : 000000000000;
	9145 : 000000000000;
	9146 : 000000000000;
	9147 : 000000000000;
	9148 : 000000000000;
	9149 : 000000000000;
	9150 : 000000000000;
	9151 : 000000000000;
	9152 : 000000000000;
	9153 : 000000000000;
	9154 : 000000000000;
	9155 : 000000000000;
	9156 : 000000000000;
	9157 : 000000000000;
	9158 : 000000000000;
	9159 : 000000000000;
	9160 : 000000000000;
	9161 : 000000000000;
	9162 : 000000000000;
	9163 : 000000000000;
	9164 : 000000000000;
	9165 : 000000000000;
	9166 : 000000000000;
	9167 : 000000000000;
	9168 : 000000000000;
	9169 : 000000000000;
	9170 : 000000000000;
	9171 : 000000000000;
	9172 : 000000000000;
	9173 : 000000000000;
	9174 : 000000000000;
	9175 : 000000000000;
	9176 : 000000000000;
	9177 : 000000000000;
	9178 : 000000000000;
	9179 : 000000000000;
	9180 : 000000000000;
	9181 : 000000000000;
	9182 : 000000000000;
	9183 : 000000000000;
	9184 : 000000000000;
	9185 : 000000000000;
	9186 : 000000000000;
	9187 : 000000000000;
	9188 : 000000000000;
	9189 : 000000000000;
	9190 : 000000000000;
	9191 : 000000000000;
	9192 : 000000000000;
	9193 : 000000000000;
	9194 : 000000000000;
	9195 : 000000000000;
	9196 : 000000000000;
	9197 : 000000000000;
	9198 : 000000000000;
	9199 : 000000000000;
	9200 : 000000000000;
	9201 : 000000000000;
	9202 : 000000000000;
	9203 : 000000000000;
	9204 : 000000000000;
	9205 : 000000000000;
	9206 : 000000000000;
	9207 : 000000000000;
	9208 : 000000000000;
	9209 : 000000000000;
	9210 : 000000000000;
	9211 : 000000000000;
	9212 : 111111001100;
	9213 : 101000000101;
	9214 : 001101110110;
	9215 : 000000000000;
	9216 : 000111111001;
	9217 : 010001011110;
	9218 : 010011001110;
	9219 : 010100011000;
	9220 : 010101000111;
	9221 : 010101110111;
	9222 : 010101111100;
	9223 : 010110011100;
	9224 : 010111010001;
	9225 : 010111010110;
	9226 : 011000000110;
	9227 : 011000010000;
	9228 : 011000100011;
	9229 : 011001100010;
	9230 : 011010000101;
	9231 : 011010110111;
	9232 : 011011011100;
	9233 : 011100111110;
	9234 : 011110100010;
	9235 : 100000100001;
	9236 : 100010110110;
	9237 : 100100111111;
	9238 : 100111101110;
	9239 : 101010101010;
	9240 : 101101000110;
	9241 : 101110010101;
	9242 : 101111011010;
	9243 : 101111110111;
	9244 : 101101101011;
	9245 : 101001111010;
	9246 : 100101011010;
	9247 : 100000001100;
	9248 : 011100111011;
	9249 : 011001011010;
	9250 : 010111000110;
	9251 : 010101011100;
	9252 : 010100100101;
	9253 : 010100001010;
	9254 : 010100001000;
	9255 : 010011100011;
	9256 : 010011010000;
	9257 : 010010110000;
	9258 : 010011011011;
	9259 : 010010100011;
	9260 : 010010111000;
	9261 : 010011010011;
	9262 : 010010110011;
	9263 : 010010110110;
	9264 : 010011011000;
	9265 : 010011010110;
	9266 : 010011011000;
	9267 : 010011101101;
	9268 : 010011100000;
	9269 : 010011111011;
	9270 : 010011101011;
	9271 : 010100011000;
	9272 : 010011110101;
	9273 : 010011110000;
	9274 : 010100001010;
	9275 : 010011111011;
	9276 : 010100010000;
	9277 : 010011110000;
	9278 : 010011111101;
	9279 : 010011001011;
	9280 : 010011000011;
	9281 : 010010111110;
	9282 : 010011000000;
	9283 : 010010110110;
	9284 : 010010110110;
	9285 : 010010110011;
	9286 : 010010100011;
	9287 : 010010101001;
	9288 : 010010101001;
	9289 : 010010110011;
	9290 : 010010110110;
	9291 : 010010110011;
	9292 : 010010011011;
	9293 : 010010101001;
	9294 : 010010100011;
	9295 : 010010010011;
	9296 : 010010010011;
	9297 : 010010001110;
	9298 : 010001110110;
	9299 : 010010001011;
	9300 : 010010000001;
	9301 : 010010010001;
	9302 : 010001111110;
	9303 : 010010010011;
	9304 : 010010010011;
	9305 : 010010000001;
	9306 : 010010001001;
	9307 : 010010011001;
	9308 : 010010000100;
	9309 : 010010101001;
	9310 : 010010110011;
	9311 : 010011000011;
	9312 : 010010110110;
	9313 : 010011001011;
	9314 : 010011000000;
	9315 : 010010110000;
	9316 : 010011001110;
	9317 : 010101001111;
	9318 : 010111010001;
	9319 : 011000101011;
	9320 : 011011000100;
	9321 : 011100001100;
	9322 : 011010011101;
	9323 : 011000011110;
	9324 : 011010110111;
	9325 : 011000000011;
	9326 : 010100101000;
	9327 : 010010101011;
	9328 : 010001100110;
	9329 : 010001110100;
	9330 : 010001011100;
	9331 : 010001110001;
	9332 : 010010010110;
	9333 : 010010001110;
	9334 : 010010010001;
	9335 : 010010101001;
	9336 : 010100010000;
	9337 : 011011110001;
	9338 : 011101100000;
	9339 : 101001111101;
	9340 : 111111111111;
	9341 : 111000000000;
	9342 : 011011010111;
	9343 : 001000000110;
	9344 : 000011011110;
	9345 : 010000100100;
	9346 : 010100110111;
	9347 : 010101000010;
	9348 : 010110010100;
	9349 : 010110111100;
	9350 : 010111011011;
	9351 : 011000001000;
	9352 : 011000011110;
	9353 : 011000010011;
	9354 : 011001001000;
	9355 : 011000111011;
	9356 : 011001101010;
	9357 : 011010100010;
	9358 : 011010110111;
	9359 : 000000000000;
	9360 : 000000000000;
	9361 : 000000000000;
	9362 : 000000000000;
	9363 : 000000000000;
	9364 : 000000000000;
	9365 : 000000000000;
	9366 : 000000000000;
	9367 : 000000000000;
	9368 : 000000000000;
	9369 : 000000000000;
	9370 : 000000000000;
	9371 : 000000000000;
	9372 : 000000000000;
	9373 : 000000000000;
	9374 : 000000000000;
	9375 : 000000000000;
	9376 : 000000000000;
	9377 : 000000000000;
	9378 : 000000000000;
	9379 : 000000000000;
	9380 : 000000000000;
	9381 : 000000000000;
	9382 : 000000000000;
	9383 : 000000000000;
	9384 : 000000000000;
	9385 : 000000000000;
	9386 : 000000000000;
	9387 : 000000000000;
	9388 : 000000000000;
	9389 : 000000000000;
	9390 : 000000000000;
	9391 : 000000000000;
	9392 : 000000000000;
	9393 : 000000000000;
	9394 : 000000000000;
	9395 : 000000000000;
	9396 : 000000000000;
	9397 : 000000000000;
	9398 : 000000000000;
	9399 : 000000000000;
	9400 : 111110110001;
	9401 : 110011110100;
	9402 : 010000101011;
	9403 : 000011110010;
	9404 : 000101000000;
	9405 : 000110010110;
	9406 : 000101000011;
	9407 : 000100001100;
	9408 : 000100001110;
	9409 : 000100001101;
	9410 : 000100011010;
	9411 : 000100010111;
	9412 : 000100101011;
	9413 : 000101000000;
	9414 : 000100111110;
	9415 : 000101010011;
	9416 : 000101010111;
	9417 : 000101101111;
	9418 : 000110010001;
	9419 : 000110000011;
	9420 : 000110011100;
	9421 : 000110101101;
	9422 : 000111001111;
	9423 : 000111110101;
	9424 : 001000001101;
	9425 : 001000110110;
	9426 : 001001100101;
	9427 : 001010100110;
	9428 : 001011010111;
	9429 : 001100011001;
	9430 : 001101101110;
	9431 : 001110101101;
	9432 : 001111110101;
	9433 : 010000110001;
	9434 : 010001001010;
	9435 : 010001001101;
	9436 : 010000001100;
	9437 : 001110011111;
	9438 : 001100011110;
	9439 : 001010100011;
	9440 : 001000101010;
	9441 : 000111001101;
	9442 : 000110011001;
	9443 : 000101110001;
	9444 : 000101010101;
	9445 : 000101000110;
	9446 : 000101000110;
	9447 : 000101001011;
	9448 : 000100110111;
	9449 : 000100101011;
	9450 : 000100111111;
	9451 : 000100111111;
	9452 : 000101000011;
	9453 : 000100111111;
	9454 : 000100111001;
	9455 : 000101000101;
	9456 : 000101000010;
	9457 : 000101000101;
	9458 : 000101010000;
	9459 : 000101001111;
	9460 : 000101001111;
	9461 : 000101010010;
	9462 : 000101001011;
	9463 : 000101011010;
	9464 : 000101001101;
	9465 : 000101000010;
	9466 : 000101000100;
	9467 : 000101011000;
	9468 : 000101000100;
	9469 : 000100110001;
	9470 : 000100111010;
	9471 : 000100111011;
	9472 : 000101000000;
	9473 : 000100111100;
	9474 : 000100100001;
	9475 : 000100110001;
	9476 : 000100101101;
	9477 : 000100101010;
	9478 : 000100110011;
	9479 : 000100101011;
	9480 : 000100101001;
	9481 : 000100100000;
	9482 : 000100101110;
	9483 : 000100100111;
	9484 : 000100011001;
	9485 : 000100011110;
	9486 : 000100100110;
	9487 : 000100001001;
	9488 : 000100100010;
	9489 : 000100010110;
	9490 : 000100011010;
	9491 : 000100010100;
	9492 : 000100010000;
	9493 : 000100010101;
	9494 : 000100001110;
	9495 : 000100001100;
	9496 : 000100101100;
	9497 : 000101010000;
	9498 : 000101111100;
	9499 : 000111011101;
	9500 : 000111011101;
	9501 : 000111010101;
	9502 : 001000100010;
	9503 : 001000011011;
	9504 : 000111101001;
	9505 : 000111011101;
	9506 : 000110000001;
	9507 : 000101100100;
	9508 : 000101010000;
	9509 : 000100000101;
	9510 : 000011111100;
	9511 : 000011101111;
	9512 : 000011101001;
	9513 : 000011100010;
	9514 : 000011011111;
	9515 : 000011011110;
	9516 : 000011000110;
	9517 : 000000000000;
	9518 : 000011111010;
	9519 : 001101000000;
	9520 : 100110001110;
	9521 : 111111111111;
	9522 : 101101111000;
	9523 : 001011110101;
	9524 : 000011101111;
	9525 : 000101101101;
	9526 : 000110100101;
	9527 : 000101010010;
	9528 : 000101000000;
	9529 : 000100110011;
	9530 : 000100110100;
	9531 : 000100110000;
	9532 : 000100111101;
	9533 : 000101010011;
	9534 : 000101011001;
	9535 : 000101100011;
	9536 : 000101110000;
	9537 : 000101111001;
	9538 : 000110001010;
	9539 : 000101111100;
	9540 : 000110010011;
	9541 : 000110110011;
	9542 : 000111011100;
	9543 : 000111100111;
	9544 : 000111111100;
	9545 : 000000000000;
	9546 : 000000000000;
	9547 : 000000000000;
	9548 : 000000000000;
	9549 : 000000000000;
	9550 : 000000000000;
	9551 : 000000000000;
	9552 : 000000000000;
	9553 : 000000000000;
	9554 : 000000000000;
	9555 : 000000000000;
	9556 : 000000000000;
	9557 : 000000000000;
	9558 : 000000000000;
	9559 : 000000000000;
	9560 : 000000000000;
	9561 : 000000000000;
	9562 : 000000000000;
	9563 : 000000000000;
	9564 : 000000000000;
	9565 : 000000000000;
	9566 : 000000000000;
	9567 : 000000000000;
	9568 : 000000000000;
	9569 : 000000000000;
	9570 : 000000000000;
	9571 : 000000000000;
	9572 : 000000000000;
	9573 : 000000000000;
	9574 : 000000000000;
	9575 : 000000000000;
	9576 : 000000000000;
	9577 : 000000000000;
	9578 : 000000000000;
	9579 : 000000000000;
	9580 : 000000000000;
	9581 : 000000000000;
	9582 : 000000000000;
	9583 : 000000000000;
	9584 : 000000000000;
	9585 : 000000000000;
	9586 : 000000000000;
	9587 : 000000000000;
	9588 : 111111111111;
	9589 : 101000010011;
	9590 : 001010010000;
	9591 : 000100111010;
	9592 : 000111111101;
	9593 : 001011110100;
	9594 : 001100000001;
	9595 : 001100011000;
	9596 : 001011110111;
	9597 : 001100010111;
	9598 : 001100011100;
	9599 : 001100100111;
	9600 : 001101000010;
	9601 : 001100111101;
	9602 : 001101001100;
	9603 : 001101100010;
	9604 : 001101111000;
	9605 : 001110100010;
	9606 : 001110001101;
	9607 : 001110100111;
	9608 : 001111000001;
	9609 : 001111101001;
	9610 : 010000110111;
	9611 : 010001000101;
	9612 : 010010001110;
	9613 : 010011100110;
	9614 : 010101011010;
	9615 : 010111011110;
	9616 : 011000110101;
	9617 : 011010110011;
	9618 : 011100100110;
	9619 : 011110001111;
	9620 : 011111001001;
	9621 : 011101110011;
	9622 : 011011010101;
	9623 : 010111101011;
	9624 : 010100011010;
	9625 : 010001010110;
	9626 : 001110001010;
	9627 : 001100111001;
	9628 : 001011111010;
	9629 : 001011001110;
	9630 : 001011000001;
	9631 : 001010001011;
	9632 : 001010001010;
	9633 : 001010100001;
	9634 : 001010001101;
	9635 : 001010110000;
	9636 : 001010011101;
	9637 : 001010110011;
	9638 : 001010110000;
	9639 : 001011000100;
	9640 : 001011011001;
	9641 : 001010101110;
	9642 : 001011010100;
	9643 : 001011010101;
	9644 : 001011010001;
	9645 : 001011011011;
	9646 : 001010110011;
	9647 : 001011001010;
	9648 : 001010110011;
	9649 : 001010101110;
	9650 : 001010011101;
	9651 : 001001111010;
	9652 : 001010010001;
	9653 : 001001111110;
	9654 : 001010011110;
	9655 : 001100001101;
	9656 : 001100010111;
	9657 : 001101100110;
	9658 : 001111001111;
	9659 : 001111011110;
	9660 : 001111010010;
	9661 : 001110101011;
	9662 : 001101111010;
	9663 : 001100111010;
	9664 : 001100011000;
	9665 : 001011001000;
	9666 : 001001101110;
	9667 : 001001000111;
	9668 : 001000100100;
	9669 : 001000000000;
	9670 : 000111110110;
	9671 : 000110101110;
	9672 : 000101111110;
	9673 : 000110000101;
	9674 : 000110000011;
	9675 : 000110011100;
	9676 : 000101101010;
	9677 : 000100011101;
	9678 : 000000000000;
	9679 : 000111001101;
	9680 : 010101101100;
	9681 : 110111010111;
	9682 : 111100101000;
	9683 : 011101110010;
	9684 : 000110001010;
	9685 : 000011100000;
	9686 : 000110100001;
	9687 : 001001100101;
	9688 : 001000111100;
	9689 : 001001001011;
	9690 : 001001111101;
	9691 : 001001010100;
	9692 : 001001110111;
	9693 : 001010001011;
	9694 : 001010010000;
	9695 : 001010110010;
	9696 : 001010011001;
	9697 : 001010100100;
	9698 : 001010011100;
	9699 : 001010111100;
	9700 : 000000000000;
	9701 : 000000000000;
	9702 : 000000000000;
	9703 : 000000000000;
	9704 : 000000000000;
	9705 : 000000000000;
	9706 : 000000000000;
	9707 : 000000000000;
	9708 : 000000000000;
	9709 : 000000000000;
	9710 : 000000000000;
	9711 : 000000000000;
	9712 : 000000000000;
	9713 : 000000000000;
	9714 : 000000000000;
	9715 : 000000000000;
	9716 : 000000000000;
	9717 : 000000000000;
	9718 : 000000000000;
	9719 : 000000000000;
	9720 : 000000000000;
	9721 : 000000000000;
	9722 : 000000000000;
	9723 : 000000000000;
	9724 : 000000000000;
	9725 : 000000000000;
	9726 : 000000000000;
	9727 : 000000000000;
	9728 : 000000000000;
	9729 : 000000000000;
	9730 : 000000000000;
	9731 : 000000000000;
	9732 : 000000000000;
	9733 : 000000000000;
	9734 : 000000000000;
	9735 : 000000000000;
	9736 : 000000000000;
	9737 : 000000000000;
	9738 : 000000000000;
	9739 : 000000000000;
	9740 : 000000000000;
	9741 : 000000000000;
	9742 : 000000000000;
	9743 : 000000000000;
	9744 : 000000000000;
	9745 : 000000000000;
	9746 : 000000000000;
	9747 : 000000000000;
	9748 : 000000000000;
	9749 : 000000000000;
	9750 : 000000000000;
	9751 : 000000000000;
	9752 : 000000000000;
	9753 : 000000000000;
	9754 : 000000000000;
	9755 : 000000000000;
	9756 : 000000000000;
	9757 : 000000000000;
	9758 : 000000000000;
	9759 : 000000000000;
	9760 : 000000000000;
	9761 : 000000000000;
	9762 : 000000000000;
	9763 : 000000000000;
	9764 : 000000000000;
	9765 : 000000000000;
	9766 : 000000000000;
	9767 : 000000000000;
	9768 : 000000000000;
	9769 : 000000000000;
	9770 : 000000000000;
	9771 : 000000000000;
	9772 : 000000000000;
	9773 : 000000000000;
	9774 : 000000000000;
	9775 : 000000000000;
	9776 : 111110111011;
	9777 : 100110011111;
	9778 : 000011100001;
	9779 : 000010100001;
	9780 : 000100101011;
	9781 : 000111101110;
	9782 : 001000010001;
	9783 : 001000101111;
	9784 : 001000001010;
	9785 : 001000000111;
	9786 : 001000011011;
	9787 : 001001001001;
	9788 : 001001010000;
	9789 : 001001000110;
	9790 : 001001101000;
	9791 : 001010000001;
	9792 : 001010001001;
	9793 : 001011000010;
	9794 : 001011100100;
	9795 : 001100000001;
	9796 : 001101100000;
	9797 : 001110010010;
	9798 : 010000001000;
	9799 : 010000111011;
	9800 : 010010111000;
	9801 : 010011101100;
	9802 : 010101011101;
	9803 : 010110011100;
	9804 : 010110111101;
	9805 : 010110101001;
	9806 : 010100111111;
	9807 : 010011000000;
	9808 : 010000001010;
	9809 : 001101010111;
	9810 : 001011010011;
	9811 : 001001110001;
	9812 : 001001001011;
	9813 : 000111110001;
	9814 : 000111100010;
	9815 : 000111101010;
	9816 : 000110111011;
	9817 : 000111000000;
	9818 : 000111001100;
	9819 : 000110101111;
	9820 : 000110111100;
	9821 : 000111100111;
	9822 : 000110011100;
	9823 : 000110111011;
	9824 : 000110110001;
	9825 : 000110110100;
	9826 : 000110111011;
	9827 : 000110101100;
	9828 : 000111100100;
	9829 : 000111001000;
	9830 : 000110111000;
	9831 : 000110111011;
	9832 : 000111001111;
	9833 : 000110100100;
	9834 : 000110110100;
	9835 : 000110010110;
	9836 : 000110011110;
	9837 : 000110010010;
	9838 : 000110000111;
	9839 : 000101110100;
	9840 : 000110000011;
	9841 : 000110100000;
	9842 : 000101100110;
	9843 : 000110011001;
	9844 : 000101101010;
	9845 : 000101111110;
	9846 : 000101101000;
	9847 : 000101111111;
	9848 : 000101100111;
	9849 : 000110000011;
	9850 : 000101001111;
	9851 : 000110000011;
	9852 : 000110011100;
	9853 : 000111000110;
	9854 : 000111111011;
	9855 : 000111101000;
	9856 : 000111110111;
	9857 : 000110110110;
	9858 : 000111001111;
	9859 : 000110111110;
	9860 : 000110100101;
	9861 : 000101010101;
	9862 : 000101010001;
	9863 : 000100111110;
	9864 : 000100111011;
	9865 : 000101000011;
	9866 : 000100101100;
	9867 : 000101011000;
	9868 : 000100101111;
	9869 : 000100011100;
	9870 : 000010110101;
	9871 : 000000100010;
	9872 : 000110011100;
	9873 : 010110001100;
	9874 : 110000110101;
	9875 : 111111111111;
	9876 : 101001100001;
	9877 : 000100010000;
	9878 : 000000000000;
	9879 : 000010101100;
	9880 : 000110100101;
	9881 : 000110101011;
	9882 : 000111001000;
	9883 : 000110111011;
	9884 : 000110110011;
	9885 : 000110101111;
	9886 : 000111010110;
	9887 : 000111101111;
	9888 : 001000001110;
	9889 : 001000011110;
	9890 : 001000001001;
	9891 : 001001100101;
	9892 : 001001101100;
	9893 : 001010001011;
	9894 : 001011010101;
	9895 : 001011101110;
	9896 : 001101100001;
	9897 : 001110000010;
	9898 : 001111111111;
	9899 : 000000000000;
	9900 : 000000000000;
	9901 : 000000000000;
	9902 : 000000000000;
	9903 : 000000000000;
	9904 : 000000000000;
	9905 : 000000000000;
	9906 : 000000000000;
	9907 : 000000000000;
	9908 : 000000000000;
	9909 : 000000000000;
	9910 : 000000000000;
	9911 : 000000000000;
	9912 : 000000000000;
	9913 : 000000000000;
	9914 : 000000000000;
	9915 : 000000000000;
	9916 : 000000000000;
	9917 : 000000000000;
	9918 : 000000000000;
	9919 : 000000000000;
	9920 : 000000000000;
	9921 : 000000000000;
	9922 : 000000000000;
	9923 : 000000000000;
	9924 : 000000000000;
	9925 : 000000000000;
	9926 : 000000000000;
	9927 : 000000000000;
	9928 : 000000000000;
	9929 : 000000000000;
	9930 : 000000000000;
	9931 : 000000000000;
	9932 : 000000000000;
	9933 : 000000000000;
	9934 : 000000000000;
	9935 : 000000000000;
	9936 : 000000000000;
	9937 : 000000000000;
	9938 : 000000000000;
	9939 : 000000000000;
	9940 : 000000000000;
	9941 : 000000000000;
	9942 : 000000000000;
	9943 : 000000000000;
	9944 : 000000000000;
	9945 : 000000000000;
	9946 : 000000000000;
	9947 : 000000000000;
	9948 : 000000000000;
	9949 : 000000000000;
	9950 : 000000000000;
	9951 : 000000000000;
	9952 : 000000000000;
	9953 : 000000000000;
	9954 : 000000000000;
	9955 : 000000000000;
	9956 : 000000000000;
	9957 : 000000000000;
	9958 : 000000000000;
	9959 : 000000000000;
	9960 : 000000000000;
	9961 : 000000000000;
	9962 : 000000000000;
	9963 : 000000000000;
	9964 : 111111111111;
	9965 : 101110100011;
	9966 : 011011111011;
	9967 : 001110010010;
	9968 : 001011001001;
	9969 : 001100101100;
	9970 : 001100111000;
	9971 : 001100011110;
	9972 : 001100100001;
	9973 : 001100011011;
	9974 : 001100100000;
	9975 : 001100110110;
	9976 : 001101000111;
	9977 : 001101010010;
	9978 : 001101010111;
	9979 : 001101100101;
	9980 : 001101110010;
	9981 : 001110001101;
	9982 : 001110101111;
	9983 : 001110111100;
	9984 : 001111110000;
	9985 : 010000010110;
	9986 : 010001001011;
	9987 : 010001111000;
	9988 : 010010110011;
	9989 : 010011111011;
	9990 : 010100111001;
	9991 : 010101111010;
	9992 : 010110101100;
	9993 : 010111011001;
	9994 : 010111101100;
	9995 : 010111111100;
	9996 : 010111001001;
	9997 : 010101110110;
	9998 : 010011110000;
	9999 : 010001110110;
	10000 : 010000001101;
	10001 : 001110111100;
	10002 : 001101111110;
	10003 : 001101010100;
	10004 : 001100111000;
	10005 : 001100101110;
	10006 : 001100101010;
	10007 : 001100101111;
	10008 : 001100110110;
	10009 : 001100110110;
	10010 : 001100111101;
	10011 : 001101000111;
	10012 : 001101000000;
	10013 : 001101000000;
	10014 : 001101000100;
	10015 : 001100111110;
	10016 : 001101000110;
	10017 : 001101000011;
	10018 : 001100111011;
	10019 : 001101001111;
	10020 : 001101010001;
	10021 : 001101001101;
	10022 : 001101010000;
	10023 : 001101010001;
	10024 : 001101010010;
	10025 : 001101000111;
	10026 : 001101000111;
	10027 : 001101001011;
	10028 : 001101000011;
	10029 : 001101000001;
	10030 : 001101000000;
	10031 : 001100111110;
	10032 : 001101000110;
	10033 : 001101000100;
	10034 : 001101111111;
	10035 : 001111000001;
	10036 : 001111000111;
	10037 : 001111110000;
	10038 : 001111110000;
	10039 : 010000101110;
	10040 : 010000101111;
	10041 : 010001101100;
	10042 : 010000011110;
	10043 : 001111011010;
	10044 : 001101101000;
	10045 : 001100110001;
	10046 : 001100010100;
	10047 : 001100001111;
	10048 : 001011111000;
	10049 : 001011101101;
	10050 : 001011110000;
	10051 : 001011110010;
	10052 : 001011101110;
	10053 : 001011101001;
	10054 : 001011100110;
	10055 : 001011101101;
	10056 : 001011010011;
	10057 : 000101100110;
	10058 : 000000000000;
	10059 : 001101010000;
	10060 : 100000010101;
	10061 : 111010010011;
	10062 : 111010110111;
	10063 : 100001110101;
	10064 : 010011110111;
	10065 : 001011111001;
	10066 : 001101100000;
	10067 : 001101110011;
	10068 : 001101011101;
	10069 : 001101010010;
	10070 : 001101011010;
	10071 : 001101011110;
	10072 : 001101100010;
	10073 : 001101110110;
	10074 : 001110001000;
	10075 : 001110011011;
	10076 : 001110100011;
	10077 : 001110110111;
	10078 : 001111001101;
	10079 : 001111100111;
	10080 : 001111110011;
	10081 : 010000100000;
	10082 : 010001001010;
	10083 : 010001110101;
	10084 : 010010100101;
	10085 : 010011100110;
	10086 : 010100100010;
	10087 : 010101100011;
	10088 : 010110011010;
	10089 : 010111001110;
	10090 : 000000000000;
	10091 : 000000000000;
	10092 : 000000000000;
	10093 : 000000000000;
	10094 : 000000000000;
	10095 : 000000000000;
	10096 : 000000000000;
	10097 : 000000000000;
	10098 : 000000000000;
	10099 : 000000000000;
	10100 : 000000000000;
	10101 : 000000000000;
	10102 : 000000000000;
	10103 : 000000000000;
	10104 : 000000000000;
	10105 : 000000000000;
	10106 : 000000000000;
	10107 : 000000000000;
	10108 : 000000000000;
	10109 : 000000000000;
	10110 : 000000000000;
	10111 : 000000000000;
	10112 : 000000000000;
	10113 : 000000000000;
	10114 : 000000000000;
	10115 : 000000000000;
	10116 : 000000000000;
	10117 : 000000000000;
	10118 : 000000000000;
	10119 : 000000000000;
	10120 : 000000000000;
	10121 : 000000000000;
	10122 : 000000000000;
	10123 : 000000000000;
	10124 : 000000000000;
	10125 : 000000000000;
	10126 : 000000000000;
	10127 : 000000000000;
	10128 : 000000000000;
	10129 : 000000000000;
	10130 : 000000000000;
	10131 : 000000000000;
	10132 : 000000000000;
	10133 : 000000000000;
	10134 : 000000000000;
	10135 : 000000000000;
	10136 : 000000000000;
	10137 : 000000000000;
	10138 : 000000000000;
	10139 : 000000000000;
	10140 : 000000000000;
	10141 : 000000000000;
	10142 : 000000000000;
	10143 : 000000000000;
	10144 : 000000000000;
	10145 : 000000000000;
	10146 : 000000000000;
	10147 : 000000000000;
	10148 : 000000000000;
	10149 : 000000000000;
	10150 : 000000000000;
	10151 : 000000000000;
	10152 : 111100100110;
	10153 : 101011011001;
	10154 : 011001010101;
	10155 : 001001110100;
	10156 : 000000000000;
	10157 : 000010011110;
	10158 : 000110111101;
	10159 : 000110110111;
	10160 : 000111010010;
	10161 : 000111000001;
	10162 : 000111010010;
	10163 : 000111001010;
	10164 : 000111000011;
	10165 : 000111110010;
	10166 : 000111111000;
	10167 : 000111100100;
	10168 : 001000001010;
	10169 : 001000001110;
	10170 : 001000110011;
	10171 : 001001000010;
	10172 : 001001011111;
	10173 : 001010000111;
	10174 : 001010010111;
	10175 : 001011010011;
	10176 : 001011110100;
	10177 : 001100111111;
	10178 : 001101111000;
	10179 : 001110011001;
	10180 : 001111000101;
	10181 : 001111110001;
	10182 : 001111111101;
	10183 : 010000010011;
	10184 : 010000000101;
	10185 : 001111111001;
	10186 : 001110011111;
	10187 : 001101001001;
	10188 : 001011110110;
	10189 : 001010010100;
	10190 : 001001011010;
	10191 : 000111111111;
	10192 : 000111100001;
	10193 : 000111000100;
	10194 : 000110110010;
	10195 : 000111000011;
	10196 : 000111000110;
	10197 : 000110110011;
	10198 : 000110111011;
	10199 : 000110111000;
	10200 : 000111011000;
	10201 : 000110111101;
	10202 : 000111010011;
	10203 : 000111011100;
	10204 : 000111011000;
	10205 : 000111100100;
	10206 : 000111010000;
	10207 : 000111010101;
	10208 : 000111001101;
	10209 : 000110100100;
	10210 : 000111000011;
	10211 : 000110100110;
	10212 : 000110101010;
	10213 : 000110101111;
	10214 : 000110011101;
	10215 : 000110101001;
	10216 : 000110001001;
	10217 : 000110010101;
	10218 : 000110010010;
	10219 : 000101111101;
	10220 : 000101111101;
	10221 : 000101110010;
	10222 : 000101110101;
	10223 : 000101111101;
	10224 : 000101100010;
	10225 : 000101110100;
	10226 : 000101101000;
	10227 : 000101011100;
	10228 : 000101101111;
	10229 : 000101010000;
	10230 : 000101100101;
	10231 : 000101011111;
	10232 : 000101111101;
	10233 : 000101110100;
	10234 : 000101010110;
	10235 : 000101111000;
	10236 : 000111010110;
	10237 : 001000001000;
	10238 : 000111111111;
	10239 : 000110111101;
	10240 : 000110110000;
	10241 : 000110011101;
	10242 : 000101110100;
	10243 : 000110000000;
	10244 : 000101100010;
	10245 : 000101000010;
	10246 : 000011110011;
	10247 : 000100000001;
	10248 : 000100001000;
	10249 : 000011111110;
	10250 : 000100010000;
	10251 : 000100011000;
	10252 : 000100011111;
	10253 : 000100111100;
	10254 : 000100111111;
	10255 : 000101001110;
	10256 : 000100010010;
	10257 : 000101101100;
	10258 : 001110111001;
	10259 : 101010101100;
	10260 : 111111111111;
	10261 : 100001001011;
	10262 : 010011011010;
	10263 : 000011111100;
	10264 : 000000101011;
	10265 : 000100011111;
	10266 : 001000001101;
	10267 : 000111101010;
	10268 : 000111101100;
	10269 : 000111101111;
	10270 : 000111111000;
	10271 : 001000000001;
	10272 : 001000010001;
	10273 : 001000001011;
	10274 : 001000010110;
	10275 : 001000011101;
	10276 : 001000010000;
	10277 : 001000111100;
	10278 : 001001011100;
	10279 : 001001100101;
	10280 : 001010010100;
	10281 : 001010100110;
	10282 : 001011010101;
	10283 : 001100000111;
	10284 : 001100101100;
	10285 : 000000000000;
	10286 : 000000000000;
	10287 : 000000000000;
	10288 : 000000000000;
	10289 : 000000000000;
	10290 : 000000000000;
	10291 : 000000000000;
	10292 : 000000000000;
	10293 : 000000000000;
	10294 : 000000000000;
	10295 : 000000000000;
	10296 : 000000000000;
	10297 : 000000000000;
	10298 : 000000000000;
	10299 : 000000000000;
	10300 : 000000000000;
	10301 : 000000000000;
	10302 : 000000000000;
	10303 : 000000000000;
	10304 : 000000000000;
	10305 : 000000000000;
	10306 : 000000000000;
	10307 : 000000000000;
	10308 : 000000000000;
	10309 : 000000000000;
	10310 : 000000000000;
	10311 : 000000000000;
	10312 : 000000000000;
	10313 : 000000000000;
	10314 : 000000000000;
	10315 : 000000000000;
	10316 : 000000000000;
	10317 : 000000000000;
	10318 : 000000000000;
	10319 : 000000000000;
	10320 : 000000000000;
	10321 : 000000000000;
	10322 : 000000000000;
	10323 : 000000000000;
	10324 : 000000000000;
	10325 : 000000000000;
	10326 : 000000000000;
	10327 : 000000000000;
	10328 : 000000000000;
	10329 : 000000000000;
	10330 : 000000000000;
	10331 : 000000000000;
	10332 : 000000000000;
	10333 : 000000000000;
	10334 : 000000000000;
	10335 : 000000000000;
	10336 : 000000000000;
	10337 : 000000000000;
	10338 : 000000000000;
	10339 : 000000000000;
	10340 : 111111111111;
	10341 : 100101110101;
	10342 : 010001001011;
	10343 : 000111010100;
	10344 : 000111010010;
	10345 : 000011110111;
	10346 : 000010101101;
	10347 : 000010000001;
	10348 : 000001110110;
	10349 : 000001100110;
	10350 : 000001010000;
	10351 : 000001001011;
	10352 : 000001001110;
	10353 : 000001100000;
	10354 : 000001101100;
	10355 : 000001110101;
	10356 : 000001011111;
	10357 : 000001100011;
	10358 : 000010001000;
	10359 : 000010101001;
	10360 : 000011001000;
	10361 : 000011000110;
	10362 : 000011111011;
	10363 : 000100110001;
	10364 : 000101110001;
	10365 : 000111000101;
	10366 : 001000011111;
	10367 : 001010000110;
	10368 : 001011000001;
	10369 : 001100000000;
	10370 : 001100111111;
	10371 : 001110010101;
	10372 : 001111001011;
	10373 : 001111011010;
	10374 : 001110110010;
	10375 : 001101111101;
	10376 : 001100100010;
	10377 : 001010011001;
	10378 : 001000011101;
	10379 : 000110101101;
	10380 : 000101000101;
	10381 : 000100010001;
	10382 : 000011011001;
	10383 : 000011011010;
	10384 : 000011010010;
	10385 : 000011010010;
	10386 : 000011001110;
	10387 : 000010110001;
	10388 : 000010011001;
	10389 : 000010110011;
	10390 : 000010111111;
	10391 : 000011010111;
	10392 : 000011011101;
	10393 : 000011010001;
	10394 : 000011010111;
	10395 : 000011100011;
	10396 : 000011100000;
	10397 : 000011101100;
	10398 : 000011101110;
	10399 : 000011110010;
	10400 : 000011101100;
	10401 : 000011111010;
	10402 : 000011111110;
	10403 : 000011111100;
	10404 : 000100000111;
	10405 : 000100001101;
	10406 : 000100010001;
	10407 : 000100000010;
	10408 : 000100010111;
	10409 : 000100101011;
	10410 : 000100101101;
	10411 : 000100111000;
	10412 : 000101000011;
	10413 : 000101100010;
	10414 : 000101100000;
	10415 : 000101011001;
	10416 : 000101011010;
	10417 : 000101011101;
	10418 : 000101101110;
	10419 : 000101011001;
	10420 : 000101011001;
	10421 : 000101010100;
	10422 : 000101010000;
	10423 : 000100110101;
	10424 : 000100001111;
	10425 : 000100000000;
	10426 : 000100000100;
	10427 : 000100000001;
	10428 : 000011110110;
	10429 : 000011111100;
	10430 : 000011111000;
	10431 : 000011110110;
	10432 : 000011111101;
	10433 : 000011110100;
	10434 : 000100010101;
	10435 : 000100011001;
	10436 : 000100001110;
	10437 : 000011101111;
	10438 : 000011010010;
	10439 : 000011000110;
	10440 : 000010110100;
	10441 : 000010101000;
	10442 : 000010100011;
	10443 : 000010011111;
	10444 : 000010100110;
	10445 : 000011001101;
	10446 : 000011100101;
	10447 : 000011110110;
	10448 : 000100000111;
	10449 : 000100011100;
	10450 : 000100100101;
	10451 : 000100100000;
	10452 : 000100101001;
	10453 : 000100011001;
	10454 : 000100010001;
	10455 : 000011111100;
	10456 : 000011111011;
	10457 : 000011111110;
	10458 : 000011111000;
	10459 : 000100000011;
	10460 : 000011111101;
	10461 : 000100000101;
	10462 : 000100011010;
	10463 : 000101101011;
	10464 : 000110111001;
	10465 : 000101111011;
	10466 : 000101111101;
	10467 : 000110010100;
	10468 : 000101100100;
	10469 : 000011001100;
	10470 : 000010001000;
	10471 : 000010000111;
	10472 : 000010000011;
	10473 : 000010000011;
	10474 : 000001010011;
	10475 : 000001001100;
	10476 : 000001010110;
	10477 : 000001010111;
	10478 : 000001100011;
	10479 : 000001101100;
	10480 : 000010000011;
	10481 : 000001101011;
	10482 : 000000000000;
	10483 : 000011101001;
	10484 : 001101010110;
	10485 : 010100111000;
	10486 : 100001110110;
	10487 : 111010010011;
	10488 : 111110001110;
	10489 : 100011100011;
	10490 : 010011100100;
	10491 : 001100000001;
	10492 : 001011001010;
	10493 : 001000010011;
	10494 : 000110111001;
	10495 : 000101111011;
	10496 : 000101110000;
	10497 : 000101100110;
	10498 : 000101101001;
	10499 : 000101100100;
	10500 : 000101011110;
	10501 : 000101101111;
	10502 : 000101111110;
	10503 : 000110010111;
	10504 : 000110011101;
	10505 : 000110110001;
	10506 : 000110111101;
	10507 : 000111011000;
	10508 : 001000000001;
	10509 : 001000101000;
	10510 : 001001001010;
	10511 : 001001110100;
	10512 : 001010100011;
	10513 : 001011100011;
	10514 : 001100110101;
	10515 : 001101011111;
	10516 : 001110011010;
	10517 : 000000000000;
	10518 : 000000000000;
	10519 : 000000000000;
	10520 : 000000000000;
	10521 : 000000000000;
	10522 : 000000000000;
	10523 : 000000000000;
	10524 : 000000000000;
	10525 : 000000000000;
	10526 : 000000000000;
	10527 : 000000000000;
	10528 : 111111111111;
	10529 : 011010000010;
	10530 : 000000000000;
	10531 : 000011111111;
	10532 : 000111001001;
	10533 : 000111101011;
	10534 : 000111000111;
	10535 : 000110100110;
	10536 : 000110001101;
	10537 : 000110011010;
	10538 : 000101100010;
	10539 : 000110100011;
	10540 : 000110010101;
	10541 : 000111001100;
	10542 : 000110111111;
	10543 : 000110111111;
	10544 : 000111011100;
	10545 : 001000001111;
	10546 : 001000000001;
	10547 : 001000000001;
	10548 : 001000100111;
	10549 : 001001100101;
	10550 : 001001111100;
	10551 : 001010110001;
	10552 : 001011110001;
	10553 : 001101010100;
	10554 : 001101111110;
	10555 : 001110110110;
	10556 : 010000100110;
	10557 : 010001011011;
	10558 : 010010100010;
	10559 : 010011001011;
	10560 : 010011011010;
	10561 : 010011101001;
	10562 : 010010000110;
	10563 : 010000010001;
	10564 : 001110101111;
	10565 : 001101001110;
	10566 : 001011111011;
	10567 : 001011000010;
	10568 : 001011000000;
	10569 : 001010001011;
	10570 : 001010010000;
	10571 : 001010000110;
	10572 : 001001101100;
	10573 : 001010001111;
	10574 : 001010101111;
	10575 : 001010011101;
	10576 : 001010100110;
	10577 : 001010100001;
	10578 : 001010011010;
	10579 : 001010101100;
	10580 : 001010101110;
	10581 : 001010111000;
	10582 : 001010011100;
	10583 : 001001110010;
	10584 : 001010100010;
	10585 : 001001110110;
	10586 : 001010101110;
	10587 : 001010001010;
	10588 : 001001001000;
	10589 : 001010000001;
	10590 : 001001111110;
	10591 : 001001101100;
	10592 : 001001101110;
	10593 : 001010000101;
	10594 : 001010011010;
	10595 : 001001111011;
	10596 : 001001001110;
	10597 : 001001101100;
	10598 : 001001011011;
	10599 : 001010001000;
	10600 : 001001100111;
	10601 : 001011110001;
	10602 : 001101100111;
	10603 : 001110101010;
	10604 : 001110101001;
	10605 : 001101011000;
	10606 : 001111000101;
	10607 : 001110000001;
	10608 : 001011111101;
	10609 : 001011010111;
	10610 : 001011000101;
	10611 : 001001100000;
	10612 : 001000011101;
	10613 : 001000100111;
	10614 : 001000000100;
	10615 : 000111110111;
	10616 : 000111110000;
	10617 : 001000000111;
	10618 : 001000000001;
	10619 : 000101100111;
	10620 : 001001110100;
	10621 : 010110000100;
	10622 : 101010001110;
	10623 : 110110111011;
	10624 : 110111000101;
	10625 : 010010000010;
	10626 : 000001100010;
	10627 : 000110010100;
	10628 : 001000101010;
	10629 : 001001001001;
	10630 : 001000110101;
	10631 : 001000111110;
	10632 : 000111010010;
	10633 : 001000110100;
	10634 : 001000010110;
	10635 : 001000001110;
	10636 : 001001010000;
	10637 : 001001010011;
	10638 : 001001100100;
	10639 : 001001010011;
	10640 : 000000000000;
	10641 : 000000000000;
	10642 : 000000000000;
	10643 : 000000000000;
	10644 : 000000000000;
	10645 : 000000000000;
	10646 : 000000000000;
	10647 : 000000000000;
	10648 : 000000000000;
	10649 : 000000000000;
	10650 : 000000000000;
	10651 : 000000000000;
	10652 : 000000000000;
	10653 : 000000000000;
	10654 : 000000000000;
	10655 : 000000000000;
	10656 : 000000000000;
	10657 : 000000000000;
	10658 : 000000000000;
	10659 : 000000000000;
	10660 : 000000000000;
	10661 : 000000000000;
	10662 : 000000000000;
	10663 : 000000000000;
	10664 : 000000000000;
	10665 : 000000000000;
	10666 : 000000000000;
	10667 : 000000000000;
	10668 : 000000000000;
	10669 : 000000000000;
	10670 : 000000000000;
	10671 : 000000000000;
	10672 : 000000000000;
	10673 : 000000000000;
	10674 : 000000000000;
	10675 : 000000000000;
	10676 : 000000000000;
	10677 : 000000000000;
	10678 : 000000000000;
	10679 : 000000000000;
	10680 : 000000000000;
	10681 : 000000000000;
	10682 : 000000000000;
	10683 : 000000000000;
	10684 : 000000000000;
	10685 : 000000000000;
	10686 : 000000000000;
	10687 : 000000000000;
	10688 : 000000000000;
	10689 : 000000000000;
	10690 : 000000000000;
	10691 : 000000000000;
	10692 : 000000000000;
	10693 : 000000000000;
	10694 : 000000000000;
	10695 : 000000000000;
	10696 : 000000000000;
	10697 : 000000000000;
	10698 : 000000000000;
	10699 : 000000000000;
	10700 : 000000000000;
	10701 : 000000000000;
	10702 : 000000000000;
	10703 : 000000000000;
	10704 : 000000000000;
	10705 : 000000000000;
	10706 : 000000000000;
	10707 : 000000000000;
	10708 : 000000000000;
	10709 : 000000000000;
	10710 : 000000000000;
	10711 : 000000000000;
	10712 : 000000000000;
	10713 : 000000000000;
	10714 : 000000000000;
	10715 : 000000000000;
	10716 : 111111111111;
	10717 : 111011000010;
	10718 : 101100101111;
	10719 : 011101110101;
	10720 : 010000011101;
	10721 : 001001110001;
	10722 : 000111100000;
	10723 : 000110011010;
	10724 : 000110001101;
	10725 : 000101010101;
	10726 : 000101100110;
	10727 : 000101010110;
	10728 : 000101001101;
	10729 : 000101010001;
	10730 : 000101010010;
	10731 : 000101100000;
	10732 : 000100110100;
	10733 : 000101001000;
	10734 : 000101000010;
	10735 : 000101000010;
	10736 : 000101000100;
	10737 : 000100010111;
	10738 : 000101010111;
	10739 : 000101011110;
	10740 : 000101010111;
	10741 : 000101101101;
	10742 : 000110011000;
	10743 : 000111010001;
	10744 : 000111101100;
	10745 : 001000101011;
	10746 : 001010001101;
	10747 : 001011000011;
	10748 : 001011101010;
	10749 : 001101010101;
	10750 : 001100011111;
	10751 : 001100010110;
	10752 : 001011101110;
	10753 : 001010110101;
	10754 : 001001101011;
	10755 : 001000011000;
	10756 : 000111101011;
	10757 : 000111000001;
	10758 : 000110101000;
	10759 : 000110100000;
	10760 : 000110100101;
	10761 : 000110000011;
	10762 : 000101101000;
	10763 : 000110000110;
	10764 : 000110111000;
	10765 : 000110101000;
	10766 : 000110100000;
	10767 : 000110100000;
	10768 : 000111101111;
	10769 : 000111000011;
	10770 : 000111011111;
	10771 : 000111011011;
	10772 : 000111101111;
	10773 : 000111101100;
	10774 : 000111111011;
	10775 : 000111111001;
	10776 : 000111011000;
	10777 : 000111100011;
	10778 : 000111001110;
	10779 : 000111001100;
	10780 : 000111101100;
	10781 : 000110110110;
	10782 : 000110100100;
	10783 : 000110011010;
	10784 : 000110110111;
	10785 : 000110111000;
	10786 : 000110000110;
	10787 : 000110001010;
	10788 : 001000001001;
	10789 : 001000000010;
	10790 : 001001001001;
	10791 : 001001100010;
	10792 : 001011010000;
	10793 : 001011010011;
	10794 : 001101010011;
	10795 : 001010110101;
	10796 : 000111111110;
	10797 : 000110100111;
	10798 : 000101011100;
	10799 : 000101101000;
	10800 : 000100100100;
	10801 : 000100101101;
	10802 : 000101110001;
	10803 : 000100110000;
	10804 : 000010111100;
	10805 : 000000000010;
	10806 : 000000000000;
	10807 : 001011011101;
	10808 : 011110000110;
	10809 : 111101111010;
	10810 : 111101010000;
	10811 : 101110000011;
	10812 : 011100101101;
	10813 : 010000010101;
	10814 : 001001100111;
	10815 : 000110011101;
	10816 : 000100110011;
	10817 : 000100001111;
	10818 : 000100010010;
	10819 : 000011010100;
	10820 : 000011001111;
	10821 : 000011010110;
	10822 : 000011000111;
	10823 : 000010110001;
	10824 : 000100010101;
	10825 : 000011110010;
	10826 : 000000000000;
	10827 : 000000000000;
	10828 : 000000000000;
	10829 : 000000000000;
	10830 : 000000000000;
	10831 : 000000000000;
	10832 : 000000000000;
	10833 : 000000000000;
	10834 : 000000000000;
	10835 : 000000000000;
	10836 : 000000000000;
	10837 : 000000000000;
	10838 : 000000000000;
	10839 : 000000000000;
	10840 : 000000000000;
	10841 : 000000000000;
	10842 : 000000000000;
	10843 : 000000000000;
	10844 : 000000000000;
	10845 : 000000000000;
	10846 : 000000000000;
	10847 : 000000000000;
	10848 : 000000000000;
	10849 : 000000000000;
	10850 : 000000000000;
	10851 : 000000000000;
	10852 : 000000000000;
	10853 : 000000000000;
	10854 : 000000000000;
	10855 : 000000000000;
	10856 : 000000000000;
	10857 : 000000000000;
	10858 : 000000000000;
	10859 : 000000000000;
	10860 : 000000000000;
	10861 : 000000000000;
	10862 : 000000000000;
	10863 : 000000000000;
	10864 : 000000000000;
	10865 : 000000000000;
	10866 : 000000000000;
	10867 : 000000000000;
	10868 : 000000000000;
	10869 : 000000000000;
	10870 : 000000000000;
	10871 : 000000000000;
	10872 : 000000000000;
	10873 : 000000000000;
	10874 : 000000000000;
	10875 : 000000000000;
	10876 : 000000000000;
	10877 : 000000000000;
	10878 : 000000000000;
	10879 : 000000000000;
	10880 : 000000000000;
	10881 : 000000000000;
	10882 : 000000000000;
	10883 : 000000000000;
	10884 : 000000000000;
	10885 : 000000000000;
	10886 : 000000000000;
	10887 : 000000000000;
	10888 : 000000000000;
	10889 : 000000000000;
	10890 : 000000000000;
	10891 : 000000000000;
	10892 : 000000000000;
	10893 : 000000000000;
	10894 : 000000000000;
	10895 : 000000000000;
	10896 : 000000000000;
	10897 : 000000000000;
	10898 : 000000000000;
	10899 : 000000000000;
	10900 : 000000000000;
	10901 : 000000000000;
	10902 : 000000000000;
	10903 : 000000000000;
	10904 : 111100111010;
	10905 : 111111111111;
	10906 : 110100010011;
	10907 : 011010100010;
	10908 : 001010011101;
	10909 : 000010000111;
	10910 : 000101111110;
	10911 : 001001101110;
	10912 : 001001100110;
	10913 : 001001010110;
	10914 : 001001100101;
	10915 : 001001101110;
	10916 : 001001110110;
	10917 : 001001110001;
	10918 : 001010010001;
	10919 : 001010011100;
	10920 : 001010101001;
	10921 : 001011000101;
	10922 : 001011010000;
	10923 : 001011110001;
	10924 : 001100001101;
	10925 : 001100100111;
	10926 : 001101001000;
	10927 : 001101101010;
	10928 : 001110011011;
	10929 : 001111010001;
	10930 : 010000001000;
	10931 : 010001011000;
	10932 : 010010101100;
	10933 : 010100000110;
	10934 : 010101101001;
	10935 : 010111011000;
	10936 : 011000100011;
	10937 : 011001001100;
	10938 : 011001111101;
	10939 : 011001110101;
	10940 : 011001010010;
	10941 : 010111111011;
	10942 : 010101110101;
	10943 : 010011101101;
	10944 : 010001001010;
	10945 : 001111001010;
	10946 : 001101100101;
	10947 : 001100010111;
	10948 : 001011110111;
	10949 : 001010110110;
	10950 : 001010100000;
	10951 : 001010000000;
	10952 : 001010000011;
	10953 : 001001101000;
	10954 : 001001011010;
	10955 : 001001011101;
	10956 : 001001010111;
	10957 : 001001011010;
	10958 : 001000111101;
	10959 : 001000110001;
	10960 : 001000111101;
	10961 : 001001100000;
	10962 : 001001110000;
	10963 : 001001001011;
	10964 : 001000111001;
	10965 : 001001010110;
	10966 : 001001001001;
	10967 : 001001000000;
	10968 : 001000111010;
	10969 : 001000101001;
	10970 : 001001000110;
	10971 : 001001110100;
	10972 : 001011000011;
	10973 : 001100011010;
	10974 : 001101100001;
	10975 : 001111110101;
	10976 : 010000110010;
	10977 : 010000101000;
	10978 : 010000101101;
	10979 : 001101100010;
	10980 : 001101001110;
	10981 : 001100001101;
	10982 : 001000111111;
	10983 : 000110011110;
	10984 : 000101101110;
	10985 : 000101010010;
	10986 : 000101011000;
	10987 : 000101001100;
	10988 : 000101001100;
	10989 : 000100111101;
	10990 : 000011001001;
	10991 : 000110100110;
	10992 : 010101101100;
	10993 : 110010101011;
	10994 : 111110110010;
	10995 : 110100011011;
	10996 : 011011001001;
	10997 : 001011101000;
	10998 : 000000000000;
	10999 : 000001111010;
	11000 : 000110100010;
	11001 : 000110101100;
	11002 : 000110101000;
	11003 : 000110101001;
	11004 : 000110110010;
	11005 : 000110110100;
	11006 : 000111000011;
	11007 : 000111010101;
	11008 : 000111011101;
	11009 : 000111111101;
	11010 : 001000010001;
	11011 : 001000101100;
	11012 : 001001000110;
	11013 : 000000000000;
	11014 : 000000000000;
	11015 : 000000000000;
	11016 : 000000000000;
	11017 : 000000000000;
	11018 : 000000000000;
	11019 : 000000000000;
	11020 : 000000000000;
	11021 : 000000000000;
	11022 : 000000000000;
	11023 : 000000000000;
	11024 : 000000000000;
	11025 : 000000000000;
	11026 : 000000000000;
	11027 : 000000000000;
	11028 : 000000000000;
	11029 : 000000000000;
	11030 : 000000000000;
	11031 : 000000000000;
	11032 : 000000000000;
	11033 : 000000000000;
	11034 : 000000000000;
	11035 : 000000000000;
	11036 : 000000000000;
	11037 : 000000000000;
	11038 : 000000000000;
	11039 : 000000000000;
	11040 : 000000000000;
	11041 : 000000000000;
	11042 : 000000000000;
	11043 : 000000000000;
	11044 : 000000000000;
	11045 : 000000000000;
	11046 : 000000000000;
	11047 : 000000000000;
	11048 : 000000000000;
	11049 : 000000000000;
	11050 : 000000000000;
	11051 : 000000000000;
	11052 : 000000000000;
	11053 : 000000000000;
	11054 : 000000000000;
	11055 : 000000000000;
	11056 : 000000000000;
	11057 : 000000000000;
	11058 : 000000000000;
	11059 : 000000000000;
	11060 : 000000000000;
	11061 : 000000000000;
	11062 : 000000000000;
	11063 : 000000000000;
	11064 : 000000000000;
	11065 : 000000000000;
	11066 : 000000000000;
	11067 : 000000000000;
	11068 : 000000000000;
	11069 : 000000000000;
	11070 : 000000000000;
	11071 : 000000000000;
	11072 : 000000000000;
	11073 : 000000000000;
	11074 : 000000000000;
	11075 : 000000000000;
	11076 : 000000000000;
	11077 : 000000000000;
	11078 : 000000000000;
	11079 : 000000000000;
	11080 : 000000000000;
	11081 : 000000000000;
	11082 : 000000000000;
	11083 : 000000000000;
	11084 : 000000000000;
	11085 : 000000000000;
	11086 : 000000000000;
	11087 : 000000000000;
	11088 : 000000000000;
	11089 : 000000000000;
	11090 : 000000000000;
	11091 : 000000000000;
	11092 : 111111111111;
	11093 : 110011100101;
	11094 : 010001111101;
	11095 : 000100011010;
	11096 : 000101110001;
	11097 : 000101100101;
	11098 : 000100111100;
	11099 : 000100010000;
	11100 : 000100001000;
	11101 : 000100001001;
	11102 : 000011111110;
	11103 : 000100010101;
	11104 : 000100010110;
	11105 : 000100110110;
	11106 : 000101001100;
	11107 : 000101010010;
	11108 : 000101110101;
	11109 : 000101110100;
	11110 : 000110011011;
	11111 : 000110111100;
	11112 : 000111000111;
	11113 : 000111110001;
	11114 : 000111111110;
	11115 : 001000010010;
	11116 : 001001001010;
	11117 : 001001101011;
	11118 : 001010101010;
	11119 : 001011100100;
	11120 : 001100110011;
	11121 : 001110010110;
	11122 : 001110111110;
	11123 : 010000011010;
	11124 : 010001001111;
	11125 : 010010010010;
	11126 : 010010100001;
	11127 : 010001100000;
	11128 : 001111111000;
	11129 : 001101100000;
	11130 : 001011001100;
	11131 : 001000111010;
	11132 : 000111001110;
	11133 : 000110000100;
	11134 : 000100111000;
	11135 : 000100011101;
	11136 : 000100011001;
	11137 : 000011111111;
	11138 : 000100000010;
	11139 : 000011110010;
	11140 : 000011101101;
	11141 : 000011111010;
	11142 : 000011101101;
	11143 : 000011111011;
	11144 : 000011101011;
	11145 : 000011110100;
	11146 : 000011111100;
	11147 : 000011101010;
	11148 : 000011101010;
	11149 : 000011011110;
	11150 : 000011011111;
	11151 : 000011011101;
	11152 : 000011000010;
	11153 : 000011010001;
	11154 : 000010110110;
	11155 : 000010101110;
	11156 : 000010101010;
	11157 : 000010010011;
	11158 : 000010101110;
	11159 : 000010100001;
	11160 : 000010100011;
	11161 : 000010100010;
	11162 : 000010010010;
	11163 : 000010100010;
	11164 : 000010001011;
	11165 : 000010001000;
	11166 : 000010010111;
	11167 : 000010000101;
	11168 : 000010001100;
	11169 : 000010000001;
	11170 : 000010000011;
	11171 : 000010000011;
	11172 : 000001101011;
	11173 : 000001110000;
	11174 : 000001100010;
	11175 : 000001110001;
	11176 : 000001101111;
	11177 : 000001100000;
	11178 : 000001101111;
	11179 : 000001111000;
	11180 : 000010001000;
	11181 : 000010101101;
	11182 : 000010111000;
	11183 : 000010101111;
	11184 : 000011001101;
	11185 : 000011011101;
	11186 : 000011000100;
	11187 : 000010100011;
	11188 : 000010010000;
	11189 : 000010000100;
	11190 : 000001010110;
	11191 : 000000110010;
	11192 : 000000100110;
	11193 : 000000101100;
	11194 : 000000110010;
	11195 : 000000110101;
	11196 : 000001001101;
	11197 : 000000111001;
	11198 : 000001000110;
	11199 : 000000111100;
	11200 : 000000000000;
	11201 : 000000010010;
	11202 : 000110000000;
	11203 : 011000000011;
	11204 : 101001011100;
	11205 : 111101000100;
	11206 : 101111001010;
	11207 : 001101111101;
	11208 : 000010110111;
	11209 : 000100001001;
	11210 : 000011111010;
	11211 : 000011000010;
	11212 : 000010010010;
	11213 : 000010011111;
	11214 : 000010011110;
	11215 : 000010110000;
	11216 : 000010100110;
	11217 : 000010101111;
	11218 : 000011011011;
	11219 : 000011011100;
	11220 : 000011111101;
	11221 : 000100001000;
	11222 : 000100001000;
	11223 : 000100101001;
	11224 : 000100111000;
	11225 : 000101010100;
	11226 : 000101011111;
	11227 : 000101110010;
	11228 : 000110101000;
	11229 : 000111001101;
	11230 : 000000000000;
	11231 : 000000000000;
	11232 : 000000000000;
	11233 : 000000000000;
	11234 : 000000000000;
	11235 : 000000000000;
	11236 : 000000000000;
	11237 : 000000000000;
	11238 : 000000000000;
	11239 : 000000000000;
	11240 : 000000000000;
	11241 : 000000000000;
	11242 : 000000000000;
	11243 : 000000000000;
	11244 : 000000000000;
	11245 : 000000000000;
	11246 : 000000000000;
	11247 : 000000000000;
	11248 : 000000000000;
	11249 : 000000000000;
	11250 : 000000000000;
	11251 : 000000000000;
	11252 : 000000000000;
	11253 : 000000000000;
	11254 : 000000000000;
	11255 : 000000000000;
	11256 : 000000000000;
	11257 : 000000000000;
	11258 : 000000000000;
	11259 : 000000000000;
	11260 : 000000000000;
	11261 : 000000000000;
	11262 : 000000000000;
	11263 : 000000000000;
	11264 : 000000000000;
	11265 : 000000000000;
	11266 : 000000000000;
	11267 : 000000000000;
	11268 : 000000000000;
	11269 : 000000000000;
	11270 : 000000000000;
	11271 : 000000000000;
	11272 : 000000000000;
	11273 : 000000000000;
	11274 : 000000000000;
	11275 : 000000000000;
	11276 : 000000000000;
	11277 : 000000000000;
	11278 : 000000000000;
	11279 : 000000000000;
	11280 : 111100101101;
	11281 : 100110011101;
	11282 : 010000110100;
	11283 : 001101110111;
	11284 : 001011111000;
	11285 : 001100011010;
	11286 : 001011110100;
	11287 : 001010111101;
	11288 : 001001010001;
	11289 : 001001000100;
	11290 : 001000110011;
	11291 : 001000110011;
	11292 : 001000111110;
	11293 : 001001001111;
	11294 : 001001101010;
	11295 : 001000110101;
	11296 : 001001111011;
	11297 : 001010111000;
	11298 : 001011111010;
	11299 : 001011111000;
	11300 : 001100110001;
	11301 : 001110011101;
	11302 : 001110100010;
	11303 : 001111011111;
	11304 : 010000001110;
	11305 : 010001011000;
	11306 : 010010111001;
	11307 : 010011110111;
	11308 : 010101010000;
	11309 : 010110011000;
	11310 : 010110011100;
	11311 : 010110100100;
	11312 : 010101101111;
	11313 : 010100101110;
	11314 : 010011001010;
	11315 : 010000011000;
	11316 : 001101100100;
	11317 : 001011110100;
	11318 : 001010101100;
	11319 : 001010011111;
	11320 : 001010101110;
	11321 : 001010101100;
	11322 : 001010010100;
	11323 : 001010101010;
	11324 : 001010100011;
	11325 : 001010010100;
	11326 : 001001000000;
	11327 : 001001011001;
	11328 : 001001010011;
	11329 : 001000100000;
	11330 : 001000101000;
	11331 : 001000010111;
	11332 : 001000001011;
	11333 : 001000101101;
	11334 : 001001011001;
	11335 : 001000110001;
	11336 : 001000100010;
	11337 : 000111101011;
	11338 : 001000000010;
	11339 : 000111000011;
	11340 : 000111111110;
	11341 : 000111110011;
	11342 : 001000000111;
	11343 : 000111101111;
	11344 : 000111000111;
	11345 : 000110101110;
	11346 : 000111000011;
	11347 : 000110100111;
	11348 : 000101111111;
	11349 : 000101111001;
	11350 : 000101011001;
	11351 : 000110001010;
	11352 : 000110001100;
	11353 : 001000010001;
	11354 : 001000010101;
	11355 : 001000100100;
	11356 : 000111100101;
	11357 : 001000110101;
	11358 : 000111101111;
	11359 : 000100010111;
	11360 : 000100001111;
	11361 : 000101001110;
	11362 : 000100000100;
	11363 : 000011001101;
	11364 : 000010101001;
	11365 : 000010100101;
	11366 : 000011011010;
	11367 : 000011111001;
	11368 : 000100000100;
	11369 : 000011101001;
	11370 : 000011111001;
	11371 : 000011001101;
	11372 : 000000000000;
	11373 : 000101001110;
	11374 : 010010010111;
	11375 : 101011110010;
	11376 : 111111111111;
	11377 : 101110011100;
	11378 : 010001100000;
	11379 : 001100001011;
	11380 : 001000111110;
	11381 : 001001010101;
	11382 : 001001111101;
	11383 : 001001011101;
	11384 : 001001010111;
	11385 : 001000001101;
	11386 : 000111101101;
	11387 : 000111000101;
	11388 : 000111100101;
	11389 : 000111111000;
	11390 : 001000010101;
	11391 : 000111101011;
	11392 : 000111111100;
	11393 : 001000111001;
	11394 : 001000011010;
	11395 : 000000000000;
	11396 : 000000000000;
	11397 : 000000000000;
	11398 : 000000000000;
	11399 : 000000000000;
	11400 : 000000000000;
	11401 : 000000000000;
	11402 : 000000000000;
	11403 : 000000000000;
	11404 : 000000000000;
	11405 : 000000000000;
	11406 : 000000000000;
	11407 : 000000000000;
	11408 : 000000000000;
	11409 : 000000000000;
	11410 : 000000000000;
	11411 : 000000000000;
	11412 : 000000000000;
	11413 : 000000000000;
	11414 : 000000000000;
	11415 : 000000000000;
	11416 : 000000000000;
	11417 : 000000000000;
	11418 : 000000000000;
	11419 : 000000000000;
	11420 : 000000000000;
	11421 : 000000000000;
	11422 : 000000000000;
	11423 : 000000000000;
	11424 : 000000000000;
	11425 : 000000000000;
	11426 : 000000000000;
	11427 : 000000000000;
	11428 : 000000000000;
	11429 : 000000000000;
	11430 : 000000000000;
	11431 : 000000000000;
	11432 : 000000000000;
	11433 : 000000000000;
	11434 : 000000000000;
	11435 : 000000000000;
	11436 : 000000000000;
	11437 : 000000000000;
	11438 : 000000000000;
	11439 : 000000000000;
	11440 : 000000000000;
	11441 : 000000000000;
	11442 : 000000000000;
	11443 : 000000000000;
	11444 : 000000000000;
	11445 : 000000000000;
	11446 : 000000000000;
	11447 : 000000000000;
	11448 : 000000000000;
	11449 : 000000000000;
	11450 : 000000000000;
	11451 : 000000000000;
	11452 : 000000000000;
	11453 : 000000000000;
	11454 : 000000000000;
	11455 : 000000000000;
	11456 : 000000000000;
	11457 : 000000000000;
	11458 : 000000000000;
	11459 : 000000000000;
	11460 : 000000000000;
	11461 : 000000000000;
	11462 : 000000000000;
	11463 : 000000000000;
	11464 : 000000000000;
	11465 : 000000000000;
	11466 : 000000000000;
	11467 : 000000000000;
	11468 : 111111111111;
	11469 : 101111111111;
	11470 : 010011011010;
	11471 : 010001100000;
	11472 : 001101010101;
	11473 : 001110011100;
	11474 : 001111011001;
	11475 : 001110111101;
	11476 : 001111000111;
	11477 : 001101100100;
	11478 : 001101110001;
	11479 : 001110001000;
	11480 : 001110110001;
	11481 : 001110111011;
	11482 : 001111100011;
	11483 : 001111000010;
	11484 : 001110110001;
	11485 : 001111011100;
	11486 : 010000001100;
	11487 : 001111111010;
	11488 : 010001000110;
	11489 : 010001110010;
	11490 : 010001110010;
	11491 : 010010111110;
	11492 : 010011000000;
	11493 : 010100010111;
	11494 : 010101000100;
	11495 : 010101011001;
	11496 : 010111000001;
	11497 : 011000000000;
	11498 : 011000010111;
	11499 : 011000111101;
	11500 : 011001101001;
	11501 : 011010101000;
	11502 : 011011001001;
	11503 : 011011001110;
	11504 : 011001001010;
	11505 : 010111010101;
	11506 : 010100011100;
	11507 : 010010010101;
	11508 : 010000011011;
	11509 : 001111111111;
	11510 : 010000001110;
	11511 : 001111111010;
	11512 : 001111101000;
	11513 : 001111000111;
	11514 : 001111110011;
	11515 : 001111110101;
	11516 : 001111110000;
	11517 : 010000101000;
	11518 : 010000111010;
	11519 : 010000011001;
	11520 : 001110110110;
	11521 : 001110111000;
	11522 : 001111101000;
	11523 : 001111100011;
	11524 : 001111111111;
	11525 : 001111111010;
	11526 : 001101111110;
	11527 : 001101110001;
	11528 : 001101000011;
	11529 : 001011110101;
	11530 : 001011010011;
	11531 : 001010010100;
	11532 : 001010111000;
	11533 : 001010111101;
	11534 : 001100000100;
	11535 : 001100110111;
	11536 : 001011101010;
	11537 : 001011010001;
	11538 : 001010001010;
	11539 : 001000111011;
	11540 : 001001001010;
	11541 : 001000110001;
	11542 : 001001011100;
	11543 : 001001011100;
	11544 : 001001101011;
	11545 : 001001111000;
	11546 : 001001110000;
	11547 : 001001100110;
	11548 : 001010000000;
	11549 : 001001011010;
	11550 : 001000011010;
	11551 : 001000011010;
	11552 : 001000100010;
	11553 : 001000110110;
	11554 : 001001110011;
	11555 : 001001100100;
	11556 : 001001100100;
	11557 : 001000101001;
	11558 : 001001010100;
	11559 : 001001110000;
	11560 : 001001101001;
	11561 : 001000001011;
	11562 : 001000111110;
	11563 : 001000100111;
	11564 : 000101101011;
	11565 : 000110100011;
	11566 : 000110011000;
	11567 : 000101111010;
	11568 : 000110011000;
	11569 : 000101011110;
	11570 : 000100101110;
	11571 : 000100001000;
	11572 : 000100100001;
	11573 : 000100110000;
	11574 : 000100010100;
	11575 : 000011100100;
	11576 : 000010111011;
	11577 : 000000000000;
	11578 : 000010111110;
	11579 : 001010111101;
	11580 : 011010101011;
	11581 : 110111011111;
	11582 : 111100000110;
	11583 : 100001000001;
	11584 : 001010111010;
	11585 : 000111000001;
	11586 : 000011001011;
	11587 : 000101110000;
	11588 : 000110011000;
	11589 : 000101101101;
	11590 : 000100110101;
	11591 : 000100011111;
	11592 : 000100100100;
	11593 : 000100101001;
	11594 : 000100010111;
	11595 : 000101011001;
	11596 : 000101101011;
	11597 : 000101101000;
	11598 : 000101110111;
	11599 : 000110101000;
	11600 : 000111011101;
	11601 : 001000110110;
	11602 : 001000010010;
	11603 : 001000000011;
	11604 : 000000000000;
	11605 : 000000000000;
	11606 : 000000000000;
	11607 : 000000000000;
	11608 : 000000000000;
	11609 : 000000000000;
	11610 : 000000000000;
	11611 : 000000000000;
	11612 : 000000000000;
	11613 : 000000000000;
	11614 : 000000000000;
	11615 : 000000000000;
	11616 : 000000000000;
	11617 : 000000000000;
	11618 : 000000000000;
	11619 : 000000000000;
	11620 : 000000000000;
	11621 : 000000000000;
	11622 : 000000000000;
	11623 : 000000000000;
	11624 : 000000000000;
	11625 : 000000000000;
	11626 : 000000000000;
	11627 : 000000000000;
	11628 : 000000000000;
	11629 : 000000000000;
	11630 : 000000000000;
	11631 : 000000000000;
	11632 : 000000000000;
	11633 : 000000000000;
	11634 : 000000000000;
	11635 : 000000000000;
	11636 : 000000000000;
	11637 : 000000000000;
	11638 : 000000000000;
	11639 : 000000000000;
	11640 : 000000000000;
	11641 : 000000000000;
	11642 : 000000000000;
	11643 : 000000000000;
	11644 : 000000000000;
	11645 : 000000000000;
	11646 : 000000000000;
	11647 : 000000000000;
	11648 : 000000000000;
	11649 : 000000000000;
	11650 : 000000000000;
	11651 : 000000000000;
	11652 : 000000000000;
	11653 : 000000000000;
	11654 : 000000000000;
	11655 : 000000000000;
	11656 : 111111111111;
	11657 : 110011110010;
	11658 : 011001110000;
	11659 : 001100000001;
	11660 : 000001010011;
	11661 : 000000000000;
	11662 : 000100011101;
	11663 : 000111001011;
	11664 : 000111011011;
	11665 : 000111000100;
	11666 : 000110101001;
	11667 : 000111001000;
	11668 : 000110111000;
	11669 : 000111001011;
	11670 : 001000000100;
	11671 : 001000001000;
	11672 : 001000001101;
	11673 : 001001000001;
	11674 : 001001000110;
	11675 : 001001111100;
	11676 : 001010101110;
	11677 : 001011100111;
	11678 : 001100011110;
	11679 : 001101001110;
	11680 : 001110000000;
	11681 : 001110000111;
	11682 : 001110110111;
	11683 : 010000000100;
	11684 : 010001010100;
	11685 : 010010101001;
	11686 : 010100010100;
	11687 : 010101011010;
	11688 : 010101111000;
	11689 : 010110101110;
	11690 : 010110010101;
	11691 : 010101111111;
	11692 : 010101011111;
	11693 : 010100010001;
	11694 : 010010101101;
	11695 : 010000011110;
	11696 : 001110101011;
	11697 : 001101010101;
	11698 : 001100110011;
	11699 : 001100010001;
	11700 : 001011101010;
	11701 : 001011101110;
	11702 : 001011101010;
	11703 : 001011100001;
	11704 : 001011000111;
	11705 : 001010011100;
	11706 : 001010011000;
	11707 : 001001111100;
	11708 : 001001101111;
	11709 : 001001111111;
	11710 : 001001011101;
	11711 : 001001110101;
	11712 : 001010000110;
	11713 : 001010011010;
	11714 : 001010110110;
	11715 : 001010110101;
	11716 : 001010011100;
	11717 : 001010110011;
	11718 : 001010101100;
	11719 : 001010110011;
	11720 : 001010110011;
	11721 : 001010101100;
	11722 : 001001110011;
	11723 : 001001010011;
	11724 : 001001111000;
	11725 : 001010011111;
	11726 : 001010011000;
	11727 : 001010001100;
	11728 : 001001101100;
	11729 : 001001011111;
	11730 : 001001101000;
	11731 : 001001001101;
	11732 : 001000101111;
	11733 : 001000101111;
	11734 : 000111111010;
	11735 : 001000100011;
	11736 : 001000101111;
	11737 : 001010000011;
	11738 : 001010011110;
	11739 : 001010100001;
	11740 : 001010000101;
	11741 : 001001111111;
	11742 : 001001011111;
	11743 : 001001000001;
	11744 : 001001001111;
	11745 : 001000101011;
	11746 : 001000110011;
	11747 : 001000101010;
	11748 : 001001001100;
	11749 : 001001101111;
	11750 : 001010111010;
	11751 : 001011011010;
	11752 : 001101010010;
	11753 : 001101101001;
	11754 : 001110011100;
	11755 : 010001001011;
	11756 : 010001010100;
	11757 : 010001000010;
	11758 : 010001011101;
	11759 : 001111010000;
	11760 : 001110101100;
	11761 : 001110010101;
	11762 : 001011101111;
	11763 : 001001101111;
	11764 : 001001101100;
	11765 : 001001011100;
	11766 : 001000110011;
	11767 : 001000111101;
	11768 : 001000010001;
	11769 : 000111110110;
	11770 : 000110110100;
	11771 : 001010011010;
	11772 : 011101111111;
	11773 : 111001101111;
	11774 : 111101101011;
	11775 : 101111001110;
	11776 : 010101110101;
	11777 : 001001001010;
	11778 : 000000100001;
	11779 : 000011101101;
	11780 : 001001011111;
	11781 : 001010010011;
	11782 : 001010011000;
	11783 : 001010111110;
	11784 : 001011010001;
	11785 : 001011001000;
	11786 : 001011001100;
	11787 : 001011110011;
	11788 : 001100110011;
	11789 : 001101001001;
	11790 : 001100111001;
	11791 : 001101000011;
	11792 : 001101001001;
	11793 : 001100110011;
	11794 : 001100111110;
	11795 : 001101011001;
	11796 : 001110100000;
	11797 : 000000000000;
	11798 : 000000000000;
	11799 : 000000000000;
	11800 : 000000000000;
	11801 : 000000000000;
	11802 : 000000000000;
	11803 : 000000000000;
	11804 : 000000000000;
	11805 : 000000000000;
	11806 : 000000000000;
	11807 : 000000000000;
	11808 : 000000000000;
	11809 : 000000000000;
	11810 : 000000000000;
	11811 : 000000000000;
	11812 : 000000000000;
	11813 : 000000000000;
	11814 : 000000000000;
	11815 : 000000000000;
	11816 : 000000000000;
	11817 : 000000000000;
	11818 : 000000000000;
	11819 : 000000000000;
	11820 : 000000000000;
	11821 : 000000000000;
	11822 : 000000000000;
	11823 : 000000000000;
	11824 : 000000000000;
	11825 : 000000000000;
	11826 : 000000000000;
	11827 : 000000000000;
	11828 : 000000000000;
	11829 : 000000000000;
	11830 : 000000000000;
	11831 : 000000000000;
	11832 : 000000000000;
	11833 : 000000000000;
	11834 : 000000000000;
	11835 : 000000000000;
	11836 : 000000000000;
	11837 : 000000000000;
	11838 : 000000000000;
	11839 : 000000000000;
	11840 : 000000000000;
	11841 : 000000000000;
	11842 : 000000000000;
	11843 : 000000000000;
	11844 : 111011001011;
	11845 : 111001101101;
	11846 : 011010111011;
	11847 : 001010100001;
	11848 : 000101000011;
	11849 : 001000001001;
	11850 : 001010000000;
	11851 : 001001011011;
	11852 : 001001011100;
	11853 : 001001101001;
	11854 : 001010000000;
	11855 : 001001100100;
	11856 : 001010011000;
	11857 : 001010000111;
	11858 : 001010100100;
	11859 : 001011000001;
	11860 : 001011010001;
	11861 : 001011110101;
	11862 : 001011010001;
	11863 : 001100001001;
	11864 : 001100011111;
	11865 : 001101010010;
	11866 : 001101101010;
	11867 : 001111100001;
	11868 : 001111010001;
	11869 : 001111101011;
	11870 : 010000110100;
	11871 : 010010000111;
	11872 : 010010111100;
	11873 : 010100001111;
	11874 : 010101110111;
	11875 : 010111010101;
	11876 : 011000100111;
	11877 : 011001011000;
	11878 : 011010101001;
	11879 : 011011011101;
	11880 : 011011110111;
	11881 : 011011001001;
	11882 : 011010011101;
	11883 : 010111011001;
	11884 : 010100100100;
	11885 : 010010011000;
	11886 : 010000001000;
	11887 : 001110100011;
	11888 : 001101000101;
	11889 : 001100000101;
	11890 : 001011100110;
	11891 : 001011010011;
	11892 : 001011100101;
	11893 : 001011001110;
	11894 : 001010110010;
	11895 : 001010110100;
	11896 : 001011001000;
	11897 : 001011100011;
	11898 : 001011111100;
	11899 : 001011101011;
	11900 : 001011001110;
	11901 : 001011010110;
	11902 : 001011001100;
	11903 : 001011101011;
	11904 : 001011100101;
	11905 : 001011010000;
	11906 : 001100100011;
	11907 : 001011111100;
	11908 : 001011100110;
	11909 : 001011000100;
	11910 : 001011011101;
	11911 : 001011111100;
	11912 : 001011000011;
	11913 : 001010110110;
	11914 : 001010011101;
	11915 : 001010111011;
	11916 : 001010111001;
	11917 : 001011000110;
	11918 : 001010101100;
	11919 : 001010001101;
	11920 : 001010110110;
	11921 : 001010100100;
	11922 : 001011010000;
	11923 : 001010001000;
	11924 : 001011000100;
	11925 : 001010101111;
	11926 : 001010011100;
	11927 : 001010111011;
	11928 : 001001110001;
	11929 : 001011100101;
	11930 : 001010011101;
	11931 : 001010000111;
	11932 : 001011010110;
	11933 : 001010100101;
	11934 : 001100110001;
	11935 : 001101101111;
	11936 : 001111010100;
	11937 : 001111101111;
	11938 : 001111101011;
	11939 : 010000010010;
	11940 : 010000101111;
	11941 : 010000000001;
	11942 : 001111001101;
	11943 : 001110010001;
	11944 : 001011101101;
	11945 : 001001001110;
	11946 : 001000101000;
	11947 : 001000010011;
	11948 : 001000100000;
	11949 : 001000010000;
	11950 : 000111110001;
	11951 : 000111100100;
	11952 : 001000011010;
	11953 : 000111110110;
	11954 : 000101111010;
	11955 : 000000000000;
	11956 : 000001011011;
	11957 : 001110001100;
	11958 : 101000001010;
	11959 : 110110011101;
	11960 : 111111111111;
	11961 : 101100110101;
	11962 : 010000000011;
	11963 : 001000011101;
	11964 : 001001001010;
	11965 : 001011000001;
	11966 : 001011001001;
	11967 : 001011011001;
	11968 : 001010111111;
	11969 : 001011100011;
	11970 : 001011010101;
	11971 : 001011100010;
	11972 : 001100100001;
	11973 : 001100001101;
	11974 : 001101000110;
	11975 : 001100110100;
	11976 : 001101000001;
	11977 : 001101110010;
	11978 : 001101110010;
	11979 : 001110100101;
	11980 : 001110011000;
	11981 : 001111100110;
	11982 : 001111111001;
	11983 : 000000000000;
	11984 : 000000000000;
	11985 : 000000000000;
	11986 : 000000000000;
	11987 : 000000000000;
	11988 : 000000000000;
	11989 : 000000000000;
	11990 : 000000000000;
	11991 : 000000000000;
	11992 : 000000000000;
	11993 : 000000000000;
	11994 : 000000000000;
	11995 : 000000000000;
	11996 : 000000000000;
	11997 : 000000000000;
	11998 : 000000000000;
	11999 : 000000000000;
	12000 : 000000000000;
	12001 : 000000000000;
	12002 : 000000000000;
	12003 : 000000000000;
	12004 : 000000000000;
	12005 : 000000000000;
	12006 : 000000000000;
	12007 : 000000000000;
	12008 : 000000000000;
	12009 : 000000000000;
	12010 : 000000000000;
	12011 : 000000000000;
	12012 : 000000000000;
	12013 : 000000000000;
	12014 : 000000000000;
	12015 : 000000000000;
	12016 : 000000000000;
	12017 : 000000000000;
	12018 : 000000000000;
	12019 : 000000000000;
	12020 : 000000000000;
	12021 : 000000000000;
	12022 : 000000000000;
	12023 : 000000000000;
	12024 : 000000000000;
	12025 : 000000000000;
	12026 : 000000000000;
	12027 : 000000000000;
	12028 : 000000000000;
	12029 : 000000000000;
	12030 : 000000000000;
	12031 : 000000000000;
	12032 : 111001111101;
	12033 : 010100000101;
	12034 : 000001111000;
	12035 : 000000000000;
	12036 : 000010110000;
	12037 : 000101101100;
	12038 : 001000111000;
	12039 : 001000001110;
	12040 : 001000111000;
	12041 : 001001001110;
	12042 : 001001001011;
	12043 : 001001010000;
	12044 : 001010001011;
	12045 : 001010100000;
	12046 : 001010100001;
	12047 : 001010000111;
	12048 : 001010100111;
	12049 : 001010111111;
	12050 : 001010100000;
	12051 : 001010110001;
	12052 : 001011111000;
	12053 : 001100010101;
	12054 : 001011110001;
	12055 : 001100011111;
	12056 : 001100111001;
	12057 : 001110000010;
	12058 : 001110100110;
	12059 : 001111011111;
	12060 : 010000001010;
	12061 : 010000101111;
	12062 : 010001011101;
	12063 : 010010011101;
	12064 : 010010011101;
	12065 : 010010110000;
	12066 : 010001110100;
	12067 : 010000110110;
	12068 : 001111001001;
	12069 : 001110011100;
	12070 : 001101110110;
	12071 : 001101000110;
	12072 : 001101001110;
	12073 : 001100010111;
	12074 : 001011111111;
	12075 : 001100100011;
	12076 : 001100010010;
	12077 : 001011110100;
	12078 : 001100010101;
	12079 : 001100011111;
	12080 : 001100011010;
	12081 : 001100000110;
	12082 : 001100111000;
	12083 : 001101010010;
	12084 : 001101000100;
	12085 : 001100111111;
	12086 : 001101001001;
	12087 : 001101000100;
	12088 : 001101000110;
	12089 : 001101001001;
	12090 : 001101011110;
	12091 : 001100110001;
	12092 : 001101000010;
	12093 : 001100000110;
	12094 : 001100001110;
	12095 : 001100001100;
	12096 : 001100011010;
	12097 : 001100010010;
	12098 : 001100010111;
	12099 : 001100011010;
	12100 : 001011101000;
	12101 : 001101001110;
	12102 : 001110000100;
	12103 : 001111100110;
	12104 : 001111101010;
	12105 : 010000100100;
	12106 : 010010011010;
	12107 : 010010101011;
	12108 : 010010001010;
	12109 : 010001100110;
	12110 : 001111000010;
	12111 : 001110010000;
	12112 : 001101010101;
	12113 : 001011010000;
	12114 : 001010100101;
	12115 : 001010100001;
	12116 : 001010101100;
	12117 : 001010000010;
	12118 : 001010011001;
	12119 : 001010001110;
	12120 : 001010010010;
	12121 : 001001010101;
	12122 : 000110111101;
	12123 : 010010101011;
	12124 : 100101100001;
	12125 : 110100100010;
	12126 : 111111111111;
	12127 : 101100111110;
	12128 : 001001001011;
	12129 : 000010100010;
	12130 : 000010111110;
	12131 : 000101111100;
	12132 : 001001010100;
	12133 : 001010101010;
	12134 : 001010111011;
	12135 : 001010101111;
	12136 : 001011011100;
	12137 : 001011010111;
	12138 : 001011101100;
	12139 : 001011101000;
	12140 : 000000000000;
	12141 : 000000000000;
	12142 : 000000000000;
	12143 : 000000000000;
	12144 : 000000000000;
	12145 : 000000000000;
	12146 : 000000000000;
	12147 : 000000000000;
	12148 : 000000000000;
	12149 : 000000000000;
	12150 : 000000000000;
	12151 : 000000000000;
	12152 : 000000000000;
	12153 : 000000000000;
	12154 : 000000000000;
	12155 : 000000000000;
	12156 : 000000000000;
	12157 : 000000000000;
	12158 : 000000000000;
	12159 : 000000000000;
	12160 : 000000000000;
	12161 : 000000000000;
	12162 : 000000000000;
	12163 : 000000000000;
	12164 : 000000000000;
	12165 : 000000000000;
	12166 : 000000000000;
	12167 : 000000000000;
	12168 : 000000000000;
	12169 : 000000000000;
	12170 : 000000000000;
	12171 : 000000000000;
	12172 : 000000000000;
	12173 : 000000000000;
	12174 : 000000000000;
	12175 : 000000000000;
	12176 : 000000000000;
	12177 : 000000000000;
	12178 : 000000000000;
	12179 : 000000000000;
	12180 : 000000000000;
	12181 : 000000000000;
	12182 : 000000000000;
	12183 : 000000000000;
	12184 : 000000000000;
	12185 : 000000000000;
	12186 : 000000000000;
	12187 : 000000000000;
	12188 : 000000000000;
	12189 : 000000000000;
	12190 : 000000000000;
	12191 : 000000000000;
	12192 : 000000000000;
	12193 : 000000000000;
	12194 : 000000000000;
	12195 : 000000000000;
	12196 : 000000000000;
	12197 : 000000000000;
	12198 : 000000000000;
	12199 : 000000000000;
	12200 : 000000000000;
	12201 : 000000000000;
	12202 : 000000000000;
	12203 : 000000000000;
	12204 : 000000000000;
	12205 : 000000000000;
	12206 : 000000000000;
	12207 : 000000000000;
	12208 : 000000000000;
	12209 : 000000000000;
	12210 : 000000000000;
	12211 : 000000000000;
	12212 : 000000000000;
	12213 : 000000000000;
	12214 : 000000000000;
	12215 : 000000000000;
	12216 : 000000000000;
	12217 : 000000000000;
	12218 : 000000000000;
	12219 : 000000000000;
	12220 : 111101100001;
	12221 : 111010111100;
	12222 : 100010101010;
	12223 : 001000110111;
	12224 : 000000000000;
	12225 : 010000000100;
	12226 : 010101010011;
	12227 : 011001000101;
	12228 : 011010000111;
	12229 : 011010100000;
	12230 : 011011001010;
	12231 : 011011110000;
	12232 : 011011110101;
	12233 : 011100100111;
	12234 : 011100111011;
	12235 : 011101000010;
	12236 : 011101000111;
	12237 : 011101101000;
	12238 : 011101010001;
	12239 : 011101110100;
	12240 : 011110010000;
	12241 : 011110010111;
	12242 : 011110100001;
	12243 : 011111010011;
	12244 : 011111011000;
	12245 : 011111010110;
	12246 : 011111100000;
	12247 : 011111110100;
	12248 : 100000010100;
	12249 : 100001001011;
	12250 : 100000111100;
	12251 : 100001000110;
	12252 : 100001010101;
	12253 : 100001011101;
	12254 : 100001111000;
	12255 : 100010011011;
	12256 : 100010101010;
	12257 : 100010101101;
	12258 : 100011000011;
	12259 : 100011110000;
	12260 : 100100111001;
	12261 : 100100111011;
	12262 : 100011101011;
	12263 : 100010100000;
	12264 : 100001001011;
	12265 : 011110111101;
	12266 : 011110010111;
	12267 : 011101011011;
	12268 : 011100010101;
	12269 : 011011010100;
	12270 : 011010101010;
	12271 : 011011001101;
	12272 : 011010110001;
	12273 : 011011100001;
	12274 : 011011101000;
	12275 : 011100001001;
	12276 : 011100101110;
	12277 : 011101000000;
	12278 : 011100111011;
	12279 : 011101110100;
	12280 : 011110011111;
	12281 : 011101111110;
	12282 : 011110000011;
	12283 : 011110010010;
	12284 : 011101101010;
	12285 : 011110000001;
	12286 : 011101101101;
	12287 : 011101101000;
	12288 : 011100100010;
	12289 : 011011101011;
	12290 : 011011110010;
	12291 : 011011100001;
	12292 : 011011010010;
	12293 : 011001111010;
	12294 : 011010001001;
	12295 : 011010001110;
	12296 : 011011001010;
	12297 : 011010001100;
	12298 : 011001101110;
	12299 : 011010001100;
	12300 : 011011011110;
	12301 : 011011010100;
	12302 : 011011000011;
	12303 : 011010110110;
	12304 : 011100000001;
	12305 : 011011010010;
	12306 : 011011101011;
	12307 : 011011010100;
	12308 : 011010110110;
	12309 : 011010101111;
	12310 : 011010111110;
	12311 : 011011001101;
	12312 : 011011000000;
	12313 : 011011100001;
	12314 : 011011000011;
	12315 : 011010001100;
	12316 : 011001111111;
	12317 : 011010100111;
	12318 : 011010110001;
	12319 : 011011010010;
	12320 : 011011011110;
	12321 : 011011000000;
	12322 : 011011001000;
	12323 : 011011011001;
	12324 : 011011011001;
	12325 : 011010110110;
	12326 : 011011000011;
	12327 : 011011011110;
	12328 : 011011000011;
	12329 : 011010100010;
	12330 : 011010010001;
	12331 : 011100100010;
	12332 : 011110111111;
	12333 : 011110111000;
	12334 : 011110100001;
	12335 : 011101101010;
	12336 : 011100000001;
	12337 : 011011101101;
	12338 : 011011101101;
	12339 : 011011010010;
	12340 : 011010110001;
	12341 : 011001100011;
	12342 : 011010101010;
	12343 : 011001001010;
	12344 : 011000100010;
	12345 : 011000100111;
	12346 : 011000011011;
	12347 : 011001000101;
	12348 : 011000111011;
	12349 : 011000111001;
	12350 : 011000111110;
	12351 : 011000111110;
	12352 : 011001100001;
	12353 : 010111111000;
	12354 : 010111010101;
	12355 : 100001101110;
	12356 : 110110101001;
	12357 : 111111111111;
	12358 : 111011011100;
	12359 : 010111011010;
	12360 : 000001011010;
	12361 : 000111110100;
	12362 : 010010100110;
	12363 : 010111100110;
	12364 : 011011110111;
	12365 : 011101010110;
	12366 : 011101100000;
	12367 : 011110001101;
	12368 : 011110011010;
	12369 : 011110111111;
	12370 : 011111010110;
	12371 : 011110111111;
	12372 : 011111100111;
	12373 : 011111101111;
	12374 : 011111100101;
	12375 : 011111101100;
	12376 : 100000001101;
	12377 : 100000011100;
	12378 : 100000010111;
	12379 : 100000101101;
	12380 : 100001001001;
	12381 : 100001000001;
	12382 : 100000110111;
	12383 : 100001100111;
	12384 : 100010001111;
	12385 : 000000000000;
	12386 : 000000000000;
	12387 : 000000000000;
	12388 : 000000000000;
	12389 : 000000000000;
	12390 : 000000000000;
	12391 : 000000000000;
	12392 : 000000000000;
	12393 : 000000000000;
	12394 : 000000000000;
	12395 : 000000000000;
	12396 : 000000000000;
	12397 : 000000000000;
	12398 : 000000000000;
	12399 : 000000000000;
	12400 : 000000000000;
	12401 : 000000000000;
	12402 : 000000000000;
	12403 : 000000000000;
	12404 : 000000000000;
	12405 : 000000000000;
	12406 : 000000000000;
	12407 : 000000000000;
	12408 : 111101111011;
	12409 : 111000111000;
	12410 : 011011010001;
	12411 : 001000111101;
	12412 : 000011011100;
	12413 : 000001111100;
	12414 : 000010010111;
	12415 : 000010001000;
	12416 : 000010011100;
	12417 : 000010101111;
	12418 : 000011001011;
	12419 : 000011101001;
	12420 : 000100010010;
	12421 : 000100101110;
	12422 : 000100110010;
	12423 : 000101001110;
	12424 : 000101011010;
	12425 : 000110010010;
	12426 : 000111001000;
	12427 : 001000100001;
	12428 : 001001111111;
	12429 : 001011001001;
	12430 : 001100101011;
	12431 : 001110100001;
	12432 : 010000011000;
	12433 : 010010000111;
	12434 : 010011011011;
	12435 : 010100111000;
	12436 : 010101111000;
	12437 : 010101100000;
	12438 : 010011111101;
	12439 : 010001111011;
	12440 : 001111001100;
	12441 : 001100011111;
	12442 : 001010001110;
	12443 : 001000111101;
	12444 : 001000101001;
	12445 : 001000001001;
	12446 : 001000001110;
	12447 : 001000100011;
	12448 : 001000101011;
	12449 : 001000001101;
	12450 : 001000100001;
	12451 : 001000101000;
	12452 : 001000101001;
	12453 : 001000110000;
	12454 : 001000011000;
	12455 : 001000001101;
	12456 : 001000000100;
	12457 : 000111110101;
	12458 : 000111111101;
	12459 : 000111110000;
	12460 : 000111001101;
	12461 : 000111011010;
	12462 : 000111011110;
	12463 : 000111000001;
	12464 : 000111010111;
	12465 : 001000000011;
	12466 : 001000100011;
	12467 : 001001010101;
	12468 : 001000110101;
	12469 : 001001111101;
	12470 : 001010011000;
	12471 : 001100100001;
	12472 : 001101101110;
	12473 : 001111001110;
	12474 : 001101100111;
	12475 : 001010100010;
	12476 : 001000110011;
	12477 : 000111000100;
	12478 : 000110001001;
	12479 : 000101101000;
	12480 : 000100001101;
	12481 : 000011100011;
	12482 : 000011101101;
	12483 : 000011001011;
	12484 : 000000000000;
	12485 : 000111011110;
	12486 : 011011101101;
	12487 : 110110100110;
	12488 : 111111111111;
	12489 : 110000000011;
	12490 : 010101100100;
	12491 : 000111111111;
	12492 : 000101110111;
	12493 : 000101110010;
	12494 : 000101101000;
	12495 : 000101010101;
	12496 : 000101000100;
	12497 : 000101001110;
	12498 : 000110000001;
	12499 : 000110010010;
	12500 : 000110010010;
	12501 : 000111010000;
	12502 : 000111101000;
	12503 : 001000101000;
	12504 : 000000000000;
	12505 : 000000000000;
	12506 : 000000000000;
	12507 : 000000000000;
	12508 : 000000000000;
	12509 : 000000000000;
	12510 : 000000000000;
	12511 : 000000000000;
	12512 : 000000000000;
	12513 : 000000000000;
	12514 : 000000000000;
	12515 : 000000000000;
	12516 : 000000000000;
	12517 : 000000000000;
	12518 : 000000000000;
	12519 : 000000000000;
	12520 : 000000000000;
	12521 : 000000000000;
	12522 : 000000000000;
	12523 : 000000000000;
	12524 : 000000000000;
	12525 : 000000000000;
	12526 : 000000000000;
	12527 : 000000000000;
	12528 : 000000000000;
	12529 : 000000000000;
	12530 : 000000000000;
	12531 : 000000000000;
	12532 : 000000000000;
	12533 : 000000000000;
	12534 : 000000000000;
	12535 : 000000000000;
	12536 : 000000000000;
	12537 : 000000000000;
	12538 : 000000000000;
	12539 : 000000000000;
	12540 : 000000000000;
	12541 : 000000000000;
	12542 : 000000000000;
	12543 : 000000000000;
	12544 : 000000000000;
	12545 : 000000000000;
	12546 : 000000000000;
	12547 : 000000000000;
	12548 : 000000000000;
	12549 : 000000000000;
	12550 : 000000000000;
	12551 : 000000000000;
	12552 : 000000000000;
	12553 : 000000000000;
	12554 : 000000000000;
	12555 : 000000000000;
	12556 : 000000000000;
	12557 : 000000000000;
	12558 : 000000000000;
	12559 : 000000000000;
	12560 : 000000000000;
	12561 : 000000000000;
	12562 : 000000000000;
	12563 : 000000000000;
	12564 : 000000000000;
	12565 : 000000000000;
	12566 : 000000000000;
	12567 : 000000000000;
	12568 : 000000000000;
	12569 : 000000000000;
	12570 : 000000000000;
	12571 : 000000000000;
	12572 : 000000000000;
	12573 : 000000000000;
	12574 : 000000000000;
	12575 : 000000000000;
	12576 : 000000000000;
	12577 : 000000000000;
	12578 : 000000000000;
	12579 : 000000000000;
	12580 : 000000000000;
	12581 : 000000000000;
	12582 : 000000000000;
	12583 : 000000000000;
	12584 : 000000000000;
	12585 : 000000000000;
	12586 : 000000000000;
	12587 : 000000000000;
	12588 : 000000000000;
	12589 : 000000000000;
	12590 : 000000000000;
	12591 : 000000000000;
	12592 : 000000000000;
	12593 : 000000000000;
	12594 : 000000000000;
	12595 : 000000000000;
	12596 : 111110010000;
	12597 : 101100100110;
	12598 : 001010011110;
	12599 : 000000000000;
	12600 : 000010101110;
	12601 : 000010101011;
	12602 : 000001100111;
	12603 : 000001010010;
	12604 : 000000111011;
	12605 : 000001001101;
	12606 : 000001010010;
	12607 : 000000111100;
	12608 : 000001011011;
	12609 : 000001101001;
	12610 : 000001110010;
	12611 : 000010001110;
	12612 : 000010010001;
	12613 : 000010101000;
	12614 : 000011000100;
	12615 : 000011011100;
	12616 : 000100010011;
	12617 : 000100101001;
	12618 : 000101000110;
	12619 : 000101011001;
	12620 : 000110000001;
	12621 : 000110111010;
	12622 : 000111011001;
	12623 : 001000100111;
	12624 : 001001111000;
	12625 : 001010111011;
	12626 : 001100011001;
	12627 : 001101000010;
	12628 : 001110100011;
	12629 : 001111010010;
	12630 : 001111100111;
	12631 : 001111001111;
	12632 : 001101011101;
	12633 : 001011100100;
	12634 : 001001010001;
	12635 : 000111010010;
	12636 : 000101101000;
	12637 : 000100000001;
	12638 : 000011001111;
	12639 : 000010100101;
	12640 : 000010010000;
	12641 : 000010001100;
	12642 : 000001101100;
	12643 : 000010000000;
	12644 : 000001111001;
	12645 : 000001110010;
	12646 : 000010010000;
	12647 : 000010010000;
	12648 : 000010100011;
	12649 : 000010011000;
	12650 : 000010010010;
	12651 : 000010001010;
	12652 : 000010001011;
	12653 : 000001111111;
	12654 : 000001111100;
	12655 : 000001110001;
	12656 : 000001110101;
	12657 : 000001110011;
	12658 : 000001110011;
	12659 : 000001110010;
	12660 : 000001100110;
	12661 : 000001110001;
	12662 : 000001011000;
	12663 : 000001011101;
	12664 : 000001101010;
	12665 : 000001111000;
	12666 : 000001101110;
	12667 : 000001010010;
	12668 : 000001011001;
	12669 : 000001010011;
	12670 : 000001000110;
	12671 : 000001010111;
	12672 : 000000110111;
	12673 : 000001010001;
	12674 : 000000111100;
	12675 : 000001001000;
	12676 : 000001010110;
	12677 : 000001001001;
	12678 : 000001010110;
	12679 : 000001010000;
	12680 : 000001001011;
	12681 : 000001011110;
	12682 : 000001010100;
	12683 : 000010000110;
	12684 : 000010011001;
	12685 : 000010101100;
	12686 : 000010100110;
	12687 : 000011000011;
	12688 : 000011010010;
	12689 : 000011000110;
	12690 : 000010111111;
	12691 : 000010111100;
	12692 : 000010110000;
	12693 : 000001111011;
	12694 : 000001011011;
	12695 : 000001101110;
	12696 : 000001011110;
	12697 : 000001100110;
	12698 : 000001011111;
	12699 : 000001011001;
	12700 : 000001010110;
	12701 : 000001100010;
	12702 : 000001011011;
	12703 : 000001011110;
	12704 : 000000101001;
	12705 : 000100001111;
	12706 : 010110000111;
	12707 : 101001110011;
	12708 : 111111111111;
	12709 : 110110110100;
	12710 : 010110100001;
	12711 : 000101010011;
	12712 : 000100101000;
	12713 : 000101110010;
	12714 : 000100011000;
	12715 : 000011111110;
	12716 : 000100001000;
	12717 : 000011111111;
	12718 : 000100010101;
	12719 : 000100101011;
	12720 : 000100101111;
	12721 : 000101001001;
	12722 : 000101100100;
	12723 : 000101110100;
	12724 : 000110001000;
	12725 : 000110110011;
	12726 : 000111000000;
	12727 : 000110110011;
	12728 : 000000000000;
	12729 : 000000000000;
	12730 : 000000000000;
	12731 : 000000000000;
	12732 : 000000000000;
	12733 : 000000000000;
	12734 : 000000000000;
	12735 : 000000000000;
	12736 : 000000000000;
	12737 : 000000000000;
	12738 : 000000000000;
	12739 : 000000000000;
	12740 : 000000000000;
	12741 : 000000000000;
	12742 : 000000000000;
	12743 : 000000000000;
	12744 : 000000000000;
	12745 : 000000000000;
	12746 : 000000000000;
	12747 : 000000000000;
	12748 : 000000000000;
	12749 : 000000000000;
	12750 : 000000000000;
	12751 : 000000000000;
	12752 : 000000000000;
	12753 : 000000000000;
	12754 : 000000000000;
	12755 : 000000000000;
	12756 : 000000000000;
	12757 : 000000000000;
	12758 : 000000000000;
	12759 : 000000000000;
	12760 : 000000000000;
	12761 : 000000000000;
	12762 : 000000000000;
	12763 : 000000000000;
	12764 : 000000000000;
	12765 : 000000000000;
	12766 : 000000000000;
	12767 : 000000000000;
	12768 : 000000000000;
	12769 : 000000000000;
	12770 : 000000000000;
	12771 : 000000000000;
	12772 : 000000000000;
	12773 : 000000000000;
	12774 : 000000000000;
	12775 : 000000000000;
	12776 : 000000000000;
	12777 : 000000000000;
	12778 : 000000000000;
	12779 : 000000000000;
	12780 : 000000000000;
	12781 : 000000000000;
	12782 : 000000000000;
	12783 : 000000000000;
	12784 : 111111111111;
	12785 : 101110111000;
	12786 : 010010011000;
	12787 : 000110001000;
	12788 : 000101111100;
	12789 : 000100000100;
	12790 : 000011100011;
	12791 : 000011001001;
	12792 : 000010110010;
	12793 : 000010011111;
	12794 : 000010011000;
	12795 : 000011000010;
	12796 : 000011000000;
	12797 : 000011001110;
	12798 : 000011110001;
	12799 : 000100000100;
	12800 : 000100011110;
	12801 : 000100111111;
	12802 : 000101010010;
	12803 : 000101101011;
	12804 : 000101111010;
	12805 : 000110100110;
	12806 : 000111011010;
	12807 : 001000000110;
	12808 : 001001000001;
	12809 : 001010100100;
	12810 : 001011101010;
	12811 : 001101011001;
	12812 : 001110110100;
	12813 : 010000011110;
	12814 : 010010011101;
	12815 : 010011100011;
	12816 : 010100111100;
	12817 : 010101100111;
	12818 : 010101000001;
	12819 : 010011101111;
	12820 : 010001110101;
	12821 : 001111011010;
	12822 : 001100100111;
	12823 : 001010001000;
	12824 : 001000100000;
	12825 : 000111011111;
	12826 : 000110110111;
	12827 : 000110010110;
	12828 : 000110001111;
	12829 : 000110001100;
	12830 : 000101100010;
	12831 : 000101011101;
	12832 : 000101101110;
	12833 : 000101111110;
	12834 : 000110000011;
	12835 : 000110001100;
	12836 : 000110011111;
	12837 : 000111000111;
	12838 : 000111010101;
	12839 : 000111000010;
	12840 : 000111000111;
	12841 : 000110111011;
	12842 : 000110101011;
	12843 : 000110110010;
	12844 : 000111000111;
	12845 : 000110111110;
	12846 : 000101111100;
	12847 : 000101001111;
	12848 : 000110000011;
	12849 : 000110110111;
	12850 : 000110001111;
	12851 : 000101010110;
	12852 : 000100100101;
	12853 : 000101000001;
	12854 : 000100111100;
	12855 : 000100110011;
	12856 : 000100100101;
	12857 : 000100100000;
	12858 : 000100110101;
	12859 : 000100111111;
	12860 : 000101000001;
	12861 : 000101001000;
	12862 : 000110011101;
	12863 : 001000111100;
	12864 : 001001111100;
	12865 : 001010011000;
	12866 : 001011101101;
	12867 : 001101001000;
	12868 : 001110001010;
	12869 : 001111001001;
	12870 : 001100100101;
	12871 : 001000100011;
	12872 : 000110110111;
	12873 : 000101010100;
	12874 : 000011000101;
	12875 : 000010110000;
	12876 : 000010101001;
	12877 : 000010111110;
	12878 : 000010010110;
	12879 : 000001010100;
	12880 : 000001010010;
	12881 : 000001110101;
	12882 : 000010010001;
	12883 : 000001001011;
	12884 : 000000100101;
	12885 : 000000000000;
	12886 : 000000110110;
	12887 : 001101100000;
	12888 : 101101011111;
	12889 : 111110010000;
	12890 : 101100100100;
	12891 : 010000101110;
	12892 : 000111000111;
	12893 : 000110100110;
	12894 : 000100000010;
	12895 : 000010101011;
	12896 : 000011000111;
	12897 : 000011100001;
	12898 : 000010111011;
	12899 : 000010011010;
	12900 : 000011001001;
	12901 : 000100000010;
	12902 : 000011011000;
	12903 : 000010101011;
	12904 : 000011011000;
	12905 : 000100111000;
	12906 : 000101000110;
	12907 : 000101010010;
	12908 : 000101110010;
	12909 : 000110000101;
	12910 : 000000000000;
	12911 : 000000000000;
	12912 : 000000000000;
	12913 : 000000000000;
	12914 : 000000000000;
	12915 : 000000000000;
	12916 : 000000000000;
	12917 : 000000000000;
	12918 : 000000000000;
	12919 : 000000000000;
	12920 : 000000000000;
	12921 : 000000000000;
	12922 : 000000000000;
	12923 : 000000000000;
	12924 : 000000000000;
	12925 : 000000000000;
	12926 : 000000000000;
	12927 : 000000000000;
	12928 : 000000000000;
	12929 : 000000000000;
	12930 : 000000000000;
	12931 : 000000000000;
	12932 : 000000000000;
	12933 : 000000000000;
	12934 : 000000000000;
	12935 : 000000000000;
	12936 : 000000000000;
	12937 : 000000000000;
	12938 : 000000000000;
	12939 : 000000000000;
	12940 : 000000000000;
	12941 : 000000000000;
	12942 : 000000000000;
	12943 : 000000000000;
	12944 : 000000000000;
	12945 : 000000000000;
	12946 : 000000000000;
	12947 : 000000000000;
	12948 : 000000000000;
	12949 : 000000000000;
	12950 : 000000000000;
	12951 : 000000000000;
	12952 : 000000000000;
	12953 : 000000000000;
	12954 : 000000000000;
	12955 : 000000000000;
	12956 : 000000000000;
	12957 : 000000000000;
	12958 : 000000000000;
	12959 : 000000000000;
	12960 : 000000000000;
	12961 : 000000000000;
	12962 : 000000000000;
	12963 : 000000000000;
	12964 : 000000000000;
	12965 : 000000000000;
	12966 : 000000000000;
	12967 : 000000000000;
	12968 : 000000000000;
	12969 : 000000000000;
	12970 : 000000000000;
	12971 : 000000000000;
	12972 : 111110100011;
	12973 : 100110001100;
	12974 : 011001111111;
	12975 : 000100110100;
	12976 : 000011010101;
	12977 : 001010001101;
	12978 : 001111011011;
	12979 : 010010101100;
	12980 : 010010000010;
	12981 : 010011011001;
	12982 : 010011101001;
	12983 : 010011011010;
	12984 : 010100111011;
	12985 : 010100000101;
	12986 : 010101011100;
	12987 : 010101011010;
	12988 : 010100100110;
	12989 : 010101101111;
	12990 : 010101011101;
	12991 : 010110001001;
	12992 : 010110011011;
	12993 : 010101011100;
	12994 : 010110111011;
	12995 : 010110100010;
	12996 : 010111011000;
	12997 : 010111101101;
	12998 : 010111000100;
	12999 : 011001100000;
	13000 : 011010101101;
	13001 : 011011010001;
	13002 : 011001110111;
	13003 : 011000001000;
	13004 : 010111111100;
	13005 : 010101101100;
	13006 : 010101010110;
	13007 : 010100110110;
	13008 : 010011010011;
	13009 : 010100001001;
	13010 : 010011000101;
	13011 : 010011101110;
	13012 : 010100010110;
	13013 : 010011011110;
	13014 : 010100111101;
	13015 : 010011110010;
	13016 : 010100101111;
	13017 : 010100000010;
	13018 : 010011010001;
	13019 : 010101000001;
	13020 : 010100101111;
	13021 : 010111000010;
	13022 : 011000000101;
	13023 : 011000001111;
	13024 : 011010011101;
	13025 : 011100100000;
	13026 : 011100001101;
	13027 : 011101101010;
	13028 : 011101001010;
	13029 : 011100011110;
	13030 : 011010011000;
	13031 : 010111000111;
	13032 : 010100010111;
	13033 : 010010111010;
	13034 : 010011110100;
	13035 : 010010100001;
	13036 : 010010010001;
	13037 : 010001111000;
	13038 : 010001000111;
	13039 : 010010101100;
	13040 : 010010000010;
	13041 : 010010010001;
	13042 : 010000111110;
	13043 : 010001001100;
	13044 : 010111000111;
	13045 : 100101111010;
	13046 : 111111111111;
	13047 : 110100001001;
	13048 : 011110100111;
	13049 : 001110001110;
	13050 : 000000000000;
	13051 : 001000100010;
	13052 : 001111000110;
	13053 : 010010010100;
	13054 : 010011111011;
	13055 : 010010110101;
	13056 : 010100000010;
	13057 : 010100011111;
	13058 : 010100011111;
	13059 : 010110000001;
	13060 : 010101000011;
	13061 : 000000000000;
	13062 : 000000000000;
	13063 : 000000000000;
	13064 : 000000000000;
	13065 : 000000000000;
	13066 : 000000000000;
	13067 : 000000000000;
	13068 : 000000000000;
	13069 : 000000000000;
	13070 : 000000000000;
	13071 : 000000000000;
	13072 : 000000000000;
	13073 : 000000000000;
	13074 : 000000000000;
	13075 : 000000000000;
	13076 : 000000000000;
	13077 : 000000000000;
	13078 : 000000000000;
	13079 : 000000000000;
	13080 : 000000000000;
	13081 : 000000000000;
	13082 : 000000000000;
	13083 : 000000000000;
	13084 : 000000000000;
	13085 : 000000000000;
	13086 : 000000000000;
	13087 : 000000000000;
	13088 : 000000000000;
	13089 : 000000000000;
	13090 : 000000000000;
	13091 : 000000000000;
	13092 : 000000000000;
	13093 : 000000000000;
	13094 : 000000000000;
	13095 : 000000000000;
	13096 : 000000000000;
	13097 : 000000000000;
	13098 : 000000000000;
	13099 : 000000000000;
	13100 : 000000000000;
	13101 : 000000000000;
	13102 : 000000000000;
	13103 : 000000000000;
	13104 : 000000000000;
	13105 : 000000000000;
	13106 : 000000000000;
	13107 : 000000000000;
	13108 : 000000000000;
	13109 : 000000000000;
	13110 : 000000000000;
	13111 : 000000000000;
	13112 : 000000000000;
	13113 : 000000000000;
	13114 : 000000000000;
	13115 : 000000000000;
	13116 : 000000000000;
	13117 : 000000000000;
	13118 : 000000000000;
	13119 : 000000000000;
	13120 : 000000000000;
	13121 : 000000000000;
	13122 : 000000000000;
	13123 : 000000000000;
	13124 : 000000000000;
	13125 : 000000000000;
	13126 : 000000000000;
	13127 : 000000000000;
	13128 : 000000000000;
	13129 : 000000000000;
	13130 : 000000000000;
	13131 : 000000000000;
	13132 : 000000000000;
	13133 : 000000000000;
	13134 : 000000000000;
	13135 : 000000000000;
	13136 : 000000000000;
	13137 : 000000000000;
	13138 : 000000000000;
	13139 : 000000000000;
	13140 : 000000000000;
	13141 : 000000000000;
	13142 : 000000000000;
	13143 : 000000000000;
	13144 : 000000000000;
	13145 : 000000000000;
	13146 : 000000000000;
	13147 : 000000000000;
	13148 : 000000000000;
	13149 : 000000000000;
	13150 : 000000000000;
	13151 : 000000000000;
	13152 : 000000000000;
	13153 : 000000000000;
	13154 : 000000000000;
	13155 : 000000000000;
	13156 : 000000000000;
	13157 : 000000000000;
	13158 : 000000000000;
	13159 : 000000000000;
	13160 : 111110100100;
	13161 : 101111110111;
	13162 : 001101111101;
	13163 : 000001110010;
	13164 : 000011100000;
	13165 : 000111110011;
	13166 : 000111101011;
	13167 : 000111011011;
	13168 : 000111010001;
	13169 : 000111001001;
	13170 : 000110110011;
	13171 : 000111001001;
	13172 : 000111000000;
	13173 : 000111001001;
	13174 : 000111000011;
	13175 : 000111000101;
	13176 : 000111011101;
	13177 : 001000001010;
	13178 : 001000010111;
	13179 : 001000100100;
	13180 : 001000100010;
	13181 : 001000111010;
	13182 : 001001000110;
	13183 : 001001100011;
	13184 : 001001101111;
	13185 : 001010100011;
	13186 : 001011110000;
	13187 : 001101010000;
	13188 : 001110110000;
	13189 : 010000100011;
	13190 : 010010100000;
	13191 : 010100110110;
	13192 : 010110111111;
	13193 : 011001010100;
	13194 : 011010111110;
	13195 : 011100010111;
	13196 : 011100011101;
	13197 : 011011001001;
	13198 : 011000000000;
	13199 : 010011111100;
	13200 : 010000000110;
	13201 : 001101010011;
	13202 : 001011000101;
	13203 : 001001010111;
	13204 : 001000010100;
	13205 : 000111101010;
	13206 : 000111001110;
	13207 : 000111000001;
	13208 : 000110110011;
	13209 : 000110100110;
	13210 : 000110011111;
	13211 : 000110101001;
	13212 : 000110110000;
	13213 : 000111000110;
	13214 : 000111011000;
	13215 : 000111001101;
	13216 : 000111100000;
	13217 : 000111101101;
	13218 : 000111101000;
	13219 : 000111100011;
	13220 : 000111011110;
	13221 : 000111100000;
	13222 : 000111101000;
	13223 : 000111010001;
	13224 : 000111001000;
	13225 : 000110111100;
	13226 : 000110111001;
	13227 : 000110111001;
	13228 : 000110100100;
	13229 : 000110010110;
	13230 : 000110100110;
	13231 : 000110010111;
	13232 : 000110001111;
	13233 : 000110000010;
	13234 : 000101111110;
	13235 : 000101101010;
	13236 : 000101011111;
	13237 : 000101011101;
	13238 : 000101011100;
	13239 : 000101011100;
	13240 : 000101000010;
	13241 : 000101001111;
	13242 : 000101001111;
	13243 : 000101011100;
	13244 : 000111010101;
	13245 : 001000101111;
	13246 : 001000101100;
	13247 : 001000100000;
	13248 : 001010000001;
	13249 : 001001001111;
	13250 : 000111111011;
	13251 : 000110111100;
	13252 : 000110101011;
	13253 : 000110001001;
	13254 : 000101000111;
	13255 : 000100101000;
	13256 : 000100010011;
	13257 : 000100001101;
	13258 : 000011110110;
	13259 : 000100001000;
	13260 : 000011101001;
	13261 : 000011101110;
	13262 : 000011110101;
	13263 : 000100010011;
	13264 : 000100010011;
	13265 : 000100011000;
	13266 : 000011111011;
	13267 : 000000000000;
	13268 : 000010011100;
	13269 : 001100111100;
	13270 : 101010011110;
	13271 : 111111111111;
	13272 : 110001000001;
	13273 : 001011101111;
	13274 : 000001001000;
	13275 : 000011101110;
	13276 : 001000001101;
	13277 : 000111000000;
	13278 : 000110001010;
	13279 : 000110000111;
	13280 : 000110010001;
	13281 : 000110000110;
	13282 : 000110010100;
	13283 : 000110101001;
	13284 : 000110110011;
	13285 : 000111000110;
	13286 : 000111010110;
	13287 : 000111100101;
	13288 : 000111110101;
	13289 : 001000000010;
	13290 : 001000011100;
	13291 : 001000100010;
	13292 : 001001000001;
	13293 : 001001001111;
	13294 : 001001110011;
	13295 : 000000000000;
	13296 : 000000000000;
	13297 : 000000000000;
	13298 : 000000000000;
	13299 : 000000000000;
	13300 : 000000000000;
	13301 : 000000000000;
	13302 : 000000000000;
	13303 : 000000000000;
	13304 : 000000000000;
	13305 : 000000000000;
	13306 : 000000000000;
	13307 : 000000000000;
	13308 : 000000000000;
	13309 : 000000000000;
	13310 : 000000000000;
	13311 : 000000000000;
	13312 : 000000000000;
	13313 : 000000000000;
	13314 : 000000000000;
	13315 : 000000000000;
	13316 : 000000000000;
	13317 : 000000000000;
	13318 : 000000000000;
	13319 : 000000000000;
	13320 : 000000000000;
	13321 : 000000000000;
	13322 : 000000000000;
	13323 : 000000000000;
	13324 : 000000000000;
	13325 : 000000000000;
	13326 : 000000000000;
	13327 : 000000000000;
	13328 : 000000000000;
	13329 : 000000000000;
	13330 : 000000000000;
	13331 : 000000000000;
	13332 : 000000000000;
	13333 : 000000000000;
	13334 : 000000000000;
	13335 : 000000000000;
	13336 : 000000000000;
	13337 : 000000000000;
	13338 : 000000000000;
	13339 : 000000000000;
	13340 : 000000000000;
	13341 : 000000000000;
	13342 : 000000000000;
	13343 : 000000000000;
	13344 : 000000000000;
	13345 : 000000000000;
	13346 : 000000000000;
	13347 : 000000000000;
	13348 : 111011110110;
	13349 : 110000111010;
	13350 : 010110101101;
	13351 : 001001010110;
	13352 : 000000000000;
	13353 : 000011000110;
	13354 : 001000011101;
	13355 : 001000111011;
	13356 : 001000111101;
	13357 : 001001100000;
	13358 : 001001000100;
	13359 : 001000100100;
	13360 : 001000110011;
	13361 : 001001010011;
	13362 : 001001100111;
	13363 : 001010101000;
	13364 : 001011011000;
	13365 : 001100001000;
	13366 : 001100001101;
	13367 : 001100101010;
	13368 : 001101001000;
	13369 : 001101011101;
	13370 : 001110011011;
	13371 : 001111001101;
	13372 : 010000010110;
	13373 : 010001010010;
	13374 : 010001111010;
	13375 : 010011001111;
	13376 : 010100111010;
	13377 : 010101011011;
	13378 : 010110101111;
	13379 : 010111100001;
	13380 : 010111101110;
	13381 : 010111110011;
	13382 : 011000100010;
	13383 : 011000100010;
	13384 : 010111101110;
	13385 : 010101111110;
	13386 : 010100010111;
	13387 : 010010100111;
	13388 : 010001000010;
	13389 : 001111111010;
	13390 : 001110100000;
	13391 : 001110111110;
	13392 : 001111001010;
	13393 : 001110110001;
	13394 : 001110101100;
	13395 : 001101111000;
	13396 : 001101111000;
	13397 : 001101111000;
	13398 : 001110001110;
	13399 : 001110110010;
	13400 : 001111010010;
	13401 : 001111101110;
	13402 : 001111001010;
	13403 : 001111001011;
	13404 : 001111011010;
	13405 : 001111010000;
	13406 : 001110110001;
	13407 : 001110011001;
	13408 : 001110011011;
	13409 : 001110011110;
	13410 : 001110000010;
	13411 : 001101110000;
	13412 : 001101010011;
	13413 : 001100111010;
	13414 : 001100101010;
	13415 : 001101001000;
	13416 : 001101011101;
	13417 : 001101101110;
	13418 : 001101100100;
	13419 : 001101110001;
	13420 : 001101111000;
	13421 : 001110010110;
	13422 : 001110001110;
	13423 : 001101001110;
	13424 : 001101011100;
	13425 : 001101101001;
	13426 : 001110001111;
	13427 : 001110100111;
	13428 : 001110000111;
	13429 : 001110011011;
	13430 : 001101110110;
	13431 : 001101100001;
	13432 : 001101010101;
	13433 : 001101110001;
	13434 : 001101110110;
	13435 : 001101111010;
	13436 : 001101110110;
	13437 : 001101101001;
	13438 : 001101111111;
	13439 : 001110000010;
	13440 : 001110011001;
	13441 : 001110000100;
	13442 : 001110011001;
	13443 : 001101110001;
	13444 : 001101100110;
	13445 : 001101110001;
	13446 : 001101110011;
	13447 : 001101111010;
	13448 : 001110100010;
	13449 : 001111010000;
	13450 : 001111010000;
	13451 : 010010010000;
	13452 : 010010001110;
	13453 : 010011010011;
	13454 : 010100100011;
	13455 : 010010011100;
	13456 : 010001101111;
	13457 : 010001110101;
	13458 : 001111111100;
	13459 : 001101101100;
	13460 : 001100011001;
	13461 : 001100001010;
	13462 : 001011110110;
	13463 : 001100001111;
	13464 : 001011101110;
	13465 : 001011000010;
	13466 : 001000110001;
	13467 : 001011000110;
	13468 : 010110100101;
	13469 : 110000100111;
	13470 : 111111111111;
	13471 : 110100000011;
	13472 : 011100110110;
	13473 : 010000000111;
	13474 : 000101010010;
	13475 : 000101000001;
	13476 : 001001100010;
	13477 : 001011001100;
	13478 : 001011111000;
	13479 : 001100011100;
	13480 : 001100101000;
	13481 : 001100001100;
	13482 : 001100111010;
	13483 : 001101100001;
	13484 : 001101100111;
	13485 : 001110110010;
	13486 : 001111111010;
	13487 : 001111011010;
	13488 : 001111001101;
	13489 : 001111100100;
	13490 : 001111101000;
	13491 : 001111101011;
	13492 : 010000010101;
	13493 : 010001011011;
	13494 : 010010110011;
	13495 : 010011011011;
	13496 : 010100010010;
	13497 : 010100111000;
	13498 : 010101111001;
	13499 : 010110011011;
	13500 : 010111001001;
	13501 : 000000000000;
	13502 : 000000000000;
	13503 : 000000000000;
	13504 : 000000000000;
	13505 : 000000000000;
	13506 : 000000000000;
	13507 : 000000000000;
	13508 : 000000000000;
	13509 : 000000000000;
	13510 : 000000000000;
	13511 : 000000000000;
	13512 : 000000000000;
	13513 : 000000000000;
	13514 : 000000000000;
	13515 : 000000000000;
	13516 : 000000000000;
	13517 : 000000000000;
	13518 : 000000000000;
	13519 : 000000000000;
	13520 : 000000000000;
	13521 : 000000000000;
	13522 : 000000000000;
	13523 : 000000000000;
	13524 : 000000000000;
	13525 : 000000000000;
	13526 : 000000000000;
	13527 : 000000000000;
	13528 : 000000000000;
	13529 : 000000000000;
	13530 : 000000000000;
	13531 : 000000000000;
	13532 : 000000000000;
	13533 : 000000000000;
	13534 : 000000000000;
	13535 : 000000000000;
	13536 : 111100100101;
	13537 : 110011101110;
	13538 : 001100000010;
	13539 : 000001110001;
	13540 : 000001100010;
	13541 : 000011111101;
	13542 : 000111001010;
	13543 : 001001101100;
	13544 : 001010001101;
	13545 : 001001111001;
	13546 : 001010001101;
	13547 : 001010011000;
	13548 : 001010110001;
	13549 : 001010111110;
	13550 : 001010101110;
	13551 : 001010110101;
	13552 : 001011000111;
	13553 : 001010100101;
	13554 : 001010101010;
	13555 : 001011001001;
	13556 : 001011011001;
	13557 : 001011011001;
	13558 : 001100001011;
	13559 : 001100100001;
	13560 : 001101001100;
	13561 : 001110000000;
	13562 : 001110110001;
	13563 : 001111010011;
	13564 : 001111101111;
	13565 : 010001001000;
	13566 : 010001110000;
	13567 : 010010011110;
	13568 : 010011101001;
	13569 : 010011011010;
	13570 : 010010101011;
	13571 : 010001101101;
	13572 : 010000000111;
	13573 : 001110100100;
	13574 : 001101101111;
	13575 : 001100111110;
	13576 : 001011111100;
	13577 : 001011111110;
	13578 : 001100000011;
	13579 : 001011100100;
	13580 : 001011101010;
	13581 : 001100001110;
	13582 : 001011101100;
	13583 : 001011001101;
	13584 : 001011011011;
	13585 : 001011101111;
	13586 : 001011110111;
	13587 : 001011111010;
	13588 : 001011011111;
	13589 : 001011011000;
	13590 : 001011111000;
	13591 : 001100001011;
	13592 : 001011101010;
	13593 : 001011101000;
	13594 : 001011010110;
	13595 : 001011000101;
	13596 : 001011101100;
	13597 : 001011011101;
	13598 : 001010111110;
	13599 : 001010100011;
	13600 : 001011001011;
	13601 : 001010111100;
	13602 : 001010101110;
	13603 : 001010110101;
	13604 : 001010100011;
	13605 : 001010011010;
	13606 : 001010011000;
	13607 : 001011001101;
	13608 : 001011111000;
	13609 : 001100011101;
	13610 : 001100101100;
	13611 : 001101101101;
	13612 : 001110111111;
	13613 : 010000101011;
	13614 : 010001100100;
	13615 : 010000010111;
	13616 : 001111010000;
	13617 : 001101010010;
	13618 : 001100010111;
	13619 : 001011100001;
	13620 : 001001011000;
	13621 : 001000011111;
	13622 : 001000011100;
	13623 : 000111111001;
	13624 : 000111110010;
	13625 : 001000001001;
	13626 : 001000001000;
	13627 : 000111011100;
	13628 : 000110001000;
	13629 : 000101010101;
	13630 : 010011000100;
	13631 : 100101111011;
	13632 : 110100111010;
	13633 : 111111111111;
	13634 : 100101101000;
	13635 : 000101100010;
	13636 : 000000011011;
	13637 : 000000000000;
	13638 : 000011000001;
	13639 : 000111001000;
	13640 : 001000000010;
	13641 : 001000110101;
	13642 : 001001000100;
	13643 : 001000001000;
	13644 : 001000010100;
	13645 : 001000101100;
	13646 : 001001011000;
	13647 : 001001000111;
	13648 : 001001001111;
	13649 : 001001100110;
	13650 : 001001110011;
	13651 : 001001101110;
	13652 : 001010010000;
	13653 : 000000000000;
	13654 : 000000000000;
	13655 : 000000000000;
	13656 : 000000000000;
	13657 : 000000000000;
	13658 : 000000000000;
	13659 : 000000000000;
	13660 : 000000000000;
	13661 : 000000000000;
	13662 : 000000000000;
	13663 : 000000000000;
	13664 : 000000000000;
	13665 : 000000000000;
	13666 : 000000000000;
	13667 : 000000000000;
	13668 : 000000000000;
	13669 : 000000000000;
	13670 : 000000000000;
	13671 : 000000000000;
	13672 : 000000000000;
	13673 : 000000000000;
	13674 : 000000000000;
	13675 : 000000000000;
	13676 : 000000000000;
	13677 : 000000000000;
	13678 : 000000000000;
	13679 : 000000000000;
	13680 : 000000000000;
	13681 : 000000000000;
	13682 : 000000000000;
	13683 : 000000000000;
	13684 : 000000000000;
	13685 : 000000000000;
	13686 : 000000000000;
	13687 : 000000000000;
	13688 : 000000000000;
	13689 : 000000000000;
	13690 : 000000000000;
	13691 : 000000000000;
	13692 : 000000000000;
	13693 : 000000000000;
	13694 : 000000000000;
	13695 : 000000000000;
	13696 : 000000000000;
	13697 : 000000000000;
	13698 : 000000000000;
	13699 : 000000000000;
	13700 : 000000000000;
	13701 : 000000000000;
	13702 : 000000000000;
	13703 : 000000000000;
	13704 : 000000000000;
	13705 : 000000000000;
	13706 : 000000000000;
	13707 : 000000000000;
	13708 : 000000000000;
	13709 : 000000000000;
	13710 : 000000000000;
	13711 : 000000000000;
	13712 : 000000000000;
	13713 : 000000000000;
	13714 : 000000000000;
	13715 : 000000000000;
	13716 : 000000000000;
	13717 : 000000000000;
	13718 : 000000000000;
	13719 : 000000000000;
	13720 : 000000000000;
	13721 : 000000000000;
	13722 : 000000000000;
	13723 : 000000000000;
	13724 : 111111111111;
	13725 : 011110111010;
	13726 : 001000001000;
	13727 : 000001011111;
	13728 : 000101110001;
	13729 : 001110000000;
	13730 : 001110101111;
	13731 : 010000001101;
	13732 : 010001101110;
	13733 : 010011000100;
	13734 : 010011100110;
	13735 : 010011001101;
	13736 : 010011101111;
	13737 : 010100011001;
	13738 : 010100011111;
	13739 : 010100110100;
	13740 : 010100010110;
	13741 : 010100110000;
	13742 : 010101000000;
	13743 : 010101011000;
	13744 : 010101011110;
	13745 : 010101101000;
	13746 : 010110010111;
	13747 : 010110100011;
	13748 : 010110110100;
	13749 : 010111100010;
	13750 : 011001001001;
	13751 : 011001011010;
	13752 : 011010000110;
	13753 : 011011011011;
	13754 : 011110010000;
	13755 : 011110111010;
	13756 : 100000110110;
	13757 : 100010000110;
	13758 : 100011011010;
	13759 : 100100100001;
	13760 : 100100101010;
	13761 : 100101110001;
	13762 : 100100011111;
	13763 : 100011001111;
	13764 : 100000011110;
	13765 : 011101001010;
	13766 : 011010011110;
	13767 : 011000011011;
	13768 : 010110111101;
	13769 : 010101000001;
	13770 : 010011110111;
	13771 : 010010111010;
	13772 : 010010010010;
	13773 : 010011000000;
	13774 : 010010110100;
	13775 : 010011000100;
	13776 : 010011110111;
	13777 : 010011001001;
	13778 : 010010111100;
	13779 : 010011000100;
	13780 : 010011010101;
	13781 : 010011111111;
	13782 : 010011110111;
	13783 : 010011110011;
	13784 : 010011101010;
	13785 : 010011010011;
	13786 : 010011000100;
	13787 : 010011001101;
	13788 : 010010100011;
	13789 : 010011000000;
	13790 : 010010000011;
	13791 : 010001111101;
	13792 : 010000110111;
	13793 : 010001001010;
	13794 : 010001010011;
	13795 : 010000110101;
	13796 : 010000110111;
	13797 : 010000111110;
	13798 : 010001001100;
	13799 : 010001011001;
	13800 : 010000110111;
	13801 : 010000111100;
	13802 : 010001100000;
	13803 : 010001101010;
	13804 : 010001100110;
	13805 : 010000111000;
	13806 : 010000111010;
	13807 : 010001001000;
	13808 : 010000111110;
	13809 : 010001000110;
	13810 : 010000010000;
	13811 : 010000001001;
	13812 : 001111111111;
	13813 : 001111101000;
	13814 : 001111100101;
	13815 : 001111111111;
	13816 : 010000001011;
	13817 : 010000100111;
	13818 : 010000110011;
	13819 : 010001010111;
	13820 : 010001101000;
	13821 : 010010011010;
	13822 : 010011101110;
	13823 : 010100001110;
	13824 : 010101011000;
	13825 : 010101000000;
	13826 : 010110110000;
	13827 : 010100001110;
	13828 : 010001100100;
	13829 : 010000001001;
	13830 : 001111001010;
	13831 : 001110000111;
	13832 : 001101011001;
	13833 : 001110001111;
	13834 : 001110100010;
	13835 : 001110000011;
	13836 : 001110011000;
	13837 : 001110100000;
	13838 : 001111001010;
	13839 : 001110110101;
	13840 : 001110100000;
	13841 : 001110000111;
	13842 : 001101000001;
	13843 : 001110010110;
	13844 : 010011011001;
	13845 : 010101101011;
	13846 : 101010010011;
	13847 : 111101110101;
	13848 : 011111001010;
	13849 : 000111100000;
	13850 : 000000000000;
	13851 : 000011100110;
	13852 : 001011011101;
	13853 : 001100100000;
	13854 : 001110001011;
	13855 : 001110101011;
	13856 : 001111100110;
	13857 : 001111110100;
	13858 : 010000011000;
	13859 : 010001001010;
	13860 : 010001001101;
	13861 : 010001100000;
	13862 : 010001010001;
	13863 : 010001100000;
	13864 : 010011000111;
	13865 : 010010010110;
	13866 : 010010011100;
	13867 : 010010010010;
	13868 : 010011101110;
	13869 : 010011001101;
	13870 : 000000000000;
	13871 : 000000000000;
	13872 : 000000000000;
	13873 : 000000000000;
	13874 : 000000000000;
	13875 : 000000000000;
	13876 : 000000000000;
	13877 : 000000000000;
	13878 : 000000000000;
	13879 : 000000000000;
	13880 : 000000000000;
	13881 : 000000000000;
	13882 : 000000000000;
	13883 : 000000000000;
	13884 : 000000000000;
	13885 : 000000000000;
	13886 : 000000000000;
	13887 : 000000000000;
	13888 : 000000000000;
	13889 : 000000000000;
	13890 : 000000000000;
	13891 : 000000000000;
	13892 : 000000000000;
	13893 : 000000000000;
	13894 : 000000000000;
	13895 : 000000000000;
	13896 : 000000000000;
	13897 : 000000000000;
	13898 : 000000000000;
	13899 : 000000000000;
	13900 : 000000000000;
	13901 : 000000000000;
	13902 : 000000000000;
	13903 : 000000000000;
	13904 : 000000000000;
	13905 : 000000000000;
	13906 : 000000000000;
	13907 : 000000000000;
	13908 : 000000000000;
	13909 : 000000000000;
	13910 : 000000000000;
	13911 : 000000000000;
	13912 : 111111111111;
	13913 : 110011010011;
	13914 : 011010000110;
	13915 : 001011001101;
	13916 : 001000001001;
	13917 : 001000000011;
	13918 : 001001010000;
	13919 : 001001000011;
	13920 : 001000110100;
	13921 : 001000101001;
	13922 : 001001000000;
	13923 : 001001010110;
	13924 : 001001101100;
	13925 : 001001101000;
	13926 : 001010011011;
	13927 : 001011001110;
	13928 : 001011001010;
	13929 : 001011001110;
	13930 : 001011111110;
	13931 : 001100010001;
	13932 : 001101110101;
	13933 : 001110111101;
	13934 : 010000000001;
	13935 : 010001001010;
	13936 : 010001110011;
	13937 : 010011000111;
	13938 : 010100000000;
	13939 : 010100101111;
	13940 : 010100000110;
	13941 : 010011110010;
	13942 : 010001010000;
	13943 : 001110110011;
	13944 : 001100110001;
	13945 : 001010111101;
	13946 : 001001000000;
	13947 : 000111111001;
	13948 : 000111111000;
	13949 : 000111011110;
	13950 : 000111000010;
	13951 : 000110101100;
	13952 : 000110010101;
	13953 : 000110110100;
	13954 : 000110111111;
	13955 : 000111011011;
	13956 : 000111000101;
	13957 : 000110110010;
	13958 : 000110101110;
	13959 : 000110101000;
	13960 : 000101110110;
	13961 : 000110001101;
	13962 : 000110000011;
	13963 : 000110010100;
	13964 : 000110010100;
	13965 : 000110110110;
	13966 : 000111011011;
	13967 : 001000011110;
	13968 : 001010000110;
	13969 : 001011011011;
	13970 : 001011001010;
	13971 : 001001101111;
	13972 : 000110010101;
	13973 : 000100101001;
	13974 : 000100000111;
	13975 : 000011101011;
	13976 : 000100000001;
	13977 : 000011010100;
	13978 : 000010111100;
	13979 : 000010100011;
	13980 : 000000000000;
	13981 : 000001000010;
	13982 : 001100011011;
	13983 : 100100111010;
	13984 : 111001101100;
	13985 : 110110111111;
	13986 : 011110100110;
	13987 : 001101000111;
	13988 : 000101110000;
	13989 : 000101001101;
	13990 : 000101101100;
	13991 : 000101010110;
	13992 : 000100110110;
	13993 : 000101011111;
	13994 : 000101111001;
	13995 : 000110100000;
	13996 : 000110110001;
	13997 : 000110111101;
	13998 : 000111001101;
	13999 : 000111110000;
	14000 : 000000000000;
	14001 : 000000000000;
	14002 : 000000000000;
	14003 : 000000000000;
	14004 : 000000000000;
	14005 : 000000000000;
	14006 : 000000000000;
	14007 : 000000000000;
	14008 : 000000000000;
	14009 : 000000000000;
	14010 : 000000000000;
	14011 : 000000000000;
	14012 : 000000000000;
	14013 : 000000000000;
	14014 : 000000000000;
	14015 : 000000000000;
	14016 : 000000000000;
	14017 : 000000000000;
	14018 : 000000000000;
	14019 : 000000000000;
	14020 : 000000000000;
	14021 : 000000000000;
	14022 : 000000000000;
	14023 : 000000000000;
	14024 : 000000000000;
	14025 : 000000000000;
	14026 : 000000000000;
	14027 : 000000000000;
	14028 : 000000000000;
	14029 : 000000000000;
	14030 : 000000000000;
	14031 : 000000000000;
	14032 : 000000000000;
	14033 : 000000000000;
	14034 : 000000000000;
	14035 : 000000000000;
	14036 : 000000000000;
	14037 : 000000000000;
	14038 : 000000000000;
	14039 : 000000000000;
	14040 : 000000000000;
	14041 : 000000000000;
	14042 : 000000000000;
	14043 : 000000000000;
	14044 : 000000000000;
	14045 : 000000000000;
	14046 : 000000000000;
	14047 : 000000000000;
	14048 : 000000000000;
	14049 : 000000000000;
	14050 : 000000000000;
	14051 : 000000000000;
	14052 : 000000000000;
	14053 : 000000000000;
	14054 : 000000000000;
	14055 : 000000000000;
	14056 : 000000000000;
	14057 : 000000000000;
	14058 : 000000000000;
	14059 : 000000000000;
	14060 : 000000000000;
	14061 : 000000000000;
	14062 : 000000000000;
	14063 : 000000000000;
	14064 : 000000000000;
	14065 : 000000000000;
	14066 : 000000000000;
	14067 : 000000000000;
	14068 : 000000000000;
	14069 : 000000000000;
	14070 : 000000000000;
	14071 : 000000000000;
	14072 : 000000000000;
	14073 : 000000000000;
	14074 : 000000000000;
	14075 : 000000000000;
	14076 : 000000000000;
	14077 : 000000000000;
	14078 : 000000000000;
	14079 : 000000000000;
	14080 : 000000000000;
	14081 : 000000000000;
	14082 : 000000000000;
	14083 : 000000000000;
	14084 : 000000000000;
	14085 : 000000000000;
	14086 : 000000000000;
	14087 : 000000000000;
	14088 : 000000000000;
	14089 : 000000000000;
	14090 : 000000000000;
	14091 : 000000000000;
	14092 : 000000000000;
	14093 : 000000000000;
	14094 : 000000000000;
	14095 : 000000000000;
	14096 : 000000000000;
	14097 : 000000000000;
	14098 : 000000000000;
	14099 : 000000000000;
	14100 : 111111111111;
	14101 : 110001000101;
	14102 : 100000001111;
	14103 : 010011110010;
	14104 : 001011100100;
	14105 : 001001000001;
	14106 : 000110011011;
	14107 : 000110001110;
	14108 : 000110010000;
	14109 : 000101100000;
	14110 : 000101111011;
	14111 : 000101110101;
	14112 : 000110001000;
	14113 : 000101100110;
	14114 : 000101101110;
	14115 : 000101110100;
	14116 : 000101110010;
	14117 : 000101100010;
	14118 : 000101110111;
	14119 : 000101100110;
	14120 : 000101110100;
	14121 : 000101111011;
	14122 : 000101111101;
	14123 : 000101110000;
	14124 : 000110011110;
	14125 : 000111010100;
	14126 : 000111110111;
	14127 : 001000010010;
	14128 : 001010010101;
	14129 : 001011010010;
	14130 : 001011111001;
	14131 : 001101001111;
	14132 : 001101111101;
	14133 : 001110010110;
	14134 : 001110001101;
	14135 : 001110001010;
	14136 : 001101001111;
	14137 : 001100000011;
	14138 : 001011001101;
	14139 : 001010000110;
	14140 : 001000110010;
	14141 : 001000011000;
	14142 : 000111111110;
	14143 : 000111011110;
	14144 : 000111010111;
	14145 : 000111011001;
	14146 : 000111001001;
	14147 : 000111010001;
	14148 : 000111011100;
	14149 : 000111001101;
	14150 : 000111100000;
	14151 : 000111100010;
	14152 : 000111001111;
	14153 : 000111110001;
	14154 : 000111111111;
	14155 : 001000010010;
	14156 : 000111111001;
	14157 : 001000011011;
	14158 : 001000011011;
	14159 : 001000010111;
	14160 : 001000011111;
	14161 : 001000000100;
	14162 : 001000011001;
	14163 : 001000011001;
	14164 : 001000000111;
	14165 : 001000100101;
	14166 : 000111111110;
	14167 : 001000000111;
	14168 : 000111011110;
	14169 : 000111101100;
	14170 : 000111100101;
	14171 : 000111001100;
	14172 : 000111001101;
	14173 : 000111011100;
	14174 : 000111010111;
	14175 : 000111010101;
	14176 : 000111001001;
	14177 : 000110111111;
	14178 : 000111100100;
	14179 : 000111000010;
	14180 : 000110110000;
	14181 : 000110111010;
	14182 : 000111001011;
	14183 : 000110111110;
	14184 : 001000000010;
	14185 : 001001001011;
	14186 : 001001000111;
	14187 : 001001000011;
	14188 : 001010111100;
	14189 : 001011011100;
	14190 : 001011101111;
	14191 : 001011101011;
	14192 : 001001000010;
	14193 : 000111000000;
	14194 : 000110010110;
	14195 : 000110000101;
	14196 : 000110000001;
	14197 : 000110000011;
	14198 : 000101111100;
	14199 : 000101110010;
	14200 : 000100111100;
	14201 : 000010101101;
	14202 : 000000000000;
	14203 : 000111001011;
	14204 : 010111000110;
	14205 : 110001101000;
	14206 : 111111000101;
	14207 : 110011011111;
	14208 : 100101000001;
	14209 : 010101100000;
	14210 : 001100001111;
	14211 : 001000001110;
	14212 : 000110110100;
	14213 : 000110000000;
	14214 : 000101110010;
	14215 : 000110000110;
	14216 : 000101110000;
	14217 : 000101111100;
	14218 : 000110010100;
	14219 : 000101111000;
	14220 : 000101110111;
	14221 : 000110000100;
	14222 : 000110001010;
	14223 : 000110010001;
	14224 : 000111001001;
	14225 : 000110101011;
	14226 : 000110110011;
	14227 : 000000000000;
	14228 : 000000000000;
	14229 : 000000000000;
	14230 : 000000000000;
	14231 : 000000000000;
	14232 : 000000000000;
	14233 : 000000000000;
	14234 : 000000000000;
	14235 : 000000000000;
	14236 : 000000000000;
	14237 : 000000000000;
	14238 : 000000000000;
	14239 : 000000000000;
	14240 : 000000000000;
	14241 : 000000000000;
	14242 : 000000000000;
	14243 : 000000000000;
	14244 : 000000000000;
	14245 : 000000000000;
	14246 : 000000000000;
	14247 : 000000000000;
	14248 : 000000000000;
	14249 : 000000000000;
	14250 : 000000000000;
	14251 : 000000000000;
	14252 : 000000000000;
	14253 : 000000000000;
	14254 : 000000000000;
	14255 : 000000000000;
	14256 : 000000000000;
	14257 : 000000000000;
	14258 : 000000000000;
	14259 : 000000000000;
	14260 : 000000000000;
	14261 : 000000000000;
	14262 : 000000000000;
	14263 : 000000000000;
	14264 : 000000000000;
	14265 : 000000000000;
	14266 : 000000000000;
	14267 : 000000000000;
	14268 : 000000000000;
	14269 : 000000000000;
	14270 : 000000000000;
	14271 : 000000000000;
	14272 : 000000000000;
	14273 : 000000000000;
	14274 : 000000000000;
	14275 : 000000000000;
	14276 : 000000000000;
	14277 : 000000000000;
	14278 : 000000000000;
	14279 : 000000000000;
	14280 : 000000000000;
	14281 : 000000000000;
	14282 : 000000000000;
	14283 : 000000000000;
	14284 : 000000000000;
	14285 : 000000000000;
	14286 : 000000000000;
	14287 : 000000000000;
	14288 : 111111001111;
	14289 : 101011101100;
	14290 : 010011101010;
	14291 : 000111110100;
	14292 : 000111011111;
	14293 : 000011000111;
	14294 : 000010111101;
	14295 : 000010010111;
	14296 : 000001110100;
	14297 : 000100000010;
	14298 : 000010001001;
	14299 : 000010100001;
	14300 : 000011001001;
	14301 : 000010001100;
	14302 : 000011001100;
	14303 : 000010000010;
	14304 : 000011001110;
	14305 : 000100110010;
	14306 : 000100000101;
	14307 : 000100111110;
	14308 : 000011110110;
	14309 : 000100000010;
	14310 : 000101011111;
	14311 : 000110000101;
	14312 : 000111010110;
	14313 : 000110100001;
	14314 : 000111011000;
	14315 : 001000010001;
	14316 : 001001000011;
	14317 : 001100000101;
	14318 : 001100100111;
	14319 : 001110101001;
	14320 : 010000000001;
	14321 : 010000100111;
	14322 : 010011011110;
	14323 : 010010010111;
	14324 : 010001010010;
	14325 : 010001111100;
	14326 : 010000000110;
	14327 : 001111011011;
	14328 : 001100010001;
	14329 : 001011110010;
	14330 : 001010110010;
	14331 : 001001011010;
	14332 : 001001101011;
	14333 : 001000000101;
	14334 : 001000010011;
	14335 : 001000000111;
	14336 : 000111010001;
	14337 : 000111111100;
	14338 : 000110111001;
	14339 : 000110111001;
	14340 : 000111010001;
	14341 : 000110101101;
	14342 : 001000011111;
	14343 : 000111101001;
	14344 : 001000010001;
	14345 : 001001000101;
	14346 : 001000011101;
	14347 : 001010101011;
	14348 : 001000011101;
	14349 : 001001001111;
	14350 : 001010000011;
	14351 : 001010110000;
	14352 : 001100001000;
	14353 : 001010000000;
	14354 : 001001111100;
	14355 : 001011110101;
	14356 : 001011010110;
	14357 : 001100100010;
	14358 : 001011011000;
	14359 : 001011101011;
	14360 : 001011001111;
	14361 : 001010000000;
	14362 : 001011010100;
	14363 : 001000000011;
	14364 : 001000110100;
	14365 : 001001000111;
	14366 : 001000001010;
	14367 : 001001011010;
	14368 : 000110110111;
	14369 : 001000011101;
	14370 : 001000011111;
	14371 : 000111010110;
	14372 : 001001001010;
	14373 : 001000000000;
	14374 : 001000001111;
	14375 : 001000111001;
	14376 : 000111101001;
	14377 : 000111111001;
	14378 : 000100101000;
	14379 : 000101110100;
	14380 : 000101100110;
	14381 : 000101001100;
	14382 : 000110101011;
	14383 : 000100100110;
	14384 : 000100101000;
	14385 : 000100101111;
	14386 : 000011001110;
	14387 : 000110011000;
	14388 : 000100000000;
	14389 : 000100111001;
	14390 : 000100011000;
	14391 : 000011011100;
	14392 : 000101101111;
	14393 : 000011001001;
	14394 : 000011011111;
	14395 : 000011111001;
	14396 : 000011011100;
	14397 : 000110010011;
	14398 : 000100100011;
	14399 : 001000110100;
	14400 : 001001010011;
	14401 : 001010001010;
	14402 : 001011001010;
	14403 : 001001100100;
	14404 : 001011110101;
	14405 : 001011010110;
	14406 : 000111110100;
	14407 : 001000001010;
	14408 : 000101111001;
	14409 : 000100101111;
	14410 : 000100111110;
	14411 : 000011111110;
	14412 : 000100110010;
	14413 : 000011011100;
	14414 : 000100100110;
	14415 : 000100011000;
	14416 : 000000000000;
	14417 : 000110011111;
	14418 : 011001000100;
	14419 : 110010001011;
	14420 : 111111111111;
	14421 : 101010111010;
	14422 : 010011001011;
	14423 : 001000000101;
	14424 : 000111110100;
	14425 : 000101100100;
	14426 : 000100101000;
	14427 : 000100111110;
	14428 : 000010111011;
	14429 : 000100000000;
	14430 : 000011011000;
	14431 : 000011011111;
	14432 : 000100111001;
	14433 : 000011011111;
	14434 : 000100011000;
	14435 : 000100000010;
	14436 : 000011111001;
	14437 : 000101111001;
	14438 : 000101001001;
	14439 : 000110101101;
	14440 : 000110110010;
	14441 : 000110011000;
	14442 : 000111101001;
	14443 : 000110110100;
	14444 : 000111011000;
	14445 : 000110111001;
	14446 : 000000000000;
	14447 : 000000000000;
	14448 : 000000000000;
	14449 : 000000000000;
	14450 : 000000000000;
	14451 : 000000000000;
	14452 : 000000000000;
	14453 : 000000000000;
	14454 : 000000000000;
	14455 : 000000000000;
	14456 : 000000000000;
	14457 : 000000000000;
	14458 : 000000000000;
	14459 : 000000000000;
	14460 : 000000000000;
	14461 : 000000000000;
	14462 : 000000000000;
	14463 : 000000000000;
	14464 : 000000000000;
	14465 : 000000000000;
	14466 : 000000000000;
	14467 : 000000000000;
	14468 : 000000000000;
	14469 : 000000000000;
	14470 : 000000000000;
	14471 : 000000000000;
	14472 : 000000000000;
	14473 : 000000000000;
	14474 : 000000000000;
	14475 : 000000000000;
	14476 : 111001001010;
	14477 : 110101011010;
	14478 : 100001111011;
	14479 : 010101010100;
	14480 : 001010101001;
	14481 : 000100110001;
	14482 : 000011001000;
	14483 : 000001110010;
	14484 : 000001010001;
	14485 : 000000110100;
	14486 : 000000100011;
	14487 : 000000110110;
	14488 : 000000111010;
	14489 : 000001100111;
	14490 : 000001100100;
	14491 : 000001100100;
	14492 : 000010001000;
	14493 : 000010000111;
	14494 : 000010110011;
	14495 : 000010110111;
	14496 : 000011100101;
	14497 : 000100001001;
	14498 : 000100110000;
	14499 : 000101100011;
	14500 : 000110010001;
	14501 : 000111001101;
	14502 : 001001010001;
	14503 : 001010000110;
	14504 : 001100001111;
	14505 : 001110011011;
	14506 : 010000100001;
	14507 : 010001100100;
	14508 : 010010010101;
	14509 : 010011000001;
	14510 : 010011011001;
	14511 : 010010000111;
	14512 : 001111011001;
	14513 : 001100100101;
	14514 : 001001111000;
	14515 : 001000010000;
	14516 : 000110101100;
	14517 : 000101101111;
	14518 : 000101100111;
	14519 : 000101000100;
	14520 : 000100111000;
	14521 : 000101000000;
	14522 : 000100101110;
	14523 : 000100100100;
	14524 : 000100011001;
	14525 : 000100100000;
	14526 : 000100011110;
	14527 : 000100000110;
	14528 : 000011111001;
	14529 : 000100100000;
	14530 : 000100100100;
	14531 : 000100011001;
	14532 : 000100011100;
	14533 : 000100010101;
	14534 : 000100100100;
	14535 : 000100110000;
	14536 : 000011111011;
	14537 : 000100011110;
	14538 : 000011111000;
	14539 : 000100001001;
	14540 : 000011111000;
	14541 : 000011110110;
	14542 : 000100000000;
	14543 : 000011100000;
	14544 : 000011010000;
	14545 : 000011101010;
	14546 : 000011100000;
	14547 : 000011010101;
	14548 : 000011101101;
	14549 : 000100001011;
	14550 : 000011100010;
	14551 : 000011100000;
	14552 : 000011100011;
	14553 : 000011011010;
	14554 : 000011100011;
	14555 : 000011101010;
	14556 : 000011100101;
	14557 : 000011101000;
	14558 : 000011100101;
	14559 : 000011101010;
	14560 : 000011011000;
	14561 : 000011101110;
	14562 : 000011101011;
	14563 : 000011011000;
	14564 : 000011010010;
	14565 : 000100001101;
	14566 : 000100000110;
	14567 : 000101100100;
	14568 : 000110001110;
	14569 : 000111000010;
	14570 : 001000100101;
	14571 : 001011000001;
	14572 : 001011000111;
	14573 : 001010001100;
	14574 : 001001101011;
	14575 : 001000000000;
	14576 : 001000100010;
	14577 : 000110011111;
	14578 : 000101100111;
	14579 : 000100010000;
	14580 : 000011001110;
	14581 : 000011001000;
	14582 : 000010101111;
	14583 : 000010101000;
	14584 : 000010100010;
	14585 : 000000000000;
	14586 : 000011111011;
	14587 : 001101110101;
	14588 : 101001111100;
	14589 : 111011101101;
	14590 : 111111111111;
	14591 : 111001000100;
	14592 : 100011001110;
	14593 : 010110001001;
	14594 : 001101010010;
	14595 : 001001001001;
	14596 : 000110111010;
	14597 : 000110010111;
	14598 : 000101100111;
	14599 : 000101011100;
	14600 : 000101001110;
	14601 : 000101001100;
	14602 : 000101100001;
	14603 : 000101001111;
	14604 : 000101110001;
	14605 : 000110000100;
	14606 : 000110001001;
	14607 : 000110010101;
	14608 : 000110100111;
	14609 : 000111000111;
	14610 : 000111011010;
	14611 : 001000000101;
	14612 : 001001001011;
	14613 : 001001101110;
	14614 : 001010101001;
	14615 : 001011111111;
	14616 : 001101100010;
	14617 : 001111010111;
	14618 : 010001010101;
	14619 : 010011001110;
	14620 : 010101000111;
	14621 : 010110001001;
	14622 : 010111101011;
	14623 : 011000010001;
	14624 : 010111111000;
	14625 : 010101110010;
	14626 : 010011000000;
	14627 : 000000000000;
	14628 : 000000000000;
	14629 : 000000000000;
	14630 : 000000000000;
	14631 : 000000000000;
	14632 : 000000000000;
	14633 : 000000000000;
	14634 : 000000000000;
	14635 : 000000000000;
	14636 : 000000000000;
	14637 : 000000000000;
	14638 : 000000000000;
	14639 : 000000000000;
	14640 : 000000000000;
	14641 : 000000000000;
	14642 : 000000000000;
	14643 : 000000000000;
	14644 : 000000000000;
	14645 : 000000000000;
	14646 : 000000000000;
	14647 : 000000000000;
	14648 : 000000000000;
	14649 : 000000000000;
	14650 : 000000000000;
	14651 : 000000000000;
	14652 : 000000000000;
	14653 : 000000000000;
	14654 : 000000000000;
	14655 : 000000000000;
	14656 : 000000000000;
	14657 : 000000000000;
	14658 : 000000000000;
	14659 : 000000000000;
	14660 : 000000000000;
	14661 : 000000000000;
	14662 : 000000000000;
	14663 : 000000000000;
	14664 : 111111111111;
	14665 : 111100001111;
	14666 : 101100101010;
	14667 : 011100010001;
	14668 : 010010001001;
	14669 : 001011100000;
	14670 : 001010000000;
	14671 : 001000000000;
	14672 : 000110011100;
	14673 : 000111001110;
	14674 : 000110101011;
	14675 : 000110100010;
	14676 : 000110001110;
	14677 : 000110011111;
	14678 : 000110101000;
	14679 : 000110010100;
	14680 : 000110001110;
	14681 : 000110101010;
	14682 : 000110100001;
	14683 : 000110010111;
	14684 : 000110010111;
	14685 : 000110011010;
	14686 : 000110111110;
	14687 : 000110100111;
	14688 : 000110101111;
	14689 : 000111101000;
	14690 : 000111110001;
	14691 : 001000110110;
	14692 : 001001011011;
	14693 : 001010001111;
	14694 : 001011011010;
	14695 : 001101010010;
	14696 : 001101010010;
	14697 : 001101111110;
	14698 : 001111000111;
	14699 : 001111011101;
	14700 : 001111000010;
	14701 : 001110001000;
	14702 : 001101000011;
	14703 : 001011110000;
	14704 : 001010011101;
	14705 : 001001010110;
	14706 : 001000111101;
	14707 : 001000011110;
	14708 : 001000001011;
	14709 : 000111111111;
	14710 : 000111100100;
	14711 : 000111111011;
	14712 : 000111111100;
	14713 : 000111111100;
	14714 : 000111110110;
	14715 : 001000000111;
	14716 : 001000010100;
	14717 : 001000011101;
	14718 : 001000010000;
	14719 : 001000001111;
	14720 : 001000110101;
	14721 : 001000110110;
	14722 : 001000111110;
	14723 : 001000100111;
	14724 : 001000110001;
	14725 : 001000100110;
	14726 : 001000011100;
	14727 : 001000101010;
	14728 : 001000000010;
	14729 : 001000010000;
	14730 : 001000110100;
	14731 : 001000001110;
	14732 : 001000000000;
	14733 : 001000001011;
	14734 : 001000000010;
	14735 : 000111111000;
	14736 : 000111101100;
	14737 : 000111111010;
	14738 : 000111110010;
	14739 : 001000111101;
	14740 : 001001100101;
	14741 : 001001011110;
	14742 : 001001011001;
	14743 : 001010111010;
	14744 : 001100010001;
	14745 : 001100100010;
	14746 : 001011100011;
	14747 : 001000101010;
	14748 : 000111110111;
	14749 : 000110111001;
	14750 : 000110011101;
	14751 : 000101111100;
	14752 : 000101101111;
	14753 : 000110011100;
	14754 : 000110010010;
	14755 : 000101000000;
	14756 : 000010011011;
	14757 : 000000000000;
	14758 : 001000000100;
	14759 : 010111000001;
	14760 : 110001111111;
	14761 : 111100111001;
	14762 : 110001101101;
	14763 : 100011010110;
	14764 : 010100101110;
	14765 : 001011001000;
	14766 : 001000100011;
	14767 : 000110111011;
	14768 : 000101100100;
	14769 : 000101000100;
	14770 : 000100101000;
	14771 : 000100111101;
	14772 : 000100110100;
	14773 : 000100100111;
	14774 : 000100100001;
	14775 : 000100010101;
	14776 : 000101001100;
	14777 : 000100101011;
	14778 : 000100010111;
	14779 : 000011101010;
	14780 : 000101010010;
	14781 : 000100111111;
	14782 : 000101000111;
	14783 : 000101011011;
	14784 : 000101101101;
	14785 : 000101010000;
	14786 : 000110001011;
	14787 : 000000000000;
	14788 : 000000000000;
	14789 : 000000000000;
	14790 : 000000000000;
	14791 : 000000000000;
	14792 : 000000000000;
	14793 : 000000000000;
	14794 : 000000000000;
	14795 : 000000000000;
	14796 : 000000000000;
	14797 : 000000000000;
	14798 : 000000000000;
	14799 : 000000000000;
	14800 : 000000000000;
	14801 : 000000000000;
	14802 : 000000000000;
	14803 : 000000000000;
	14804 : 000000000000;
	14805 : 000000000000;
	14806 : 000000000000;
	14807 : 000000000000;
	14808 : 000000000000;
	14809 : 000000000000;
	14810 : 000000000000;
	14811 : 000000000000;
	14812 : 000000000000;
	14813 : 000000000000;
	14814 : 000000000000;
	14815 : 000000000000;
	14816 : 000000000000;
	14817 : 000000000000;
	14818 : 000000000000;
	14819 : 000000000000;
	14820 : 000000000000;
	14821 : 000000000000;
	14822 : 000000000000;
	14823 : 000000000000;
	14824 : 000000000000;
	14825 : 000000000000;
	14826 : 000000000000;
	14827 : 000000000000;
	14828 : 000000000000;
	14829 : 000000000000;
	14830 : 000000000000;
	14831 : 000000000000;
	14832 : 000000000000;
	14833 : 000000000000;
	14834 : 000000000000;
	14835 : 000000000000;
	14836 : 000000000000;
	14837 : 000000000000;
	14838 : 000000000000;
	14839 : 000000000000;
	14840 : 000000000000;
	14841 : 000000000000;
	14842 : 000000000000;
	14843 : 000000000000;
	14844 : 000000000000;
	14845 : 000000000000;
	14846 : 000000000000;
	14847 : 000000000000;
	14848 : 000000000000;
	14849 : 000000000000;
	14850 : 000000000000;
	14851 : 000000000000;
	14852 : 111100011100;
	14853 : 101100110100;
	14854 : 001110011111;
	14855 : 000101101100;
	14856 : 000000011111;
	14857 : 000011100111;
	14858 : 000101011010;
	14859 : 000100110000;
	14860 : 000100011001;
	14861 : 000101101010;
	14862 : 000101101111;
	14863 : 000101111001;
	14864 : 000101100100;
	14865 : 000101011111;
	14866 : 000110100011;
	14867 : 000110011110;
	14868 : 000111000111;
	14869 : 001000001000;
	14870 : 000111111011;
	14871 : 000111010111;
	14872 : 001000100011;
	14873 : 001001011100;
	14874 : 001011001100;
	14875 : 001100010000;
	14876 : 001111001001;
	14877 : 010000000010;
	14878 : 010001101010;
	14879 : 010011110100;
	14880 : 010101011111;
	14881 : 011001010110;
	14882 : 011100000101;
	14883 : 011100110100;
	14884 : 011110110110;
	14885 : 011110111110;
	14886 : 011100101111;
	14887 : 011010001010;
	14888 : 010110111111;
	14889 : 010100011110;
	14890 : 010000111001;
	14891 : 001110111110;
	14892 : 001100111001;
	14893 : 001010110100;
	14894 : 001011000111;
	14895 : 001000101101;
	14896 : 001000100000;
	14897 : 001000010110;
	14898 : 001000001110;
	14899 : 001000101101;
	14900 : 000111100111;
	14901 : 000111111011;
	14902 : 000111100001;
	14903 : 000110011000;
	14904 : 000111001101;
	14905 : 000101101111;
	14906 : 000111001101;
	14907 : 000110010011;
	14908 : 000111110001;
	14909 : 000111001111;
	14910 : 000111010111;
	14911 : 000110110011;
	14912 : 000110111101;
	14913 : 000101110001;
	14914 : 001000100000;
	14915 : 000111111001;
	14916 : 000111101100;
	14917 : 000111010010;
	14918 : 000111000111;
	14919 : 000110101011;
	14920 : 000111000000;
	14921 : 000111100100;
	14922 : 000111001010;
	14923 : 001000010000;
	14924 : 000111010010;
	14925 : 001000010110;
	14926 : 000111110100;
	14927 : 000110100011;
	14928 : 000110101011;
	14929 : 000111010010;
	14930 : 000111100111;
	14931 : 000110101000;
	14932 : 000111100001;
	14933 : 000110101101;
	14934 : 001001000100;
	14935 : 000111000010;
	14936 : 000111111001;
	14937 : 001000010110;
	14938 : 001000111010;
	14939 : 001100011111;
	14940 : 001110000010;
	14941 : 001110010100;
	14942 : 001110011010;
	14943 : 010001000011;
	14944 : 010001011101;
	14945 : 001111110010;
	14946 : 001110010100;
	14947 : 001110111100;
	14948 : 001010100101;
	14949 : 000111101100;
	14950 : 000110111010;
	14951 : 000101110100;
	14952 : 000110000100;
	14953 : 000110100000;
	14954 : 000110011011;
	14955 : 000110101101;
	14956 : 000111010111;
	14957 : 001000110111;
	14958 : 001000100000;
	14959 : 000000000000;
	14960 : 000101100010;
	14961 : 101001110101;
	14962 : 111111111111;
	14963 : 110011010010;
	14964 : 010100011001;
	14965 : 001001100001;
	14966 : 000101010000;
	14967 : 000110011011;
	14968 : 001000011011;
	14969 : 000111111001;
	14970 : 001000011000;
	14971 : 001000001011;
	14972 : 001000000011;
	14973 : 001000101000;
	14974 : 001000111101;
	14975 : 001001000111;
	14976 : 001001000111;
	14977 : 001000001110;
	14978 : 001001110001;
	14979 : 001010010011;
	14980 : 001010110100;
	14981 : 001010111010;
	14982 : 001011001100;
	14983 : 001100100100;
	14984 : 000000000000;
	14985 : 000000000000;
	14986 : 000000000000;
	14987 : 000000000000;
	14988 : 000000000000;
	14989 : 000000000000;
	14990 : 000000000000;
	14991 : 000000000000;
	14992 : 000000000000;
	14993 : 000000000000;
	14994 : 000000000000;
	14995 : 000000000000;
	14996 : 000000000000;
	14997 : 000000000000;
	14998 : 000000000000;
	14999 : 000000000000;
	15000 : 000000000000;
	15001 : 000000000000;
	15002 : 000000000000;
	15003 : 000000000000;
	15004 : 000000000000;
	15005 : 000000000000;
	15006 : 000000000000;
	15007 : 000000000000;
	15008 : 000000000000;
	15009 : 000000000000;
	15010 : 000000000000;
	15011 : 000000000000;
	15012 : 000000000000;
	15013 : 000000000000;
	15014 : 000000000000;
	15015 : 000000000000;
	15016 : 000000000000;
	15017 : 000000000000;
	15018 : 000000000000;
	15019 : 000000000000;
	15020 : 000000000000;
	15021 : 000000000000;
	15022 : 000000000000;
	15023 : 000000000000;
	15024 : 000000000000;
	15025 : 000000000000;
	15026 : 000000000000;
	15027 : 000000000000;
	15028 : 000000000000;
	15029 : 000000000000;
	15030 : 000000000000;
	15031 : 000000000000;
	15032 : 000000000000;
	15033 : 000000000000;
	15034 : 000000000000;
	15035 : 000000000000;
	15036 : 000000000000;
	15037 : 000000000000;
	15038 : 000000000000;
	15039 : 000000000000;
	15040 : 000000000000;
	15041 : 000000000000;
	15042 : 000000000000;
	15043 : 000000000000;
	15044 : 000000000000;
	15045 : 000000000000;
	15046 : 000000000000;
	15047 : 000000000000;
	15048 : 000000000000;
	15049 : 000000000000;
	15050 : 000000000000;
	15051 : 000000000000;
	15052 : 000000000000;
	15053 : 000000000000;
	15054 : 000000000000;
	15055 : 000000000000;
	15056 : 000000000000;
	15057 : 000000000000;
	15058 : 000000000000;
	15059 : 000000000000;
	15060 : 000000000000;
	15061 : 000000000000;
	15062 : 000000000000;
	15063 : 000000000000;
	15064 : 000000000000;
	15065 : 000000000000;
	15066 : 000000000000;
	15067 : 000000000000;
	15068 : 000000000000;
	15069 : 000000000000;
	15070 : 000000000000;
	15071 : 000000000000;
	15072 : 000000000000;
	15073 : 000000000000;
	15074 : 000000000000;
	15075 : 000000000000;
	15076 : 000000000000;
	15077 : 000000000000;
	15078 : 000000000000;
	15079 : 000000000000;
	15080 : 000000000000;
	15081 : 000000000000;
	15082 : 000000000000;
	15083 : 000000000000;
	15084 : 000000000000;
	15085 : 000000000000;
	15086 : 000000000000;
	15087 : 000000000000;
	15088 : 000000000000;
	15089 : 000000000000;
	15090 : 000000000000;
	15091 : 000000000000;
	15092 : 000000000000;
	15093 : 000000000000;
	15094 : 000000000000;
	15095 : 000000000000;
	15096 : 000000000000;
	15097 : 000000000000;
	15098 : 000000000000;
	15099 : 000000000000;
	15100 : 000000000000;
	15101 : 000000000000;
	15102 : 000000000000;
	15103 : 000000000000;
	15104 : 000000000000;
	15105 : 000000000000;
	15106 : 000000000000;
	15107 : 000000000000;
	15108 : 000000000000;
	15109 : 000000000000;
	15110 : 000000000000;
	15111 : 000000000000;
	15112 : 000000000000;
	15113 : 000000000000;
	15114 : 000000000000;
	15115 : 000000000000;
	15116 : 000000000000;
	15117 : 000000000000;
	15118 : 000000000000;
	15119 : 000000000000;
	15120 : 000000000000;
	15121 : 000000000000;
	15122 : 000000000000;
	15123 : 000000000000;
	15124 : 000000000000;
	15125 : 000000000000;
	15126 : 000000000000;
	15127 : 000000000000;
	15128 : 000000000000;
	15129 : 000000000000;
	15130 : 000000000000;
	15131 : 000000000000;
	15132 : 000000000000;
	15133 : 000000000000;
	15134 : 000000000000;
	15135 : 000000000000;
	15136 : 000000000000;
	15137 : 000000000000;
	15138 : 000000000000;
	15139 : 000000000000;
	15140 : 000000000000;
	15141 : 000000000000;
	15142 : 000000000000;
	15143 : 000000000000;
	15144 : 000000000000;
	15145 : 000000000000;
	15146 : 000000000000;
	15147 : 000000000000;
	15148 : 000000000000;
	15149 : 000000000000;
	15150 : 000000000000;
	15151 : 000000000000;
	15152 : 000000000000;
	15153 : 000000000000;
	15154 : 000000000000;
	15155 : 000000000000;
	15156 : 000000000000;
	15157 : 000000000000;
	15158 : 000000000000;
	15159 : 000000000000;
	15160 : 000000000000;
	15161 : 000000000000;
	15162 : 000000000000;
	15163 : 000000000000;
	15164 : 000000000000;
	15165 : 000000000000;
	15166 : 000000000000;
	15167 : 000000000000;
	15168 : 000000000000;
	15169 : 000000000000;
	15170 : 000000000000;
	15171 : 000000000000;
	15172 : 000000000000;
	15173 : 000000000000;
	15174 : 000000000000;
	15175 : 000000000000;
	15176 : 000000000000;
	15177 : 000000000000;
	15178 : 000000000000;
	15179 : 000000000000;
	15180 : 000000000000;
	15181 : 000000000000;
	15182 : 000000000000;
	15183 : 000000000000;
	15184 : 000000000000;
	15185 : 000000000000;
	15186 : 000000000000;
	15187 : 000000000000;
	15188 : 000000000000;
	15189 : 000000000000;
	15190 : 000000000000;
	15191 : 000000000000;
	15192 : 000000000000;
	15193 : 000000000000;
	15194 : 000000000000;
	15195 : 000000000000;
	15196 : 000000000000;
	15197 : 000000000000;
	15198 : 000000000000;
	15199 : 000000000000;
	15200 : 000000000000;
	15201 : 000000000000;
	15202 : 000000000000;
	15203 : 000000000000;
	15204 : 000000000000;
	15205 : 000000000000;
	15206 : 000000000000;
	15207 : 000000000000;
	15208 : 000000000000;
	15209 : 000000000000;
	15210 : 000000000000;
	15211 : 000000000000;
	15212 : 000000000000;
	15213 : 000000000000;
	15214 : 000000000000;
	15215 : 000000000000;
	15216 : 000000000000;
	15217 : 000000000000;
	15218 : 000000000000;
	15219 : 000000000000;
	15220 : 000000000000;
	15221 : 000000000000;
	15222 : 000000000000;
	15223 : 000000000000;
	15224 : 000000000000;
	15225 : 000000000000;
	15226 : 000000000000;
	15227 : 000000000000;
	15228 : 000000000000;
	15229 : 000000000000;
	15230 : 000000000000;
	15231 : 000000000000;
	15232 : 000000000000;
	15233 : 000000000000;
	15234 : 000000000000;
	15235 : 000000000000;
	15236 : 000000000000;
	15237 : 000000000000;
	15238 : 000000000000;
	15239 : 000000000000;
	15240 : 000000000000;
	15241 : 000000000000;
	15242 : 000000000000;
	15243 : 000000000000;
	15244 : 000000000000;
	15245 : 000000000000;
	15246 : 000000000000;
	15247 : 000000000000;
	15248 : 000000000000;
	15249 : 000000000000;
	15250 : 000000000000;
	15251 : 000000000000;
	15252 : 000000000000;
	15253 : 000000000000;
	15254 : 000000000000;
	15255 : 000000000000;
	15256 : 000000000000;
	15257 : 000000000000;
	15258 : 000000000000;
	15259 : 000000000000;
	15260 : 000000000000;
	15261 : 000000000000;
	15262 : 000000000000;
	15263 : 000000000000;
	15264 : 000000000000;
	15265 : 000000000000;
	15266 : 000000000000;
	15267 : 000000000000;
	15268 : 000000000000;
	15269 : 000000000000;
	15270 : 000000000000;
	15271 : 000000000000;
	15272 : 000000000000;
	15273 : 000000000000;
	15274 : 000000000000;
	15275 : 000000000000;
	15276 : 000000000000;
	15277 : 000000000000;
	15278 : 000000000000;
	15279 : 000000000000;
	15280 : 000000000000;
	15281 : 000000000000;
	15282 : 000000000000;
	15283 : 000000000000;
	15284 : 000000000000;
	15285 : 000000000000;
	15286 : 000000000000;
	15287 : 000000000000;
	15288 : 000000000000;
	15289 : 000000000000;
	15290 : 000000000000;
	15291 : 000000000000;
	15292 : 000000000000;
	15293 : 000000000000;
	15294 : 000000000000;
	15295 : 000000000000;
	15296 : 000000000000;
	15297 : 000000000000;
	15298 : 000000000000;
	15299 : 000000000000;
	15300 : 000000000000;
	15301 : 000000000000;
	15302 : 000000000000;
	15303 : 000000000000;
	15304 : 000000000000;
	15305 : 000000000000;
	15306 : 000000000000;
	15307 : 000000000000;
	15308 : 000000000000;
	15309 : 000000000000;
	15310 : 000000000000;
	15311 : 000000000000;
	15312 : 000000000000;
	15313 : 000000000000;
	15314 : 000000000000;
	15315 : 000000000000;
	15316 : 000000000000;
	15317 : 000000000000;
	15318 : 000000000000;
	15319 : 000000000000;
	15320 : 000000000000;
	15321 : 000000000000;
	15322 : 000000000000;
	15323 : 000000000000;
	15324 : 000000000000;
	15325 : 000000000000;
	15326 : 000000000000;
	15327 : 000000000000;
	15328 : 000000000000;
	15329 : 000000000000;
	15330 : 000000000000;
	15331 : 000000000000;
	15332 : 000000000000;
	15333 : 000000000000;
	15334 : 000000000000;
	15335 : 000000000000;
	15336 : 000000000000;
	15337 : 000000000000;
	15338 : 000000000000;
	15339 : 000000000000;
	15340 : 000000000000;
	15341 : 000000000000;
	15342 : 000000000000;
	15343 : 000000000000;
	15344 : 000000000000;
	15345 : 000000000000;
	15346 : 000000000000;
	15347 : 000000000000;
	15348 : 000000000000;
	15349 : 000000000000;
	15350 : 000000000000;
	15351 : 000000000000;
	15352 : 000000000000;
	15353 : 000000000000;
	15354 : 000000000000;
	15355 : 000000000000;
	15356 : 000000000000;
	15357 : 000000000000;
	15358 : 000000000000;
	15359 : 000000000000;
	15360 : 000000000000;
	15361 : 000000000000;
	15362 : 000000000000;
	15363 : 000000000000;
	15364 : 000000000000;
	15365 : 000000000000;
	15366 : 000000000000;
	15367 : 000000000000;
	15368 : 000000000000;
	15369 : 000000000000;
	15370 : 000000000000;
	15371 : 000000000000;
	15372 : 000000000000;
	15373 : 000000000000;
	15374 : 000000000000;
	15375 : 000000000000;
	15376 : 000000000000;
	15377 : 000000000000;
	15378 : 000000000000;
	15379 : 000000000000;
	15380 : 000000000000;
	15381 : 000000000000;
	15382 : 000000000000;
	15383 : 000000000000;
	15384 : 000000000000;
	15385 : 000000000000;
	15386 : 000000000000;
	15387 : 000000000000;
	15388 : 000000000000;
	15389 : 000000000000;
	15390 : 000000000000;
	15391 : 000000000000;
	15392 : 000000000000;
	15393 : 000000000000;
	15394 : 000000000000;
	15395 : 000000000000;
	15396 : 000000000000;
	15397 : 000000000000;
	15398 : 000000000000;
	15399 : 000000000000;
	15400 : 000000000000;
	15401 : 000000000000;
	15402 : 000000000000;
	15403 : 000000000000;
	15404 : 000000000000;
	15405 : 000000000000;
	15406 : 000000000000;
	15407 : 000000000000;
	15408 : 000000000000;
	15409 : 000000000000;
	15410 : 000000000000;
	15411 : 000000000000;
	15412 : 000000000000;
	15413 : 000000000000;
	15414 : 000000000000;
	15415 : 000000000000;
	15416 : 000000000000;
	15417 : 000000000000;
	15418 : 000000000000;
	15419 : 000000000000;
	15420 : 000000000000;
	15421 : 000000000000;
	15422 : 000000000000;
	15423 : 000000000000;
	15424 : 000000000000;
	15425 : 000000000000;
	15426 : 000000000000;
	15427 : 000000000000;
	15428 : 000000000000;
	15429 : 000000000000;
	15430 : 000000000000;
	15431 : 000000000000;
	15432 : 000000000000;
	15433 : 000000000000;
	15434 : 000000000000;
	15435 : 000000000000;
	15436 : 000000000000;
	15437 : 000000000000;
	15438 : 000000000000;
	15439 : 000000000000;
	15440 : 000000000000;
	15441 : 000000000000;
	15442 : 000000000000;
	15443 : 000000000000;
	15444 : 000000000000;
	15445 : 000000000000;
	15446 : 000000000000;
	15447 : 000000000000;
	15448 : 000000000000;
	15449 : 000000000000;
	15450 : 000000000000;
	15451 : 000000000000;
	15452 : 000000000000;
	15453 : 000000000000;
	15454 : 000000000000;
	15455 : 000000000000;
	15456 : 000000000000;
	15457 : 000000000000;
	15458 : 000000000000;
	15459 : 000000000000;
	15460 : 000000000000;
	15461 : 000000000000;
	15462 : 000000000000;
	15463 : 000000000000;
	15464 : 000000000000;
	15465 : 000000000000;
	15466 : 000000000000;
	15467 : 000000000000;
	15468 : 000000000000;
	15469 : 000000000000;
	15470 : 000000000000;
	15471 : 000000000000;
	15472 : 000000000000;
	15473 : 000000000000;
	15474 : 000000000000;
	15475 : 000000000000;
	15476 : 000000000000;
	15477 : 000000000000;
	15478 : 000000000000;
	15479 : 000000000000;
	15480 : 000000000000;
	15481 : 000000000000;
	15482 : 000000000000;
	15483 : 000000000000;
	15484 : 000000000000;
	15485 : 000000000000;
	15486 : 000000000000;
	15487 : 000000000000;
	15488 : 000000000000;
	15489 : 000000000000;
	15490 : 000000000000;
	15491 : 000000000000;
	15492 : 000000000000;
	15493 : 000000000000;
	15494 : 000000000000;
	15495 : 000000000000;
	15496 : 000000000000;
	15497 : 000000000000;
	15498 : 000000000000;
	15499 : 000000000000;
	15500 : 000000000000;
	15501 : 000000000000;
	15502 : 000000000000;
	15503 : 000000000000;
	15504 : 000000000000;
	15505 : 000000000000;
	15506 : 000000000000;
	15507 : 000000000000;
	15508 : 000000000000;
	15509 : 000000000000;
	15510 : 000000000000;
	15511 : 000000000000;
	15512 : 000000000000;
	15513 : 000000000000;
	15514 : 000000000000;
	15515 : 000000000000;
	15516 : 000000000000;
	15517 : 000000000000;
	15518 : 000000000000;
	15519 : 000000000000;
	15520 : 000000000000;
	15521 : 000000000000;
	15522 : 000000000000;
	15523 : 000000000000;
	15524 : 000000000000;
	15525 : 000000000000;
	15526 : 000000000000;
	15527 : 000000000000;
	15528 : 000000000000;
	15529 : 000000000000;
	15530 : 000000000000;
	15531 : 000000000000;
	15532 : 000000000000;
	15533 : 000000000000;
	15534 : 000000000000;
	15535 : 000000000000;
	15536 : 000000000000;
	15537 : 000000000000;
	15538 : 000000000000;
	15539 : 000000000000;
	15540 : 000000000000;
	15541 : 000000000000;
	15542 : 000000000000;
	15543 : 000000000000;
	15544 : 000000000000;
	15545 : 000000000000;
	15546 : 000000000000;
	15547 : 000000000000;
	15548 : 000000000000;
	15549 : 000000000000;
	15550 : 000000000000;
	15551 : 000000000000;
	15552 : 000000000000;
	15553 : 000000000000;
	15554 : 000000000000;
	15555 : 000000000000;
	15556 : 000000000000;
	15557 : 000000000000;
	15558 : 000000000000;
	15559 : 000000000000;
	15560 : 000000000000;
	15561 : 000000000000;
	15562 : 000000000000;
	15563 : 000000000000;
	15564 : 000000000000;
	15565 : 000000000000;
	15566 : 000000000000;
	15567 : 000000000000;
	15568 : 000000000000;
	15569 : 000000000000;
	15570 : 000000000000;
	15571 : 000000000000;
	15572 : 000000000000;
	15573 : 000000000000;
	15574 : 000000000000;
	15575 : 000000000000;
	15576 : 000000000000;
	15577 : 000000000000;
	15578 : 000000000000;
	15579 : 000000000000;
	15580 : 000000000000;
	15581 : 000000000000;
	15582 : 000000000000;
	15583 : 000000000000;
	15584 : 000000000000;
	15585 : 000000000000;
	15586 : 000000000000;
	15587 : 000000000000;
	15588 : 000000000000;
	15589 : 000000000000;
	15590 : 000000000000;
	15591 : 000000000000;
	15592 : 000000000000;
	15593 : 000000000000;
	15594 : 000000000000;
	15595 : 000000000000;
	15596 : 000000000000;
	15597 : 000000000000;
	15598 : 000000000000;
	15599 : 000000000000;
	15600 : 000000000000;
	15601 : 000000000000;
	15602 : 000000000000;
	15603 : 000000000000;
	15604 : 000000000000;
	15605 : 000000000000;
	15606 : 000000000000;
	15607 : 000000000000;
	15608 : 000000000000;
	15609 : 000000000000;
	15610 : 000000000000;
	15611 : 000000000000;
	15612 : 000000000000;
	15613 : 000000000000;
	15614 : 000000000000;
	15615 : 000000000000;
	15616 : 000000000000;
	15617 : 000000000000;
	15618 : 000000000000;
	15619 : 000000000000;
	15620 : 000000000000;
	15621 : 000000000000;
	15622 : 000000000000;
	15623 : 000000000000;
	15624 : 000000000000;
	15625 : 000000000000;
	15626 : 000000000000;
	15627 : 000000000000;
	15628 : 000000000000;
	15629 : 000000000000;
	15630 : 000000000000;
	15631 : 000000000000;
	15632 : 000000000000;
	15633 : 000000000000;
	15634 : 000000000000;
	15635 : 000000000000;
	15636 : 000000000000;
	15637 : 000000000000;
	15638 : 000000000000;
	15639 : 000000000000;
	15640 : 000000000000;
	15641 : 000000000000;
	15642 : 000000000000;
	15643 : 000000000000;
	15644 : 000000000000;
	15645 : 000000000000;
	15646 : 000000000000;
	15647 : 000000000000;
	15648 : 000000000000;
	15649 : 000000000000;
	15650 : 000000000000;
	15651 : 000000000000;
	15652 : 000000000000;
	15653 : 000000000000;
	15654 : 000000000000;
	15655 : 000000000000;
	15656 : 000000000000;
	15657 : 000000000000;
	15658 : 000000000000;
	15659 : 000000000000;
	15660 : 000000000000;
	15661 : 000000000000;
	15662 : 000000000000;
	15663 : 000000000000;
	15664 : 000000000000;
	15665 : 000000000000;
	15666 : 000000000000;
	15667 : 000000000000;
	15668 : 000000000000;
	15669 : 000000000000;
	15670 : 000000000000;
	15671 : 000000000000;
	15672 : 000000000000;
	15673 : 000000000000;
	15674 : 000000000000;
	15675 : 000000000000;
	15676 : 000000000000;
	15677 : 000000000000;
	15678 : 000000000000;
	15679 : 000000000000;
	15680 : 000000000000;
	15681 : 000000000000;
	15682 : 000000000000;
	15683 : 000000000000;
	15684 : 000000000000;
	15685 : 000000000000;
	15686 : 000000000000;
	15687 : 000000000000;
	15688 : 000000000000;
	15689 : 000000000000;
	15690 : 000000000000;
	15691 : 000000000000;
	15692 : 000000000000;
	15693 : 000000000000;
	15694 : 000000000000;
	15695 : 000000000000;
	15696 : 000000000000;
	15697 : 000000000000;
	15698 : 000000000000;
	15699 : 000000000000;
	15700 : 000000000000;
	15701 : 000000000000;
	15702 : 000000000000;
	15703 : 000000000000;
	15704 : 000000000000;
	15705 : 000000000000;
	15706 : 000000000000;
	15707 : 000000000000;
	15708 : 000000000000;
	15709 : 000000000000;
	15710 : 000000000000;
	15711 : 000000000000;
	15712 : 000000000000;
	15713 : 000000000000;
	15714 : 000000000000;
	15715 : 000000000000;
	15716 : 000000000000;
	15717 : 000000000000;
	15718 : 000000000000;
	15719 : 000000000000;
	15720 : 000000000000;
	15721 : 000000000000;
	15722 : 000000000000;
	15723 : 000000000000;
	15724 : 000000000000;
	15725 : 000000000000;
	15726 : 000000000000;
	15727 : 000000000000;
	15728 : 000000000000;
	15729 : 000000000000;
	15730 : 000000000000;
	15731 : 000000000000;
	15732 : 000000000000;
	15733 : 000000000000;
	15734 : 000000000000;
	15735 : 000000000000;
	15736 : 000000000000;
	15737 : 000000000000;
	15738 : 000000000000;
	15739 : 000000000000;
	15740 : 000000000000;
	15741 : 000000000000;
	15742 : 000000000000;
	15743 : 000000000000;
	15744 : 000000000000;
	15745 : 000000000000;
	15746 : 000000000000;
	15747 : 000000000000;
	15748 : 000000000000;
	15749 : 000000000000;
	15750 : 000000000000;
	15751 : 000000000000;
	15752 : 000000000000;
	15753 : 000000000000;
	15754 : 000000000000;
	15755 : 000000000000;
	15756 : 000000000000;
	15757 : 000000000000;
	15758 : 000000000000;
	15759 : 000000000000;
	15760 : 000000000000;
	15761 : 000000000000;
	15762 : 000000000000;
	15763 : 000000000000;
	15764 : 000000000000;
	15765 : 000000000000;
	15766 : 000000000000;
	15767 : 000000000000;
	15768 : 000000000000;
	15769 : 000000000000;
	15770 : 000000000000;
	15771 : 000000000000;
	15772 : 000000000000;
	15773 : 000000000000;
	15774 : 000000000000;
	15775 : 000000000000;
	15776 : 000000000000;
	15777 : 000000000000;
	15778 : 000000000000;
	15779 : 000000000000;
	15780 : 000000000000;
	15781 : 000000000000;
	15782 : 000000000000;
	15783 : 000000000000;
	15784 : 000000000000;
	15785 : 000000000000;
	15786 : 000000000000;
	15787 : 000000000000;
	15788 : 000000000000;
	15789 : 000000000000;
	15790 : 000000000000;
	15791 : 000000000000;
	15792 : 000000000000;
	15793 : 000000000000;
	15794 : 000000000000;
	15795 : 000000000000;
	15796 : 000000000000;
	15797 : 000000000000;
	15798 : 000000000000;
	15799 : 000000000000;
	15800 : 000000000000;
	15801 : 000000000000;
	15802 : 000000000000;
	15803 : 000000000000;
	15804 : 000000000000;
	15805 : 000000000000;
	15806 : 000000000000;
	15807 : 000000000000;
	15808 : 000000000000;
	15809 : 000000000000;
	15810 : 000000000000;
	15811 : 000000000000;
	15812 : 000000000000;
	15813 : 000000000000;
	15814 : 000000000000;
	15815 : 000000000000;
	15816 : 000000000000;
	15817 : 000000000000;
	15818 : 000000000000;
	15819 : 000000000000;
	15820 : 000000000000;
	15821 : 000000000000;
	15822 : 000000000000;
	15823 : 000000000000;
	15824 : 000000000000;
	15825 : 000000000000;
	15826 : 000000000000;
	15827 : 000000000000;
	15828 : 000000000000;
	15829 : 000000000000;
	15830 : 000000000000;
	15831 : 000000000000;
	15832 : 000000000000;
	15833 : 000000000000;
	15834 : 000000000000;
	15835 : 000000000000;
	15836 : 000000000000;
	15837 : 000000000000;
	15838 : 000000000000;
	15839 : 000000000000;
	15840 : 000000000000;
	15841 : 000000000000;
	15842 : 000000000000;
	15843 : 000000000000;
	15844 : 000000000000;
	15845 : 000000000000;
	15846 : 000000000000;
	15847 : 000000000000;
	15848 : 000000000000;
	15849 : 000000000000;
	15850 : 000000000000;
	15851 : 000000000000;
	15852 : 000000000000;
	15853 : 000000000000;
	15854 : 000000000000;
	15855 : 000000000000;
	15856 : 000000000000;
	15857 : 000000000000;
	15858 : 000000000000;
	15859 : 000000000000;
	15860 : 000000000000;
	15861 : 000000000000;
	15862 : 000000000000;
	15863 : 000000000000;
	15864 : 000000000000;
	15865 : 000000000000;
	15866 : 000000000000;
	15867 : 000000000000;
	15868 : 000000000000;
	15869 : 000000000000;
	15870 : 000000000000;
	15871 : 000000000000;
	15872 : 000000000000;
	15873 : 000000000000;
	15874 : 000000000000;
	15875 : 000000000000;
	15876 : 000000000000;
	15877 : 000000000000;
	15878 : 000000000000;
	15879 : 000000000000;
	15880 : 000000000000;
	15881 : 000000000000;
	15882 : 000000000000;
	15883 : 000000000000;
	15884 : 000000000000;
	15885 : 000000000000;
	15886 : 000000000000;
	15887 : 000000000000;
	15888 : 000000000000;
	15889 : 000000000000;
	15890 : 000000000000;
	15891 : 000000000000;
	15892 : 000000000000;
	15893 : 000000000000;
	15894 : 000000000000;
	15895 : 000000000000;
	15896 : 000000000000;
	15897 : 000000000000;
	15898 : 000000000000;
	15899 : 000000000000;
	15900 : 000000000000;
	15901 : 000000000000;
	15902 : 000000000000;
	15903 : 000000000000;
	15904 : 000000000000;
	15905 : 000000000000;
	15906 : 000000000000;
	15907 : 000000000000;
	15908 : 000000000000;
	15909 : 000000000000;
	15910 : 000000000000;
	15911 : 000000000000;
	15912 : 000000000000;
	15913 : 000000000000;
	15914 : 000000000000;
	15915 : 000000000000;
	15916 : 000000000000;
	15917 : 000000000000;
	15918 : 000000000000;
	15919 : 000000000000;
	15920 : 000000000000;
	15921 : 000000000000;
	15922 : 000000000000;
	15923 : 000000000000;
	15924 : 000000000000;
	15925 : 000000000000;
	15926 : 000000000000;
	15927 : 000000000000;
	15928 : 000000000000;
	15929 : 000000000000;
	15930 : 000000000000;
	15931 : 000000000000;
	15932 : 000000000000;
	15933 : 000000000000;
	15934 : 000000000000;
	15935 : 000000000000;
	15936 : 000000000000;
	15937 : 000000000000;
	15938 : 000000000000;
	15939 : 000000000000;
	15940 : 000000000000;
	15941 : 000000000000;
	15942 : 000000000000;
	15943 : 000000000000;
	15944 : 000000000000;
	15945 : 000000000000;
	15946 : 000000000000;
	15947 : 000000000000;
	15948 : 000000000000;
	15949 : 000000000000;
	15950 : 000000000000;
	15951 : 000000000000;
	15952 : 000000000000;
	15953 : 000000000000;
	15954 : 000000000000;
	15955 : 000000000000;
	15956 : 000000000000;
	15957 : 000000000000;
	15958 : 000000000000;
	15959 : 000000000000;
	15960 : 000000000000;
	15961 : 000000000000;
	15962 : 000000000000;
	15963 : 000000000000;
	15964 : 000000000000;
	15965 : 000000000000;
	15966 : 000000000000;
	15967 : 000000000000;
	15968 : 000000000000;
	15969 : 000000000000;
	15970 : 000000000000;
	15971 : 000000000000;
	15972 : 000000000000;
	15973 : 000000000000;
	15974 : 000000000000;
	15975 : 000000000000;
	15976 : 000000000000;
	15977 : 000000000000;
	15978 : 000000000000;
	15979 : 000000000000;
	15980 : 000000000000;
	15981 : 000000000000;
	15982 : 000000000000;
	15983 : 000000000000;
	15984 : 000000000000;
	15985 : 000000000000;
	15986 : 000000000000;
	15987 : 000000000000;
	15988 : 000000000000;
	15989 : 000000000000;
	15990 : 000000000000;
	15991 : 000000000000;
	15992 : 000000000000;
	15993 : 000000000000;
	15994 : 000000000000;
	15995 : 000000000000;
	15996 : 000000000000;
	15997 : 000000000000;
	15998 : 000000000000;
	15999 : 000000000000;
	16000 : 000000000000;
	16001 : 000000000000;
	16002 : 000000000000;
	16003 : 000000000000;
	16004 : 000000000000;
	16005 : 000000000000;
	16006 : 000000000000;
	16007 : 000000000000;
	16008 : 000000000000;
	16009 : 000000000000;
	16010 : 000000000000;
	16011 : 000000000000;
	16012 : 000000000000;
	16013 : 000000000000;
	16014 : 000000000000;
	16015 : 000000000000;
	16016 : 000000000000;
	16017 : 000000000000;
	16018 : 000000000000;
	16019 : 000000000000;
	16020 : 000000000000;
	16021 : 000000000000;
	16022 : 000000000000;
	16023 : 000000000000;
	16024 : 000000000000;
	16025 : 000000000000;
	16026 : 000000000000;
	16027 : 000000000000;
	16028 : 000000000000;
	16029 : 000000000000;
	16030 : 000000000000;
	16031 : 000000000000;
	16032 : 000000000000;
	16033 : 000000000000;
	16034 : 000000000000;
	16035 : 000000000000;
	16036 : 000000000000;
	16037 : 000000000000;
	16038 : 000000000000;
	16039 : 000000000000;
	16040 : 000000000000;
	16041 : 000000000000;
	16042 : 000000000000;
	16043 : 000000000000;
	16044 : 000000000000;
	16045 : 000000000000;
	16046 : 000000000000;
	16047 : 000000000000;
	16048 : 000000000000;
	16049 : 000000000000;
	16050 : 000000000000;
	16051 : 000000000000;
	16052 : 000000000000;
	16053 : 000000000000;
	16054 : 000000000000;
	16055 : 000000000000;
	16056 : 000000000000;
	16057 : 000000000000;
	16058 : 000000000000;
	16059 : 000000000000;
	16060 : 000000000000;
	16061 : 000000000000;
	16062 : 000000000000;
	16063 : 000000000000;
	16064 : 000000000000;
	16065 : 000000000000;
	16066 : 000000000000;
	16067 : 000000000000;
	16068 : 000000000000;
	16069 : 000000000000;
	16070 : 000000000000;
	16071 : 000000000000;
	16072 : 000000000000;
	16073 : 000000000000;
	16074 : 000000000000;
	16075 : 000000000000;
	16076 : 000000000000;
	16077 : 000000000000;
	16078 : 000000000000;
	16079 : 000000000000;
	16080 : 000000000000;
	16081 : 000000000000;
	16082 : 000000000000;
	16083 : 000000000000;
	16084 : 000000000000;
	16085 : 000000000000;
	16086 : 000000000000;
	16087 : 000000000000;
	16088 : 000000000000;
	16089 : 000000000000;
	16090 : 000000000000;
	16091 : 000000000000;
	16092 : 000000000000;
	16093 : 000000000000;
	16094 : 000000000000;
	16095 : 000000000000;
	16096 : 000000000000;
	16097 : 000000000000;
	16098 : 000000000000;
	16099 : 000000000000;
	16100 : 000000000000;
	16101 : 000000000000;
	16102 : 000000000000;
	16103 : 000000000000;
	16104 : 000000000000;
	16105 : 000000000000;
	16106 : 000000000000;
	16107 : 000000000000;
	16108 : 000000000000;
	16109 : 000000000000;
	16110 : 000000000000;
	16111 : 000000000000;
	16112 : 000000000000;
	16113 : 000000000000;
	16114 : 000000000000;
	16115 : 000000000000;
	16116 : 000000000000;
	16117 : 000000000000;
	16118 : 000000000000;
	16119 : 000000000000;
	16120 : 000000000000;
	16121 : 000000000000;
	16122 : 000000000000;
	16123 : 000000000000;
	16124 : 000000000000;
	16125 : 000000000000;
	16126 : 000000000000;
	16127 : 000000000000;
	16128 : 000000000000;
	16129 : 000000000000;
	16130 : 000000000000;
	16131 : 000000000000;
	16132 : 000000000000;
	16133 : 000000000000;
	16134 : 000000000000;
	16135 : 000000000000;
	16136 : 000000000000;
	16137 : 000000000000;
	16138 : 000000000000;
	16139 : 000000000000;
	16140 : 000000000000;
	16141 : 000000000000;
	16142 : 000000000000;
	16143 : 000000000000;
	16144 : 000000000000;
	16145 : 000000000000;
	16146 : 000000000000;
	16147 : 000000000000;
	16148 : 000000000000;
	16149 : 000000000000;
	16150 : 000000000000;
	16151 : 000000000000;
	16152 : 000000000000;
	16153 : 000000000000;
	16154 : 000000000000;
	16155 : 000000000000;
	16156 : 000000000000;
	16157 : 000000000000;
	16158 : 000000000000;
	16159 : 000000000000;
	16160 : 000000000000;
	16161 : 000000000000;
	16162 : 000000000000;
	16163 : 000000000000;
	16164 : 000000000000;
	16165 : 000000000000;
	16166 : 000000000000;
	16167 : 000000000000;
	16168 : 000000000000;
	16169 : 000000000000;
	16170 : 000000000000;
	16171 : 000000000000;
	16172 : 000000000000;
	16173 : 000000000000;
	16174 : 000000000000;
	16175 : 000000000000;
	16176 : 000000000000;
	16177 : 000000000000;
	16178 : 000000000000;
	16179 : 000000000000;
	16180 : 000000000000;
	16181 : 000000000000;
	16182 : 000000000000;
	16183 : 000000000000;
	16184 : 000000000000;
	16185 : 000000000000;
	16186 : 000000000000;
	16187 : 000000000000;
	16188 : 000000000000;
	16189 : 000000000000;
	16190 : 000000000000;
	16191 : 000000000000;
	16192 : 000000000000;
	16193 : 000000000000;
	16194 : 000000000000;
	16195 : 000000000000;
	16196 : 000000000000;
	16197 : 000000000000;
	16198 : 000000000000;
	16199 : 000000000000;
	16200 : 000000000000;
	16201 : 000000000000;
	16202 : 000000000000;
	16203 : 000000000000;
	16204 : 000000000000;
	16205 : 000000000000;
	16206 : 000000000000;
	16207 : 000000000000;
	16208 : 000000000000;
	16209 : 000000000000;
	16210 : 000000000000;
	16211 : 000000000000;
	16212 : 000000000000;
	16213 : 000000000000;
	16214 : 000000000000;
	16215 : 000000000000;
	16216 : 000000000000;
	16217 : 000000000000;
	16218 : 000000000000;
	16219 : 000000000000;
	16220 : 000000000000;
	16221 : 000000000000;
	16222 : 000000000000;
	16223 : 000000000000;
	16224 : 000000000000;
	16225 : 000000000000;
	16226 : 000000000000;
	16227 : 000000000000;
	16228 : 000000000000;
	16229 : 000000000000;
	16230 : 000000000000;
	16231 : 000000000000;
	16232 : 000000000000;
	16233 : 000000000000;
	16234 : 000000000000;
	16235 : 000000000000;
	16236 : 000000000000;
	16237 : 000000000000;
	16238 : 000000000000;
	16239 : 000000000000;
	16240 : 000000000000;
	16241 : 000000000000;
	16242 : 000000000000;
	16243 : 000000000000;
	16244 : 000000000000;
	16245 : 000000000000;
	16246 : 000000000000;
	16247 : 000000000000;
	16248 : 000000000000;
	16249 : 000000000000;
	16250 : 000000000000;
	16251 : 000000000000;
	16252 : 000000000000;
	16253 : 000000000000;
	16254 : 000000000000;
	16255 : 000000000000;
	16256 : 000000000000;
	16257 : 000000000000;
	16258 : 000000000000;
	16259 : 000000000000;
	16260 : 000000000000;
	16261 : 000000000000;
	16262 : 000000000000;
	16263 : 000000000000;
	16264 : 000000000000;
	16265 : 000000000000;
	16266 : 000000000000;
	16267 : 000000000000;
	16268 : 000000000000;
	16269 : 000000000000;
	16270 : 000000000000;
	16271 : 000000000000;
	16272 : 000000000000;
	16273 : 000000000000;
	16274 : 000000000000;
	16275 : 000000000000;
	16276 : 000000000000;
	16277 : 000000000000;
	16278 : 000000000000;
	16279 : 000000000000;
	16280 : 000000000000;
	16281 : 000000000000;
	16282 : 000000000000;
	16283 : 000000000000;
	16284 : 000000000000;
	16285 : 000000000000;
	16286 : 000000000000;
	16287 : 000000000000;
	16288 : 000000000000;
	16289 : 000000000000;
	16290 : 000000000000;
	16291 : 000000000000;
	16292 : 000000000000;
	16293 : 000000000000;
	16294 : 000000000000;
	16295 : 000000000000;
	16296 : 000000000000;
	16297 : 000000000000;
	16298 : 000000000000;
	16299 : 000000000000;
	16300 : 000000000000;
	16301 : 000000000000;
	16302 : 000000000000;
	16303 : 000000000000;
	16304 : 000000000000;
	16305 : 000000000000;
	16306 : 000000000000;
	16307 : 000000000000;
	16308 : 000000000000;
	16309 : 000000000000;
	16310 : 000000000000;
	16311 : 000000000000;
	16312 : 000000000000;
	16313 : 000000000000;
	16314 : 000000000000;
	16315 : 000000000000;
	16316 : 000000000000;
	16317 : 000000000000;
	16318 : 000000000000;
	16319 : 000000000000;
	16320 : 000000000000;
	16321 : 000000000000;
	16322 : 000000000000;
	16323 : 000000000000;
	16324 : 000000000000;
	16325 : 000000000000;
	16326 : 000000000000;
	16327 : 000000000000;
	16328 : 000000000000;
	16329 : 000000000000;
	16330 : 000000000000;
	16331 : 000000000000;
	16332 : 000000000000;
	16333 : 000000000000;
	16334 : 000000000000;
	16335 : 000000000000;
	16336 : 000000000000;
	16337 : 000000000000;
	16338 : 000000000000;
	16339 : 000000000000;
	16340 : 000000000000;
	16341 : 000000000000;
	16342 : 000000000000;
	16343 : 000000000000;
	16344 : 000000000000;
	16345 : 000000000000;
	16346 : 000000000000;
	16347 : 000000000000;
	16348 : 000000000000;
	16349 : 000000000000;
	16350 : 000000000000;
	16351 : 000000000000;
	16352 : 000000000000;
	16353 : 000000000000;
	16354 : 000000000000;
	16355 : 000000000000;
	16356 : 000000000000;
	16357 : 000000000000;
	16358 : 000000000000;
	16359 : 000000000000;
	16360 : 000000000000;
	16361 : 000000000000;
	16362 : 000000000000;
	16363 : 000000000000;
	16364 : 000000000000;
	16365 : 000000000000;
	16366 : 000000000000;
	16367 : 000000000000;
	16368 : 000000000000;
	16369 : 000000000000;
	16370 : 000000000000;
	16371 : 000000000000;
	16372 : 000000000000;
	16373 : 000000000000;
	16374 : 000000000000;
	16375 : 000000000000;
	16376 : 000000000000;
	16377 : 000000000000;
	16378 : 000000000000;
	16379 : 000000000000;
	16380 : 000000000000;
	16381 : 000000000000;
	16382 : 000000000000;
	16383 : 000000000000;
END;
